step,bf16|advantage/_max,bf16|advantage/_mean,bf16|advantage/_min,bf16|advantage/_std,bf16|advantage/_sum,bf16|bit_wise/logprob_diff/max,bf16|bit_wise/logprob_diff/mean,bf16|bit_wise/ratio_tokens_different/mean,bf16|generator/decode_time_ms/max,bf16|generator/decode_time_ms/mean,bf16|generator/inflight_requests_at_completion/max,bf16|generator/inflight_requests_at_completion/mean,bf16|generator/inter_token_latency_ms/max,bf16|generator/inter_token_latency_ms/mean,bf16|generator/num_cached_tokens/max,bf16|generator/num_cached_tokens/mean,bf16|generator/prefill_time_ms/max,bf16|generator/prefill_time_ms/mean,bf16|generator/queue_time_ms/max,bf16|generator/queue_time_ms/mean,bf16|generator/time_to_first_token_ms/max,bf16|generator/time_to_first_token_ms/mean,bf16|loss/generator_logprob_nan_frac,bf16|loss/mean,bf16|loss/ratio_clipped_frac,bf16|loss/ratio_mean,bf16|perf/trainer/step_time_ratio/batch,bf16|perf/trainer/step_time_ratio/blocking_generator_pull_model_state_dict,bf16|perf/trainer/step_time_ratio/blocking_trainer_push_model_state_dict,bf16|perf/trainer/step_time_ratio/fwd_bwd,bf16|perf/trainer/step_time_ratio/unaccounted,bf16|perf/trainer/tokens_per_second_full_step,bf16|perf/trainer/tokens_per_second_fwd_bwd,bf16|rollout/branches_per_rollout/max,bf16|rollout/branches_per_rollout/mean,bf16|rollout/max_policy_version/max,bf16|rollout/min_policy_version/min,bf16|rollout/num_turns/max,bf16|rollout/num_turns/mean,bf16|rollout/output_tokens/max,bf16|rollout/output_tokens/mean,bf16|rollout/output_tokens/std,bf16|rollout/prompt_length/max,bf16|rollout/prompt_length/mean,bf16|rollout/response_length/max,bf16|rollout/response_length/mean,bf16|rollout/total_length/max,bf16|rollout/total_length/mean,bf16|rollout/truncation_rate/mean,bf16|rollout_buffer/active_slots_in_use_peak,bf16|rollout_buffer/available_active_slots,bf16|rollout_buffer/num_groups_finalized,bf16|rollout_buffer/num_groups_inflight,bf16|rollout_buffer/num_groups_waiting,bf16|rollout_reward/_max,bf16|rollout_reward/_mean,bf16|rollout_reward/_min,bf16|rollout_reward/_std,bf16|rollout_reward/_sum,bf16|rollout_reward/component/RewardMathVerify/mean,bf16|rollout_reward/group_zero_std_frac/mean,bf16|timing/step/blocking_generator_pull_model_state_dict/mean,bf16|timing/step/blocking_trainer_push_model_state_dict/mean,bf16|timing/step/forward_backward/mean,bf16|timing/step/optim/mean,bf16|timing/step/total/mean,bf16|timing/step/wait_for_training_batch/mean,bf16|timing/weight_sync/generator_pull_model_state_dict,bf16|timing/weight_sync/trainer_push_model_state_dict,bf16|train_batch/num_metric_only_groups,bf16|train_batch/num_microbatches,bf16|train_batch/num_rollout_groups,bf16|train_batch/num_training_samples,bf16|train_batch/padding_frac,bf16|train_batch/policy_age/mean,bf16|train_batch/policy_age_max,bf16|trainer/entropy/mean,bf16|trainer/grad_norm/mean,bf16|trainer/lr,bf16|trainer/policy_version,bf16|training_sample_builder/num_training_samples/sum,nvfp4|advantage/_max,nvfp4|advantage/_mean,nvfp4|advantage/_min,nvfp4|advantage/_std,nvfp4|advantage/_sum,nvfp4|bit_wise/logprob_diff/max,nvfp4|bit_wise/logprob_diff/mean,nvfp4|bit_wise/ratio_tokens_different/mean,nvfp4|generator/decode_time_ms/max,nvfp4|generator/decode_time_ms/mean,nvfp4|generator/inflight_requests_at_completion/max,nvfp4|generator/inflight_requests_at_completion/mean,nvfp4|generator/inter_token_latency_ms/max,nvfp4|generator/inter_token_latency_ms/mean,nvfp4|generator/num_cached_tokens/max,nvfp4|generator/num_cached_tokens/mean,nvfp4|generator/prefill_time_ms/max,nvfp4|generator/prefill_time_ms/mean,nvfp4|generator/queue_time_ms/max,nvfp4|generator/queue_time_ms/mean,nvfp4|generator/time_to_first_token_ms/max,nvfp4|generator/time_to_first_token_ms/mean,nvfp4|loss/generator_logprob_nan_frac,nvfp4|loss/mean,nvfp4|loss/ratio_clipped_frac,nvfp4|loss/ratio_mean,nvfp4|perf/trainer/step_time_ratio/batch,nvfp4|perf/trainer/step_time_ratio/blocking_generator_pull_model_state_dict,nvfp4|perf/trainer/step_time_ratio/blocking_trainer_push_model_state_dict,nvfp4|perf/trainer/step_time_ratio/fwd_bwd,nvfp4|perf/trainer/step_time_ratio/unaccounted,nvfp4|perf/trainer/tokens_per_second_full_step,nvfp4|perf/trainer/tokens_per_second_fwd_bwd,nvfp4|rollout/branches_per_rollout/max,nvfp4|rollout/branches_per_rollout/mean,nvfp4|rollout/max_policy_version/max,nvfp4|rollout/min_policy_version/min,nvfp4|rollout/num_turns/max,nvfp4|rollout/num_turns/mean,nvfp4|rollout/output_tokens/max,nvfp4|rollout/output_tokens/mean,nvfp4|rollout/output_tokens/std,nvfp4|rollout/prompt_length/max,nvfp4|rollout/prompt_length/mean,nvfp4|rollout/response_length/max,nvfp4|rollout/response_length/mean,nvfp4|rollout/total_length/max,nvfp4|rollout/total_length/mean,nvfp4|rollout/truncation_rate/mean,nvfp4|rollout_buffer/active_slots_in_use_peak,nvfp4|rollout_buffer/available_active_slots,nvfp4|rollout_buffer/num_groups_finalized,nvfp4|rollout_buffer/num_groups_inflight,nvfp4|rollout_buffer/num_groups_waiting,nvfp4|rollout_reward/_max,nvfp4|rollout_reward/_mean,nvfp4|rollout_reward/_min,nvfp4|rollout_reward/_std,nvfp4|rollout_reward/_sum,nvfp4|rollout_reward/component/RewardMathVerify/mean,nvfp4|rollout_reward/group_zero_std_frac/mean,nvfp4|timing/step/blocking_generator_pull_model_state_dict/mean,nvfp4|timing/step/blocking_trainer_push_model_state_dict/mean,nvfp4|timing/step/forward_backward/mean,nvfp4|timing/step/optim/mean,nvfp4|timing/step/total/mean,nvfp4|timing/step/wait_for_training_batch/mean,nvfp4|timing/weight_sync/generator_pull_model_state_dict,nvfp4|timing/weight_sync/trainer_push_model_state_dict,nvfp4|train_batch/num_metric_only_groups,nvfp4|train_batch/num_microbatches,nvfp4|train_batch/num_rollout_groups,nvfp4|train_batch/num_training_samples,nvfp4|train_batch/padding_frac,nvfp4|train_batch/policy_age/mean,nvfp4|train_batch/policy_age_max,nvfp4|trainer/entropy/mean,nvfp4|trainer/grad_norm/mean,nvfp4|trainer/lr,nvfp4|trainer/policy_version,nvfp4|training_sample_builder/num_training_samples/sum
1,2.6457433700561523,0.0,-0.9999979734420776,0.4999987483024597,0.0,1.7786030769348145,-0.0007431612466461957,0.44777023792266846,336343.34375,184866.90625,64.0,32.5,178.27447509765625,167.36585998535156,192.0,122.5,8479.556640625,2051.0205078125,24.5916805267334,2.195295810699463,8576.037109375,2056.938232421875,0.0,-0.0007024509832262993,0.003567047882825136,0.999744176864624,0.9302486777305603,3.366777789892694e-08,3.707480900061455e-08,0.06974882632493973,2.39968585447059e-06,179.81321716308594,2578.010498046875,1.0,1.0,0.0,0.0,1.0,1.0,2048.0,1108.234375,451.5241394042969,207.0,166.125,2048.0,1108.234375,2189.0,1274.359375,0.046875,8.0,0.0,0.0,0.0,0.0,1.0,0.078125,0.0,0.2683681845664978,5.0,0.078125,0.75,1.3280194252729416e-05,1.4624092727899551e-05,23.59380340576172,3.9184975624084473,394.4482116699219,366.9349365234375,0.0,0.0,0.0,12.0,8.0,64.0,0.170989990234375,0.0,0.0,0.21169468760490417,0.10888671875,4.999999987376214e-07,1.0,64.0,1.7320468425750732,-6.938893903907228e-18,-0.5773489475250244,0.35355257987976074,-4.440892098500626e-16,2.271303653717041,-0.002255505183711648,0.48814627528190613,562533.5625,322976.375,64.0,32.5,289.4060974121094,281.7038269042969,192.0,122.5,8528.744140625,2227.77490234375,23.055471420288086,2.241652250289917,8631.771484375,2234.06298828125,0.0,0.002282780595123768,0.01793273165822029,0.9995440244674683,0.9367817640304565,2.108290608759944e-08,2.323630532430343e-08,0.06321579962968826,2.367123215663014e-06,115.71614074707031,1830.4940185546875,1.0,1.0,0.0,0.0,1.0,1.0,2048.0,1155.359375,513.788818359375,207.0,166.125,2048.0,1155.359375,2239.0,1321.484375,0.078125,8.0,0.0,0.0,0.0,0.0,1.0,0.03125,0.0,0.17399263381958008,2.0,0.03125,0.875,1.3472046703100204e-05,1.4848075807094574e-05,36.701698303222656,3.693406343460083,639.0032958984375,598.606689453125,0.0,0.0,0.0,13.0,8.0,64.0,0.20643967390060425,0.0,0.0,0.21488668024539948,0.0673828125,4.999999987376214e-07,1.0,64.0
2,2.6457433700561523,-6.938893903907228e-18,-0.5773489475250244,0.49999865889549255,-4.440892098500626e-16,0.9588261246681213,-0.000712198787368834,0.5926588177680969,333244.0625,282647.40625,64.0,32.5,164.120849609375,162.77694702148438,288.0,130.0,339.8573913574219,332.6704406738281,1.556823968887329,0.7883047461509705,341.27520751953125,334.11151123046875,0.0,0.0190010666847229,0.003991513513028622,0.9998528361320496,0.9252119660377502,2.5040305828838427e-08,4.5880323540359313e-08,0.07478581368923187,2.164081251976313e-06,292.0971374511719,3905.782958984375,1.0,1.0,1.0,1.0,1.0,1.0,2048.0,1738.0625,469.3322448730469,301.0,171.625,2048.0,1738.0625,2349.0,1909.6875,0.546875,8.0,0.0,0.0,0.0,0.0,1.0,0.046875,0.0,0.21137107908725739,3.0,0.046875,0.75,9.535811841487885e-06,1.7472077161073685e-05,28.41575050354004,0.06407129764556885,380.8185119628906,352.33782958984375,3.3667190074920654,0.37518081068992615,0.0,24.0,8.0,64.0,0.3786824643611908,0.0,0.0,0.33986735343933105,0.09765625,9.999999974752427e-07,2.0,64.0,2.6457433700561523,0.0,-0.3779633343219757,0.35355231165885925,0.0,3.9201319217681885,-0.003038534428924322,0.64714515209198,572122.875,486564.1875,64.0,32.5,279.49334716796875,278.41796875,288.0,130.0,556.0760498046875,535.5327758789062,1.5153499841690063,0.9327085614204407,557.557373046875,537.1923217773438,0.0,0.018764983862638474,0.022883480414748192,0.9991514086723328,0.9284385442733765,1.787551440202151e-08,2.9479705787593957e-08,0.0715598315000534,1.5731303619759274e-06,172.42799377441406,2409.564208984375,1.0,1.0,1.0,1.0,1.0,1.0,2048.0,1745.9375,497.6810607910156,301.0,171.625,2048.0,1745.9375,2349.0,1917.5625,0.640625,8.0,0.0,0.0,0.0,0.0,1.0,0.015625,0.0,0.12401959300041199,1.0,0.015625,0.875,1.1584023013710976e-05,1.9103987142443657e-05,46.31102752685547,0.0625060424208641,648.03857421875,601.6640014648438,3.0267515182495117,0.34744834899902344,0.0,23.0,8.0,64.0,0.348993718624115,0.0,0.0,0.3509359359741211,0.044921875,9.999999974752427e-07,2.0,64.0
3,2.6457433700561523,0.0,-0.3779633343219757,0.35355231165885925,0.0,0.5267826318740845,-0.0007716090767644346,0.6541464924812317,334351.3125,211244.34375,64.0,32.5,165.31295776367188,163.89500427246094,160.0,106.0,342.73736572265625,334.879150390625,1.1558330059051514,0.760465145111084,343.6653747558594,336.2602844238281,0.0,0.003723578527569771,0.0037354931700974703,0.9998418092727661,0.9457237124443054,2.0286298862970398e-08,2.7883141129336764e-08,0.0542740672826767,2.1668295175913954e-06,223.15036010742188,4111.54638671875,1.0,1.0,2.0,2.0,1.0,1.0,2048.0,1292.5,645.6157836914062,168.0,139.375,2048.0,1292.5,2216.0,1431.875,0.359375,8.0,0.0,0.0,0.0,0.0,1.0,0.015625,0.0,0.12401959300041199,1.0,0.015625,0.875,7.519964128732681e-06,1.0336050763726234e-05,20.057048797607422,0.06190098077058792,370.6917724609375,350.5719909667969,3.0378565788269043,0.3483695387840271,0.0,17.0,8.0,64.0,0.3424287736415863,0.0,0.0,0.4055071473121643,0.05615234375,9.999999974752427e-07,3.0,64.0,0.0,0.0,0.0,0.0,0.0,3.706354856491089,-0.0030996433924883604,0.6755138039588928,563242.375,358048.0625,64.0,32.5,275.1550598144531,271.3331604003906,160.0,106.0,574.5576782226562,553.9008178710938,1.782228946685791,0.9421523213386536,575.9406127929688,555.5103149414062,0.0,0.0,0.024838656187057495,0.9992436766624451,0.9434221982955933,1.3164760837014455e-08,2.138611066015983e-08,0.056576017290353775,1.7397732108292985e-06,136.5618438720703,2413.776123046875,1.0,1.0,2.0,2.0,1.0,1.0,2048.0,1312.21875,657.4124755859375,168.0,139.375,2048.0,1312.21875,2216.0,1451.59375,0.359375,8.0,0.0,0.0,0.0,0.0,0.0,0.0,0.0,0.0,0.0,0.0,1.0,8.095987141132355e-06,1.3151904568076134e-05,34.73055648803711,0.062230587005615234,614.97412109375,580.1802368164062,3.0048224925994873,0.327654093503952,0.0,17.0,8.0,64.0,0.33336684107780457,0.0,0.0,0.3653351664543152,0.0,9.999999974752427e-07,3.0,64.0
4,2.6457433700561523,-8.673617379884035e-18,-0.7745950818061829,0.6123709082603455,-5.551115123125783e-16,0.7591807842254639,-0.0005680940812453628,0.503609299659729,340000.1875,275942.125,64.0,32.5,167.04556274414062,166.12030029296875,224.0,103.0,350.1290588378906,342.1035461425781,1.4660409688949585,0.8461031317710876,351.7134094238281,343.68511962890625,0.0,0.0051424335688352585,0.002829160075634718,0.9998517036437988,0.9368681311607361,2.2073685101986484e-08,3.298537620821662e-08,0.06312961131334305,2.22303242480848e-06,276.94390869140625,4386.90966796875,1.0,1.0,3.0,3.0,1.0,1.0,2048.0,1662.375,383.9880676269531,226.0,137.25,2048.0,1662.375,2274.0,1799.625,0.375,8.0,0.0,0.0,0.0,0.0,1.0,0.09375,0.0,0.2914806008338928,6.0,0.09375,0.625,8.479924872517586e-06,1.2671807780861855e-05,24.18921661376953,0.0629342794418335,384.1644287109375,359.9114074707031,3.2419931888580322,0.3431377410888672,0.0,21.0,8.0,64.0,0.330868661403656,0.0,0.0,0.24839633703231812,0.1025390625,9.999999974752427e-07,4.0,64.0,2.6457433700561523,-1.734723475976807e-18,-0.7745950818061829,0.6123707890510559,-1.1102230246251565e-16,1.2170758247375488,-0.002106316387653351,0.5555083751678467,549406.75,457546.4375,64.0,32.5,285.2251281738281,271.04034423828125,224.0,103.0,549.63037109375,537.6004638671875,2.097043037414551,0.9506661295890808,550.7385864257812,539.2196655273438,0.0,0.0015968098305165768,0.01747751794755459,0.9994848370552063,0.9183917045593262,1.1151346512860982e-08,2.1637603708768438e-08,0.08160661160945892,1.678148237260757e-06,173.31886291503906,2123.83349609375,1.0,1.0,3.0,3.0,1.0,1.0,2048.0,1694.140625,378.37811279296875,226.0,137.25,2048.0,1694.140625,2274.0,1831.390625,0.4375,8.0,0.0,0.0,0.0,0.0,1.0,0.078125,0.0,0.2683681845664978,5.0,0.078125,0.625,6.976071745157242e-06,1.3536075130105019e-05,50.99041748046875,0.06113564968109131,625.5811157226562,574.5284423828125,3.265387773513794,0.6552637219429016,0.0,21.0,8.0,64.0,0.3190511167049408,0.0,0.0,0.2508476674556732,0.10400390625,9.999999974752427e-07,4.0,64.0
5,2.6457433700561523,1.734723475976807e-18,-1.2909917831420898,0.6123707890510559,1.1102230246251565e-16,0.7273304462432861,-0.0009161566849797964,0.559783935546875,357710.25,241508.609375,64.0,32.5,176.2459259033203,173.7055206298828,208.0,110.5,347.843017578125,342.1922912597656,1.7326310873031616,0.8464915156364441,349.1828308105469,343.6784362792969,0.0,0.001321421004831791,0.0034503755159676075,0.9996339082717896,0.9437026977539062,2.181803360201684e-08,2.954683964162541e-08,0.056295134127140045,2.1425753402581904e-06,223.12637329101562,3963.5107421875,1.0,1.0,4.0,4.0,1.0,1.0,2048.0,1385.71875,672.7051391601562,217.0,144.5,2048.0,1385.71875,2265.0,1530.21875,0.359375,8.0,0.0,0.0,0.0,0.0,1.0,0.109375,0.0,0.3121091425418854,7.0,0.109375,0.625,8.672010153532028e-06,1.1743977665901184e-05,22.313377380371094,0.062239598482847214,397.4698181152344,375.0933532714844,3.2238168716430664,0.3494164049625397,0.0,19.0,8.0,64.0,0.37120938301086426,0.0,0.0,0.31226322054862976,0.1572265625,9.999999974752427e-07,5.0,64.0,1.2909917831420898,-1.734723475976807e-18,-0.7745950818061829,0.3535526692867279,-1.1102230246251565e-16,1.963329792022705,-0.002936482895165682,0.6144871711730957,552965.4375,374032.09375,64.0,32.5,285.2335510253906,273.8172912597656,208.0,110.5,539.7876586914062,532.2230834960938,1.7847570180892944,0.9948695302009583,541.3765869140625,533.9749145507812,0.0,-0.0024009631015360355,0.021603286266326904,0.9991282820701599,0.9397183656692505,1.0885157664120015e-08,5.8437805705580104e-08,0.06028003245592117,1.5181714161371929e-06,142.9967041015625,2372.206787109375,1.0,1.0,4.0,4.0,1.0,1.0,2048.0,1372.765625,678.3369140625,217.0,144.5,2048.0,1372.765625,2265.0,1517.265625,0.34375,8.0,0.0,0.0,0.0,0.0,1.0,0.046875,0.0,0.21137107908725739,3.0,0.046875,0.875,6.687827408313751e-06,3.5904115065932274e-05,36.974754333496094,0.061225857585668564,614.3987426757812,577.36181640625,3.2180967330932617,0.32907605171203613,0.0,18.0,8.0,64.0,0.3418985903263092,0.0,0.0,0.32407522201538086,0.06982421875,9.999999974752427e-07,5.0,64.0
6,2.6457433700561523,-1.214306433183765e-17,-1.2909917831420898,0.7905673980712891,-7.771561172376096e-16,1.0842726230621338,-0.0004702501173596829,0.41790226101875305,371408.46875,279492.53125,64.0,32.5,185.04981994628906,180.35072326660156,320.0,125.5,377.91851806640625,346.7252197265625,2.371124029159546,0.9922802448272705,379.34136962890625,348.3782958984375,0.0,0.005606199149042368,0.002586154267191887,0.999904990196228,0.9459341764450073,2.421761635673647e-08,2.777667873488099e-08,0.05406370759010315,2.0536253941827454e-06,238.4112548828125,4409.82080078125,1.0,1.0,5.0,5.0,1.0,1.0,2048.0,1540.65625,561.2280883789062,321.0,163.75,2048.0,1540.65625,2210.0,1704.40625,0.265625,8.0,0.0,0.0,0.0,0.0,1.0,0.171875,0.0,0.37727177143096924,11.0,0.171875,0.375,1.0015908628702164e-05,1.1487863957881927e-05,22.297182083129883,0.06245668604969978,413.5794677734375,391.21893310546875,3.14544939994812,0.34804514050483704,0.0,19.0,8.0,64.0,0.2995862364768982,0.0,0.0,0.1926695704460144,0.1650390625,9.999999974752427e-07,6.0,64.0,2.6457433700561523,-1.214306433183765e-17,-1.2909917831420898,0.7071050405502319,-7.771561172376096e-16,3.766211748123169,-0.002746844431385398,0.47292423248291016,530021.0,386585.53125,64.0,32.5,259.8959045410156,258.91180419921875,320.0,125.5,546.7822265625,531.6097412109375,1.5753819942474365,0.9152897000312805,548.6163940429688,533.3108520507812,0.0,0.040887996554374695,0.018392078578472137,0.9989974498748779,0.9341285228729248,1.1287468737464224e-08,2.376697771921954e-08,0.06586967408657074,1.7474516198490164e-06,162.18954467773438,2462.279296875,1.0,1.0,5.0,5.0,1.0,1.0,2048.0,1494.359375,583.9766845703125,321.0,163.75,2048.0,1494.359375,2234.0,1658.109375,0.328125,8.0,0.0,0.0,0.0,0.0,1.0,0.15625,0.0,0.36309218406677246,10.0,0.15625,0.5,6.655929610133171e-06,1.4014774933457375e-05,38.781673431396484,0.0599774494767189,589.6742553710938,550.83154296875,3.279106855392456,0.3368168771266937,0.0,19.0,8.0,64.0,0.31862279772758484,0.0,0.0,0.20664261281490326,0.12451171875,9.999999974752427e-07,6.0,64.0
7,0.0,0.0,0.0,0.0,0.0,1.3761296272277832,-0.0006106961518526077,0.5121626853942871,343140.375,257345.5,64.0,32.5,167.63087463378906,167.0987091064453,208.0,119.5,349.9566955566406,331.8778381347656,1.451063871383667,0.8321532607078552,351.2420654296875,333.4384460449219,0.0,0.0,0.003512761788442731,0.999904215335846,0.93829345703125,2.2332780957867726e-08,2.7212905706619495e-08,0.06170434132218361,2.1443995592562715e-06,254.59556579589844,4126.0556640625,1.0,1.0,6.0,6.0,1.0,1.0,2048.0,1539.03125,531.8273315429688,210.0,159.125,2048.0,1539.03125,2258.0,1698.15625,0.375,8.0,0.0,0.0,0.0,0.0,0.0,0.0,0.0,0.0,0.0,0.0,1.0,8.640112355351448e-06,1.0528136044740677e-05,23.81105613708496,0.06113612651824951,386.8802490234375,363.0072326660156,3.1751134395599365,0.3503122329711914,0.0,20.0,8.0,64.0,0.33704835176467896,0.0,0.0,0.2540273666381836,0.0,9.999999974752427e-07,7.0,64.0,2.6457433700561523,-6.938893903907228e-18,-0.5773489475250244,0.49999865889549255,-4.440892098500626e-16,6.363680839538574,-0.002690436551347375,0.541552722454071,564315.5625,426390.3125,64.0,32.5,277.292236328125,275.80828857421875,208.0,119.5,565.0956420898438,558.3328247070312,1.7777479887008667,0.918086588382721,566.65087890625,559.94091796875,0.0,0.006866037845611572,0.021520789712667465,0.999721348285675,0.9332312345504761,1.287131645710815e-08,2.325973547101512e-08,0.06676708161830902,1.6642144373690826e-06,156.88247680664062,2349.697998046875,1.0,1.0,6.0,6.0,1.0,1.0,2048.0,1547.921875,488.8542785644531,210.0,159.125,2048.0,1547.921875,2258.0,1707.046875,0.40625,8.0,0.0,0.0,0.0,0.0,1.0,0.046875,0.0,0.21137107908725739,3.0,0.046875,0.75,8.127884939312935e-06,1.4687888324260712e-05,42.10380935668945,0.05777909234166145,631.4727172851562,589.31005859375,3.3086295127868652,0.32853519916534424,0.0,20.0,8.0,64.0,0.33357542753219604,0.0,0.0,0.2510891258716583,0.1513671875,9.999999974752427e-07,7.0,64.0
8,2.6457433700561523,-8.673617379884035e-18,-0.7745950818061829,0.7071049213409424,-5.551115123125783e-16,1.2843501567840576,-0.0011688212398439646,0.556056559085846,347272.59375,206266.609375,64.0,32.5,171.08377075195312,169.5235595703125,224.0,122.5,355.25421142578125,333.7186279296875,1.4622008800506592,0.8111152648925781,356.6443786621094,335.22479248046875,0.0,0.008993641473352909,0.004085250664502382,0.9994179606437683,0.9562832713127136,2.3907627877406412e-08,5.6758032940251724e-08,0.04371439293026924,2.2439103304350283e-06,203.3456268310547,4651.68603515625,1.0,1.0,7.0,7.0,1.0,1.0,2048.0,1216.265625,614.9705810546875,225.0,161.25,2048.0,1216.265625,2223.0,1377.515625,0.234375,8.0,0.0,0.0,0.0,0.0,1.0,0.109375,0.0,0.3121091425418854,7.0,0.109375,0.5,9.151874110102654e-06,2.1727057173848152e-05,16.671457290649414,0.062474966049194336,382.80145263671875,366.0666198730469,2.9126908779144287,0.3547412157058716,0.0,14.0,8.0,64.0,0.2318551242351532,0.0,0.0,0.30668482184410095,0.212890625,9.999999974752427e-07,8.0,64.0,2.6457433700561523,-5.204170427930421e-18,-1.2909917831420898,0.6123709082603455,-3.3306690738754696e-16,2.64189076423645,-0.003203260712325573,0.5983549952507019,530082.3125,319947.09375,64.0,32.5,264.80584716796875,259.9978332519531,224.0,122.5,561.6554565429688,540.7501220703125,1.591670036315918,0.8919142484664917,563.6174926757812,542.4046020507812,0.0,0.03747817501425743,0.023131920024752617,0.9990399479866028,0.9462755918502808,1.6155622617475274e-08,2.7478114006385113e-08,0.05372258648276329,1.8053702888209955e-06,135.71705627441406,2526.257080078125,1.0,1.0,7.0,7.0,1.0,1.0,2048.0,1234.765625,640.9470825195312,225.0,161.25,2048.0,1234.765625,2273.0,1396.015625,0.265625,8.0,0.0,0.0,0.0,0.0,1.0,0.125,0.0,0.33071890473365784,8.0,0.125,0.625,9.407056495547295e-06,1.5999889001250267e-05,31.22113800048828,0.060319650918245316,582.277587890625,550.9950561523438,3.2236881256103516,0.3356357514858246,0.0,15.0,8.0,64.0,0.27342936396598816,0.0,0.0,0.29793646931648254,0.15625,9.999999974752427e-07,8.0,64.0
9,2.6457433700561523,-6.938893903907228e-18,-0.5773489475250244,0.49999865889549255,-4.440892098500626e-16,1.035825252532959,-0.0006875799736008048,0.4497300088405609,345204.28125,227185.609375,64.0,32.5,169.43154907226562,168.63113403320312,192.0,110.5,335.4225158691406,327.58087158203125,1.4909999370574951,0.869049072265625,337.12530517578125,329.1584167480469,0.0,0.0025873538106679916,0.0028970728162676096,0.9997290372848511,0.9451955556869507,2.0985231330428178e-08,2.9197185114071544e-08,0.05480211600661278,2.268298203489394e-06,223.6786651611328,4081.56982421875,1.0,1.0,8.0,8.0,1.0,1.0,2048.0,1348.34375,623.3681640625,200.0,143.125,2048.0,1348.34375,2248.0,1491.46875,0.359375,8.0,0.0,0.0,0.0,0.0,1.0,0.046875,0.0,0.21137107908725739,3.0,0.046875,0.75,8.095987141132355e-06,1.1264113709330559e-05,21.079734802246094,0.06262056529521942,385.7945251464844,364.6512756347656,3.2302985191345215,0.35433709621429443,0.0,18.0,8.0,64.0,0.3530951738357544,0.0,0.0,0.21236495673656464,0.07763671875,9.999999974752427e-07,9.0,64.0,2.6457433700561523,-6.938893903907228e-18,-0.5773489475250244,0.49999865889549255,-4.440892098500626e-16,1.7417689561843872,-0.002014888683333993,0.5018782615661621,542566.0,360070.625,64.0,32.5,265.0542297363281,261.4141845703125,192.0,110.5,539.2172241210938,522.3888549804688,1.6188700199127197,0.8658259510993958,540.4431762695312,523.9613647460938,0.0,-0.013117171823978424,0.016665149480104446,0.9995659589767456,0.9381378889083862,1.4394163194708653e-08,2.5030766792610848e-08,0.0618603378534317,1.7571591115483898e-06,145.2755126953125,2348.443359375,1.0,1.0,8.0,8.0,1.0,1.0,2048.0,1372.625,621.267578125,200.0,143.125,2048.0,1372.625,2248.0,1515.75,0.390625,8.0,0.0,0.0,0.0,0.0,1.0,0.046875,0.0,0.21137107908725739,3.0,0.046875,0.75,8.704140782356262e-06,1.513608731329441e-05,37.347129821777344,0.0597759410738945,604.6993408203125,567.2913208007812,3.2223284244537354,0.32960543036460876,0.0,18.0,8.0,64.0,0.3425564169883728,0.0,0.0,0.2269095480442047,0.0869140625,9.999999974752427e-07,9.0,64.0
10,1.2909917831420898,5.204170427930421e-18,-1.7320468425750732,0.49999889731407166,3.3306690738754696e-16,0.7584611177444458,-0.0006035395781509578,0.5503610372543335,351342.25,271201.78125,64.0,32.5,175.1715850830078,172.30039978027344,240.0,113.5,353.99090576171875,347.541015625,1.5007599592208862,0.8423775434494019,355.4599304199219,349.04864501953125,0.0,0.016447920352220535,0.003090302227064967,0.9998811483383179,0.9378969669342041,2.0285249036078312e-08,3.216486277324293e-08,0.06210090592503548,2.072992629109649e-06,254.9763641357422,4105.83984375,1.0,1.0,9.0,9.0,1.0,1.0,2048.0,1577.515625,530.6986083984375,241.0,151.375,2048.0,1577.515625,2289.0,1728.890625,0.453125,8.0,0.0,0.0,0.0,0.0,1.0,0.140625,0.0,0.34763431549072266,9.0,0.140625,0.75,8.032191544771194e-06,1.2736069038510323e-05,24.528005599975586,0.06160418689250946,395.9621887207031,371.3717346191406,3.3176212310791016,0.3513016700744629,0.0,21.0,8.0,64.0,0.3571835458278656,0.0,0.0,0.29602596163749695,0.10693359375,9.999999974752427e-07,10.0,64.0,1.7320468425750732,-1.3877787807814457e-17,-0.9999979734420776,0.6123710870742798,-8.881784197001252e-16,1.8889083862304688,-0.0031050837133079767,0.572937548160553,543544.6875,423664.5625,64.0,32.5,276.0953369140625,268.9833679199219,240.0,113.5,551.5637817382812,531.3593139648438,1.3749669790267944,0.7877965569496155,552.7017211914062,532.797607421875,0.0,0.05916878953576088,0.019350066781044006,0.998708963394165,0.9286478757858276,1.2296760942831497e-08,1.9819857755010162e-08,0.07135040313005447,1.6921196674957173e-06,164.40286254882812,2304.16162109375,1.0,1.0,9.0,9.0,1.0,1.0,2048.0,1584.296875,528.0430297851562,241.0,151.375,2048.0,1584.296875,2289.0,1735.671875,0.484375,8.0,0.0,0.0,0.0,0.0,1.0,0.125,0.0,0.33071890473365784,8.0,0.125,0.625,7.583992555737495e-06,1.222384162247181e-05,43.944942474365234,0.06021798774600029,616.7471923828125,572.740966796875,3.406383991241455,0.33721923828125,0.0,21.0,8.0,64.0,0.3546607494354248,0.0,0.0,0.27109494805336,0.11474609375,9.999999974752427e-07,10.0,64.0
11,2.6457433700561523,0.0,-0.3779633343219757,0.6123706102371216,0.0,0.5278507471084595,-0.0006421835860237479,0.5350057482719421,340960.75,240819.5,64.0,32.5,166.7694854736328,166.40426635742188,160.0,91.0,348.64263916015625,325.029296875,1.5336880683898926,0.8544744849205017,350.10552978515625,326.579833984375,0.0,0.013544728048145771,0.0032706549391150475,0.9998071193695068,0.9440574645996094,2.5874893339050686e-08,3.1569221903282596e-08,0.055940236896276474,2.2347217054630164e-06,242.42898559570312,4333.7138671875,1.0,1.0,10.0,10.0,1.0,1.0,2048.0,1447.53125,569.2450561523438,176.0,122.75,2048.0,1447.53125,2224.0,1570.28125,0.3125,8.0,0.0,0.0,0.0,0.0,1.0,0.046875,0.0,0.21137107908725739,3.0,0.046875,0.625,9.887851774692535e-06,1.2063886970281601e-05,21.315143585205078,0.061901722103357315,382.1407775878906,360.7628479003906,3.5122859477996826,0.34412187337875366,0.0,18.0,8.0,64.0,0.3188883364200592,0.0,0.0,0.25800246000289917,0.16015625,9.999999974752427e-07,11.0,64.0,0.0,0.0,0.0,0.0,0.0,3.653712272644043,-0.0033667266834527254,0.5744825601577759,525843.25,377993.21875,64.0,32.5,257.02783203125,256.6158447265625,160.0,91.0,542.198974609375,527.8949584960938,2.6231839656829834,0.921521008014679,544.1102905273438,529.5176391601562,0.0,0.0,0.022279012948274612,0.9989641904830933,0.9355989694595337,1.1878142913701595e-08,2.170451018912445e-08,0.06439929455518723,1.6813168031148962e-06,159.11085510253906,2470.692626953125,1.0,1.0,10.0,10.0,1.0,1.0,2048.0,1473.5,595.7533569335938,176.0,122.75,2048.0,1473.5,2224.0,1596.25,0.421875,8.0,0.0,0.0,0.0,0.0,0.0,0.0,0.0,0.0,0.0,0.0,1.0,7.040100172162056e-06,1.2864125892519951e-05,38.10927963256836,0.05977607145905495,592.6936645507812,554.5236206054688,3.193389892578125,0.33004212379455566,0.0,18.0,8.0,64.0,0.3076171875,0.0,0.0,0.2628355026245117,0.0,9.999999974752427e-07,11.0,64.0
12,2.6457433700561523,1.734723475976807e-18,-2.6457433700561523,0.7071048021316528,1.1102230246251565e-16,0.9187569618225098,-0.00033198969322256744,0.48308873176574707,356661.71875,199591.28125,64.0,32.5,177.3006591796875,172.28091430664062,480.0,131.5,403.37322998046875,364.13397216796875,2.4104840755462646,1.0217748880386353,406.3356018066406,365.89495849609375,0.0,-0.00010728277266025543,0.00302948709577322,1.0000872611999512,0.9551161527633667,2.37063773056434e-08,2.7752516729151466e-08,0.04488150030374527,2.2730000637238845e-06,187.7879180908203,4184.0830078125,1.0,1.0,11.0,11.0,1.0,1.0,2048.0,1160.46875,666.2589111328125,485.0,174.0,2048.0,1160.46875,2226.0,1334.46875,0.25,8.0,0.0,0.0,0.0,0.0,1.0,0.21875,0.0,0.4133986532688141,14.0,0.21875,0.5,9.375857189297676e-06,1.0976102203130722e-05,17.689115524291992,0.06148867681622505,395.4993591308594,377.7478332519531,3.2013449668884277,0.3449465036392212,0.0,15.0,8.0,64.0,0.3054850399494171,0.0,0.0,0.20647412538528442,0.181640625,9.999999974752427e-07,12.0,64.0,1.2909917831420898,-3.469446951953614e-18,-0.7745950818061829,0.49999895691871643,-2.220446049250313e-16,1.7929377555847168,-0.0023272435646504164,0.5101787447929382,528797.6875,289579.5,64.0,32.5,262.74542236328125,259.3863830566406,480.0,131.5,550.3474731445312,530.1446533203125,1.4578460454940796,0.8729397654533386,551.8715209960938,531.7460327148438,0.0,0.009922042489051819,0.016383614391088486,0.999375581741333,0.9474195241928101,1.1280975265037796e-08,2.0590809057807746e-08,0.05257871001958847,1.751799800331355e-06,122.7337875366211,2334.286865234375,1.0,1.0,11.0,11.0,1.0,1.0,2048.0,1120.59375,675.50341796875,485.0,174.0,2048.0,1120.59375,2226.0,1294.59375,0.234375,8.0,0.0,0.0,0.0,0.0,1.0,0.09375,0.0,0.2914806008338928,6.0,0.09375,0.75,6.591901183128357e-06,1.203198917210102e-05,30.664220809936523,0.05951082333922386,584.337890625,553.6130981445312,3.217581272125244,0.8340359330177307,0.0,15.0,8.0,64.0,0.3262532651424408,0.0,0.0,0.19724027812480927,0.125,9.999999974752427e-07,12.0,64.0
13,2.6457433700561523,-6.938893903907228e-18,-0.5773489475250244,0.49999865889549255,-4.440892098500626e-16,1.1118521690368652,-0.0006334230420179665,0.578577995300293,364771.09375,229171.34375,64.0,32.5,182.2813720703125,175.74696350097656,160.0,101.5,343.9747314453125,340.53826904296875,1.443993091583252,0.8341178297996521,345.530517578125,342.0462951660156,0.0,-0.0009744176641106606,0.0037383628077805042,0.9999475479125977,0.952678382396698,2.516751074210788e-08,3.342204024647799e-08,0.04731753468513489,4.006108611065429e-06,209.7081756591797,4431.93359375,1.0,1.0,12.0,12.0,1.0,1.0,2048.0,1295.6875,562.3851928710938,167.0,136.875,2048.0,1295.6875,2215.0,1432.5625,0.296875,8.0,0.0,0.0,0.0,0.0,1.0,0.046875,0.0,0.21137107908725739,3.0,0.046875,0.75,9.95188020169735e-06,1.3215932995080948e-05,18.649921417236328,0.060647208243608475,395.4256896972656,376.7135009765625,3.2809197902679443,0.35114049911499023,0.0,16.0,8.0,64.0,0.300994873046875,0.0,0.0,0.3589509129524231,0.0771484375,9.999999974752427e-07,13.0,64.0,2.6457433700561523,0.0,-0.3779633343219757,0.4999984800815582,0.0,1.868089199066162,-0.0037591042928397655,0.6075901389122009,526938.0,348445.125,64.0,32.5,257.699951171875,257.363525390625,160.0,101.5,562.0541381835938,528.7703857421875,1.6717649698257446,0.9163190126419067,563.80078125,530.4015502929688,0.0,0.0050133876502513885,0.022774972021579742,0.9984204173088074,0.9357043504714966,9.6797982962471e-09,2.389946374137253e-08,0.06429388374090195,1.7479807183917728e-06,148.20562744140625,2305.128173828125,1.0,1.0,12.0,12.0,1.0,1.0,2048.0,1354.96875,569.487548828125,167.0,136.875,2048.0,1354.96875,2215.0,1491.84375,0.265625,8.0,0.0,0.0,0.0,0.0,1.0,0.03125,0.0,0.17399263381958008,2.0,0.03125,0.75,5.663838237524033e-06,1.3984041288495064e-05,37.559452056884766,0.060149699449539185,585.1194458007812,547.4988403320312,3.307929039001465,0.5680717825889587,0.0,18.0,8.0,64.0,0.3529323935508728,0.0,0.0,0.3400866687297821,0.08740234375,9.999999974752427e-07,13.0,64.0
14,1.7320468425750732,-2.0816681711721685e-17,-0.9999979734420776,0.7071052193641663,-1.3322676295501878e-15,0.9787700176239014,-0.000729636347386986,0.47146254777908325,347697.125,204746.578125,64.0,32.5,172.66429138183594,170.61329650878906,240.0,119.5,351.0807800292969,341.83837890625,1.7521511316299438,0.8669852018356323,352.5302429199219,343.3876037597656,0.0,0.021978318691253662,0.003377983346581459,0.9997574090957642,0.9545468688011169,2.0651112819791706e-08,2.8928104356396034e-08,0.04545081406831741,2.253247203043429e-06,201.10264587402344,4424.62158203125,1.0,1.0,13.0,13.0,1.0,1.0,2048.0,1202.640625,610.5413818359375,246.0,160.5,2048.0,1202.640625,2294.0,1363.140625,0.1875,8.0,0.0,0.0,0.0,0.0,1.0,0.15625,0.0,0.36309218406677246,10.0,0.15625,0.5,7.903901860117912e-06,1.1071795597672462e-05,17.334070205688477,0.06154339388012886,382.7348937988281,365.3384094238281,3.38631534576416,0.35244020819664,0.0,15.0,8.0,64.0,0.2905517518520355,0.0,0.0,0.2550446093082428,0.1806640625,9.999999974752427e-07,14.0,64.0,2.6457433700561523,0.0,-0.3779633343219757,0.6123706102371216,0.0,4.19195556640625,-0.0030559678561985493,0.5215808749198914,528895.25,342715.96875,64.0,32.5,260.1632080078125,258.77923583984375,240.0,119.5,538.978515625,523.134521484375,1.8649159669876099,0.9813321232795715,540.333251953125,524.9029541015625,0.0,0.0216035395860672,0.02077983319759369,0.9990993738174438,0.935369610786438,1.2491875089892801e-08,2.071027616068477e-08,0.0646287277340889,1.648885699978564e-06,143.45895385742188,2219.73974609375,1.0,1.0,13.0,13.0,1.0,1.0,2048.0,1326.40625,630.8822631835938,246.0,160.5,2048.0,1326.40625,2294.0,1486.90625,0.203125,8.0,0.0,0.0,0.0,0.0,1.0,0.046875,0.0,0.21137107908725739,3.0,0.046875,0.625,7.391907274723053e-06,1.2255040928721428e-05,38.18365478515625,0.05956673249602318,591.7372436523438,553.4929809570312,3.205223321914673,0.33113929629325867,0.0,16.0,8.0,64.0,0.2744598388671875,0.0,0.0,0.2617625594139099,0.10302734375,9.999999974752427e-07,14.0,64.0
15,1.2909917831420898,-1.734723475976807e-18,-0.7745950818061829,0.3535526692867279,-1.1102230246251565e-16,0.8269875049591064,-0.0004759740550071001,0.4635883867740631,348171.78125,220339.390625,64.0,32.5,179.93702697753906,172.79330444335938,1104.0,221.5,357.04827880859375,341.2080993652344,1.7198950052261353,0.8912034034729004,358.4906921386719,342.81982421875,0.0,-0.0025828126817941666,0.0032522298861294985,0.9999743700027466,0.9483188986778259,2.19895799347114e-08,3.360715083999821e-08,0.05167892947793007,2.122622845490696e-06,213.68719482421875,4134.89990234375,1.0,1.0,14.0,14.0,1.0,1.0,2048.0,1287.578125,613.180419921875,1108.0,292.625,2048.0,1287.578125,2218.0,1580.203125,0.234375,8.0,0.0,0.0,0.0,0.0,1.0,0.046875,0.0,0.21137107908725739,3.0,0.046875,0.875,8.479924872517586e-06,1.2960052117705345e-05,19.867780685424805,0.06135934218764305,385.6337585449219,365.70379638671875,3.3521881103515625,0.35305267572402954,0.0,17.0,8.0,64.0,0.27426326274871826,0.0,0.0,0.20802943408489227,0.08154296875,9.999999974752427e-07,15.0,64.0,2.6457433700561523,0.0,-0.3779633343219757,0.4999984800815582,0.0,2.8096327781677246,-0.0035629908088594675,0.5272222757339478,531432.6875,333392.9375,64.0,32.5,260.3191223144531,259.7286682128906,1104.0,221.5,539.3469848632812,523.0721435546875,2.4502880573272705,1.1841423511505127,541.218505859375,525.1101684570312,0.0,0.01807084120810032,0.019571350887417793,0.9984024167060852,0.9399780631065369,1.0438768960341349e-08,1.844355601576808e-08,0.06002016365528107,1.7682319821687997e-06,138.95448303222656,2315.130126953125,1.0,1.0,14.0,14.0,1.0,1.0,2048.0,1284.5625,633.127685546875,1108.0,292.625,2048.0,1284.5625,2218.0,1577.1875,0.265625,8.0,0.0,0.0,0.0,0.0,1.0,0.03125,0.0,0.17399263381958008,2.0,0.03125,0.75,6.176065653562546e-06,1.0912073776125908e-05,35.451316833496094,0.0594310536980629,591.64697265625,556.1351318359375,3.032042980194092,0.3444887697696686,0.0,17.0,8.0,64.0,0.27564913034439087,0.0,0.0,0.2321230173110962,0.11962890625,9.999999974752427e-07,15.0,64.0
16,2.6457433700561523,-8.673617379884035e-18,-0.9999979734420776,0.7071051001548767,-5.551115123125783e-16,1.8876338005065918,-0.0006084826309233904,0.5456357002258301,349461.4375,222575.9375,64.0,32.5,176.6781005859375,171.76402282714844,432.0,118.0,357.29315185546875,333.5646057128906,1.4125038385391235,0.8498561382293701,358.8209228515625,335.17169189453125,0.0,0.009748187847435474,0.0035383054055273533,0.9999330043792725,0.9545440077781677,2.1082650292214566e-08,2.808251231556369e-08,0.04545385390520096,2.1049218048574403e-06,215.63919067382812,4744.134765625,1.0,1.0,15.0,15.0,1.0,1.0,2048.0,1293.875,569.7520751953125,442.0,156.0,2048.0,1293.875,2171.0,1449.875,0.140625,8.0,0.0,0.0,0.0,0.0,1.0,0.15625,0.0,0.36309218406677246,10.0,0.15625,0.5,8.095987141132355e-06,1.078401692211628e-05,17.393516540527344,0.061299022287130356,384.0118103027344,366.5561828613281,3.2518982887268066,0.3518447279930115,0.0,15.0,8.0,64.0,0.24537760019302368,0.0,0.0,0.3068554401397705,0.1552734375,9.999999974752427e-07,16.0,64.0,2.6457433700561523,-1.734723475976807e-18,-0.9999979734420776,0.6123709678649902,-1.1102230246251565e-16,4.430454730987549,-0.004071331117302179,0.5826407074928284,531690.4375,314914.78125,64.0,32.5,267.3925476074219,261.4217834472656,432.0,118.0,539.0578002929688,527.4677124023438,1.5386780500411987,0.8653563857078552,540.86279296875,528.9996948242188,0.0,0.02042003907263279,0.026071220636367798,0.9987885355949402,0.9501711130142212,1.3060173387202667e-08,2.3934374482337262e-08,0.04982703551650047,1.813875883271976e-06,132.11265563964844,2651.425048828125,1.0,1.0,15.0,15.0,1.0,1.0,2048.0,1208.828125,562.531982421875,442.0,156.0,2048.0,1208.828125,2171.0,1364.828125,0.140625,8.0,0.0,0.0,0.0,0.0,1.0,0.125,0.0,0.33071890473365784,8.0,0.125,0.625,7.64802098274231e-06,1.4015939086675644e-05,29.1185245513916,0.06012419983744621,585.5987548828125,556.4190063476562,3.0968098640441895,0.33362653851509094,0.0,14.0,8.0,64.0,0.2389352023601532,0.0,0.0,0.2961939871311188,0.138671875,9.999999974752427e-07,16.0,64.0
17,1.2909917831420898,-1.734723475976807e-18,-0.7745950818061829,0.3535526692867279,-1.1102230246251565e-16,1.3778932094573975,-0.0006352437194436789,0.5062584280967712,338466.4375,260476.078125,64.0,32.5,167.3607940673828,165.94920349121094,240.0,127.0,348.7829284667969,340.56573486328125,1.4187451601028442,0.7599758505821228,350.18206787109375,341.958984375,0.0,-0.008596593514084816,0.002910673152655363,0.9998049736022949,0.9390640258789062,2.2232821805800995e-08,3.003463433515208e-08,0.0609336718916893,2.2324531983031193e-06,263.91546630859375,4331.1923828125,1.0,1.0,16.0,16.0,1.0,1.0,2048.0,1572.875,518.7525024414062,247.0,167.5,2048.0,1572.875,2272.0,1740.375,0.453125,8.0,0.0,0.0,0.0,0.0,1.0,0.046875,0.0,0.21137107908725739,3.0,0.046875,0.875,8.48015770316124e-06,1.1455966159701347e-05,23.183677673339844,0.05795830488204956,381.4251708984375,358.18267822265625,3.283885955810547,0.34619542956352234,0.0,20.0,8.0,64.0,0.320556640625,0.0,0.0,0.24161875247955322,0.061279296875,9.999999974752427e-07,17.0,64.0,2.6457433700561523,0.0,-0.3779633343219757,0.35355231165885925,0.0,2.0553197860717773,-0.0024601733312010765,0.5494997501373291,529427.5625,395449.34375,64.0,32.5,260.3428649902344,259.03253173828125,240.0,127.0,536.0518188476562,529.1038208007812,1.9151229858398438,0.884972870349884,537.9678955078125,530.671630859375,0.0,0.002572856843471527,0.018109535798430443,0.9992095828056335,0.9220821261405945,3.1852255943931596e-08,2.1891860768619154e-08,0.07791601121425629,1.8057545503324945e-06,162.87062072753906,2090.335693359375,1.0,1.0,16.0,16.0,1.0,1.0,2048.0,1528.890625,554.9913330078125,247.0,167.5,2048.0,1528.890625,2295.0,1696.390625,0.421875,8.0,0.0,0.0,0.0,0.0,1.0,0.015625,0.0,0.12401959300041199,1.0,0.015625,0.875,1.913611777126789e-05,1.3152137398719788e-05,46.75056076049805,0.05962634086608887,600.7774658203125,553.9661865234375,3.1233654022216797,0.33001357316970825,0.0,21.0,8.0,64.0,0.3692743182182312,0.0,0.0,0.23028609156608582,0.049072265625,9.999999974752427e-07,17.0,64.0
18,2.6457433700561523,-2.0816681711721685e-17,-0.5773489475250244,0.7071050405502319,-1.3322676295501878e-15,2.953810930252075,-0.0008719036704860628,0.513105034828186,338510.90625,201489.65625,64.0,32.5,165.52699279785156,165.13888549804688,240.0,116.5,342.6353454589844,326.1795654296875,1.3867450952529907,0.8420254588127136,344.380859375,327.7143859863281,0.0,0.010971928015351295,0.0035194142255932093,0.9996476769447327,0.9528055787086487,2.4252758024090326e-08,3.248042546033503e-08,0.04719216749072075,2.1955995634925785e-06,209.26158142089844,4434.244140625,1.0,1.0,17.0,17.0,1.0,1.0,2048.0,1220.90625,590.5852661132812,250.0,155.25,2048.0,1220.90625,2298.0,1376.15625,0.1875,8.0,0.0,0.0,0.0,0.0,1.0,0.109375,0.0,0.3121091425418854,7.0,0.109375,0.5,9.05594788491726e-06,1.2128148227930069e-05,17.55994415283203,0.061548296362161636,373.398681640625,355.7763366699219,3.5459630489349365,0.3538951575756073,0.0,15.0,8.0,64.0,0.2837727963924408,0.0,0.0,0.2594206631183624,0.2080078125,9.999999974752427e-07,18.0,64.0,2.6457433700561523,0.0,-0.3779633343219757,0.6123706102371216,0.0,3.4684627056121826,-0.0031963016372174025,0.5608214139938354,577594.4375,344875.125,64.0,32.5,290.6952209472656,274.779541015625,240.0,116.5,541.41357421875,526.7429809570312,2.230897903442383,1.0476998090744019,542.6452026367188,528.5081176757812,0.0,0.0050782812759280205,0.023740408942103386,0.9993326663970947,0.950456440448761,1.2385291014993527e-08,2.0458514882193413e-08,0.04954192414879799,1.6107004512377898e-06,124.15531158447266,2506.065673828125,1.0,1.0,17.0,17.0,1.0,1.0,2048.0,1238.0,594.9417114257812,250.0,155.25,2048.0,1238.0,2298.0,1393.25,0.1875,8.0,0.0,0.0,0.0,0.0,1.0,0.046875,0.0,0.21137107908725739,3.0,0.046875,0.625,7.903901860117912e-06,1.305597834289074e-05,31.55661964416504,0.059472229331731796,638.1683959960938,606.55126953125,3.2523305416107178,28.975852966308594,0.0,15.0,8.0,64.0,0.27486979961395264,0.0,0.0,0.2580530047416687,0.140625,9.999999974752427e-07,18.0,64.0
19,2.6457433700561523,1.734723475976807e-18,-1.2909917831420898,0.49999871850013733,1.1102230246251565e-16,1.6440916061401367,-0.0008829642902128398,0.5470621585845947,341552.59375,220719.15625,64.0,32.5,166.98507690429688,166.4799041748047,208.0,103.0,362.7900085449219,334.0810241699219,2.202677011489868,0.9206739664077759,365.4489440917969,335.7466735839844,0.0,0.010176340118050575,0.003996510524302721,0.9996683597564697,0.9473819136619568,2.4590466551899226e-08,3.1942089862013745e-08,0.05261579900979996,2.221643399025197e-06,223.99569702148438,4257.19482421875,1.0,1.0,18.0,18.0,1.0,1.0,2048.0,1325.375,665.6348876953125,215.0,136.5,2048.0,1325.375,2263.0,1461.875,0.328125,8.0,0.0,0.0,0.0,0.0,1.0,0.09375,0.0,0.2914806008338928,6.0,0.09375,0.75,9.312061592936516e-06,1.2096017599105835e-05,19.864723205566406,0.06013454496860504,378.68585205078125,358.7601318359375,3.3074378967285156,0.3468370735645294,0.0,17.0,8.0,64.0,0.32864201068878174,0.0,0.0,0.29630082845687866,0.1279296875,9.999999974752427e-07,19.0,64.0,0.7745950818061829,1.734723475976807e-18,-1.2909917831420898,0.3535526692867279,1.1102230246251565e-16,3.7507545948028564,-0.003048679092898965,0.5765526294708252,527936.375,336236.625,64.0,32.5,261.37908935546875,258.8435363769531,208.0,103.0,538.54296875,538.4678955078125,5.639995098114014,2.2837514877319336,542.8688354492188,542.658203125,0.0,-0.0006757006049156189,0.021148979663848877,0.9991697072982788,0.9392542243003845,1.504065672008892e-08,2.3420392736284157e-08,0.0607440248131752,1.7107606709032552e-06,135.57864379882812,2231.966796875,1.0,1.0,18.0,18.0,1.0,1.0,2048.0,1302.515625,656.8726806640625,215.0,136.5,2048.0,1302.515625,2263.0,1439.015625,0.3125,8.0,0.0,0.0,0.0,0.0,1.0,0.078125,0.0,0.2683681845664978,5.0,0.078125,0.875,9.247800335288048e-06,1.4400109648704529e-05,37.28956985473633,0.05910250172019005,614.8534545898438,577.5037231445312,38.37394332885742,5.719176292419434,0.0,18.0,8.0,64.0,0.3758612871170044,0.0,0.0,0.2788088321685791,0.09228515625,9.999999974752427e-07,19.0,64.0
20,2.6457433700561523,0.0,-0.9999979734420776,0.6123707890510559,0.0,0.7625261545181274,-0.0007107597775757313,0.4893023371696472,361140.25,252518.953125,64.0,32.5,192.39178466796875,181.56211853027344,192.0,119.5,354.664306640625,342.4293518066406,1.805495023727417,0.8880150318145752,355.9317626953125,343.9906921386719,0.0,-0.002250072080641985,0.0033565624617040157,0.9997593760490417,0.9448994994163513,1.9688007668605678e-08,2.810410570930344e-08,0.05509837716817856,2.0995155409764266e-06,223.21495056152344,4051.20751953125,1.0,1.0,19.0,19.0,1.0,1.0,2048.0,1405.828125,593.2985229492188,204.0,157.25,2048.0,1405.828125,2252.0,1563.078125,0.3125,8.0,0.0,0.0,0.0,0.0,1.0,0.09375,0.0,0.2914806008338928,6.0,0.09375,0.625,7.935799658298492e-06,1.1328142136335373e-05,22.147705078125,0.06122882664203644,403.07781982421875,380.8680419921875,3.199141263961792,0.35389530658721924,0.0,19.0,8.0,64.0,0.35769814252853394,0.0,0.0,0.24146389961242676,0.1416015625,9.999999974752427e-07,20.0,64.0,1.2909917831420898,-1.734723475976807e-18,-0.7745950818061829,0.3535526692867279,-1.1102230246251565e-16,4.707514762878418,-0.004041231703013182,0.5321239829063416,560339.8125,375153.0,64.0,32.5,273.7370910644531,263.941162109375,192.0,119.5,530.0662841796875,518.35205078125,1.4784539937973022,0.8744968175888062,531.59521484375,519.906982421875,0.0,0.011649828404188156,0.0215526781976223,0.9983997344970703,0.9378357529640198,1.247390013503491e-08,1.9856072341895015e-08,0.06216268241405487,1.5587470443279017e-06,143.58155822753906,2309.77099609375,1.0,1.0,19.0,19.0,1.0,1.0,2048.0,1410.0625,584.25341796875,204.0,157.25,2048.0,1410.0625,2252.0,1567.3125,0.328125,8.0,0.0,0.0,0.0,0.0,1.0,0.046875,0.0,0.21137107908725739,3.0,0.046875,0.875,7.840106263756752e-06,1.2479955330491066e-05,39.01042556762695,0.060115616768598557,628.5208740234375,589.4493408203125,3.420358657836914,0.3350869119167328,0.0,18.0,8.0,64.0,0.3201768696308136,0.0,0.0,0.2516406178474426,0.11279296875,9.999999974752427e-07,20.0,64.0
21,1.2909917831420898,-1.734723475976807e-18,-1.2909917831420898,0.6123711466789246,-1.1102230246251565e-16,1.5169379711151123,-0.0007418917957693338,0.5061147212982178,379703.65625,250063.875,64.0,32.5,188.0043182373047,180.80294799804688,352.0,127.0,350.3456115722656,342.5084228515625,1.4647929668426514,0.7890305519104004,351.6507263183594,343.96697998046875,0.0,-0.005242100916802883,0.0037373993545770645,0.9997783303260803,0.9525198340415955,2.294187062545916e-08,3.23920126277244e-08,0.04747810587286949,2.022716444116668e-06,208.39218139648438,4389.22705078125,1.0,1.0,20.0,20.0,1.0,1.0,2048.0,1367.09375,583.3622436523438,360.0,169.375,2048.0,1367.09375,2223.0,1536.46875,0.28125,8.0,0.0,0.0,0.0,0.0,1.0,0.171875,0.0,0.37727177143096924,11.0,0.171875,0.625,9.632203727960587e-06,1.3599870726466179e-05,19.872909545898438,0.060897402465343475,419.85260009765625,399.91790771484375,3.2024011611938477,0.34707900881767273,0.0,17.0,8.0,64.0,0.29436179995536804,0.0,0.0,0.24053087830543518,0.1396484375,9.999999974752427e-07,21.0,64.0,2.6457433700561523,-3.469446951953614e-18,-0.7745950818061829,0.6123709678649902,-2.220446049250313e-16,3.324995517730713,-0.0030574717093259096,0.5451020002365112,534768.4375,363687.90625,64.0,32.5,262.04974365234375,259.7568664550781,352.0,127.0,574.7157592773438,520.4563598632812,1.7885650396347046,0.9453508257865906,575.9155883789062,522.1568603515625,0.0,-0.0006696898490190506,0.021447330713272095,0.9992488026618958,0.937223494052887,1.3440351054327948e-08,2.1847339937153265e-08,0.06277470290660858,1.7790533775041695e-06,149.7238006591797,2385.097900390625,1.0,1.0,20.0,20.0,1.0,1.0,2048.0,1398.046875,626.9885864257812,360.0,169.375,2048.0,1398.046875,2223.0,1567.421875,0.359375,8.0,0.0,0.0,0.0,0.0,1.0,0.109375,0.0,0.3121091425418854,7.0,0.109375,0.625,8.03195871412754e-06,1.305597834289074e-05,37.455589294433594,0.05859249085187912,597.600341796875,560.0850830078125,3.49800705909729,0.619148313999176,0.0,18.0,8.0,64.0,0.32012939453125,0.0,0.0,0.24064460396766663,0.11962890625,9.999999974752427e-07,21.0,64.0
22,1.7320468425750732,-1.3877787807814457e-17,-0.9999979734420776,0.6123710870742798,-8.881784197001252e-16,1.0842856168746948,-0.0006774010835215449,0.5447647571563721,362151.375,261640.765625,64.0,32.5,187.11476135253906,178.3473663330078,192.0,113.5,355.7702941894531,329.9690856933594,1.3597060441970825,0.8316545486450195,357.18060302734375,331.5124206542969,0.0,0.015572240576148033,0.0031074078287929296,0.9998275637626648,0.9441425204277039,1.7661731632756528e-08,3.2155195839322914e-08,0.055855393409729004,2.0389222754602088e-06,232.5741424560547,4163.86181640625,1.0,1.0,21.0,21.0,1.0,1.0,2048.0,1468.265625,620.28076171875,205.0,146.625,2048.0,1468.265625,2253.0,1614.890625,0.390625,8.0,0.0,0.0,0.0,0.0,1.0,0.125,0.0,0.33071890473365784,8.0,0.125,0.625,7.13602639734745e-06,1.2991949915885925e-05,22.506114959716797,0.06163826212286949,404.0389099121094,381.4703063964844,3.078303813934326,0.35063377022743225,0.0,19.0,8.0,64.0,0.33639365434646606,0.0,0.0,0.30249983072280884,0.1376953125,9.999999974752427e-07,22.0,64.0,0.9999979734420776,0.0,-0.9999979734420776,0.4999989867210388,0.0,2.16127872467041,-0.002391402143985033,0.6029863953590393,567822.1875,405494.75,64.0,32.5,277.4905700683594,275.9031982421875,192.0,113.5,558.1148071289062,521.5421142578125,1.3952549695968628,0.8402933478355408,559.7901611328125,523.050537109375,0.0,0.01280425488948822,0.02056640014052391,0.9996020793914795,0.9404935240745544,1.0985527154616648e-08,1.9151515928683693e-08,0.059504881501197815,1.5401212749566184e-06,147.87403869628906,2485.073974609375,1.0,1.0,21.0,21.0,1.0,1.0,2048.0,1467.046875,612.7730712890625,205.0,146.625,2048.0,1467.046875,2253.0,1613.671875,0.40625,8.0,0.0,0.0,0.0,0.0,1.0,0.125,0.0,0.33071890473365784,8.0,0.125,0.75,6.975140422582626e-06,1.2160046026110649e-05,37.72273635864258,0.059236641973257065,634.9390869140625,597.1560668945312,3.408730983734131,0.32933831214904785,0.0,18.0,8.0,64.0,0.3000556230545044,0.0,0.0,0.3159239590167999,0.1005859375,9.999999974752427e-07,22.0,64.0
23,2.6457433700561523,-6.938893903907228e-18,-0.9999979734420776,0.7071051597595215,-4.440892098500626e-16,0.8306677937507629,-0.0007080797804519534,0.5096536874771118,344138.5,243583.5625,64.0,32.5,169.5495147705078,168.4858856201172,336.0,136.0,355.769775390625,348.7861633300781,1.4376249313354492,0.8774932622909546,357.53057861328125,350.3518371582031,0.0,-0.023536082357168198,0.003723329398781061,0.9998018741607666,0.9410169124603271,2.6414898712801005e-08,3.5831209999059865e-08,0.058980781584978104,2.2630094917985843e-06,241.28414916992188,4090.894287109375,1.0,1.0,22.0,22.0,1.0,1.0,2048.0,1447.796875,423.56939697265625,341.0,181.375,2048.0,1447.796875,2238.0,1629.171875,0.15625,8.0,0.0,0.0,0.0,0.0,1.0,0.171875,0.0,0.37727177143096924,11.0,0.171875,0.5,1.0143965482711792e-05,1.3760058209300041e-05,22.588308334350586,0.061750683933496475,384.0243835449219,361.3734436035156,3.040459156036377,0.3524094521999359,0.0,16.0,8.0,64.0,0.20499420166015625,0.0,0.0,0.26457905769348145,0.171875,9.999999974752427e-07,23.0,64.0,2.6457433700561523,-1.734723475976807e-18,-0.7745950818061829,0.6123707890510559,-1.1102230246251565e-16,3.470623254776001,-0.002777120564132929,0.5643105506896973,572185.375,421890.09375,64.0,32.5,282.983154296875,280.1456298828125,336.0,136.0,589.6148071289062,542.2872314453125,2.1017138957977295,0.9865032434463501,591.4585571289062,544.0584106445312,0.0,0.014624042436480522,0.02120891772210598,0.9993350505828857,0.9412308931350708,3.271044235475529e-08,2.741651172755155e-08,0.05876733735203743,1.7024949556798674e-06,152.0164031982422,2586.75,1.0,1.0,22.0,22.0,1.0,1.0,2048.0,1508.0625,484.02728271484375,341.0,181.375,2048.0,1508.0625,2238.0,1689.4375,0.28125,8.0,0.0,0.0,0.0,0.0,1.0,0.078125,0.0,0.2683681845664978,5.0,0.078125,0.625,2.0768027752637863e-05,1.74068845808506e-05,37.25325393676758,0.05842973291873932,634.9051513671875,597.5923461914062,3.4081785678863525,0.3281731903553009,0.0,18.0,8.0,64.0,0.2671712338924408,0.0,0.0,0.26666444540023804,0.13671875,9.999999974752427e-07,23.0,64.0
24,2.6457433700561523,0.0,-0.3779633343219757,0.7905670404434204,0.0,0.7507103681564331,-0.0003860800643451512,0.5690369009971619,369192.0625,227037.984375,64.0,32.5,201.4713897705078,185.5321044921875,176.0,103.0,351.1942138671875,344.4912109375,1.3335940837860107,0.7902866005897522,352.5178527832031,345.939453125,0.0,-0.005130955018103123,0.003876066766679287,1.0001903772354126,0.9588255286216736,2.1585032428106388e-08,2.662677545117731e-08,0.041172441095113754,1.9813373910437804e-06,194.9855499267578,4735.82666015625,1.0,1.0,23.0,23.0,1.0,1.0,2048.0,1237.5625,654.6961669921875,181.0,133.75,2048.0,1237.5625,2229.0,1371.3125,0.25,8.0,0.0,0.0,0.0,0.0,1.0,0.078125,0.0,0.2683681845664978,5.0,0.078125,0.375,8.767936378717422e-06,1.081591472029686e-05,16.66335105895996,0.06107759848237038,406.2044372558594,389.47918701171875,3.085705280303955,0.34795019030570984,0.0,14.0,8.0,64.0,0.2353166788816452,0.0,0.0,0.3301744759082794,0.23046875,9.999999974752427e-07,24.0,64.0,2.6457433700561523,-3.469446951953614e-18,-0.7745950818061829,0.6123709678649902,-2.220446049250313e-16,4.762527942657471,-0.00397717347368598,0.6027427315711975,547027.6875,327224.6875,64.0,32.5,277.0859680175781,270.96923828125,176.0,103.0,544.6173095703125,524.41650390625,1.5661020278930664,0.9174923896789551,545.8250122070312,526.0858764648438,0.0,-0.007342223543673754,0.02548467181622982,0.998695433139801,0.9478746056556702,9.810289469669442e-09,2.08378452271063e-08,0.05212368071079254,1.7086782690967084e-06,128.8107147216797,2471.251220703125,1.0,1.0,23.0,23.0,1.0,1.0,2048.0,1214.578125,683.4869384765625,181.0,133.75,2048.0,1214.578125,2191.0,1348.328125,0.25,8.0,0.0,0.0,0.0,0.0,1.0,0.109375,0.0,0.3121091425418854,7.0,0.109375,0.625,5.920184776186943e-06,1.2574950233101845e-05,31.395479202270508,0.05943702533841133,603.4669189453125,572.0109252929688,3.3705029487609863,0.33704516291618347,0.0,15.0,8.0,64.0,0.29826658964157104,0.0,0.0,0.3185094892978668,0.1884765625,9.999999974752427e-07,24.0,64.0
25,2.6457433700561523,-1.0408340855860843e-17,-0.9999979734420776,0.8660233020782471,-6.661338147750939e-16,0.7730344533920288,-0.0005329474224708974,0.5505084991455078,352860.125,255286.390625,64.0,32.5,174.62298583984375,172.40573120117188,224.0,124.0,356.0198669433594,345.2459411621094,1.4936251640319824,0.8949242830276489,357.3420104980469,346.86407470703125,0.0,-0.009194266982376575,0.003319808281958103,0.9999440312385559,0.9402862191200256,2.3158426287750444e-08,3.291966166329985e-08,0.05971154943108559,2.1983501028444152e-06,239.26242065429688,4006.970458984375,1.0,1.0,24.0,24.0,1.0,1.0,2048.0,1482.578125,546.411865234375,240.0,165.375,2048.0,1482.578125,2288.0,1647.953125,0.328125,8.0,0.0,0.0,0.0,0.0,1.0,0.21875,0.0,0.4133986532688141,14.0,0.21875,0.25,9.184004738926888e-06,1.3055047020316124e-05,23.618106842041016,0.06187807023525238,396.57293701171875,372.8920593261719,3.0132479667663574,0.35199952125549316,0.0,19.0,8.0,64.0,0.32279887795448303,0.0,0.0,0.28833356499671936,0.2119140625,9.999999974752427e-07,25.0,64.0,1.7320468425750732,-1.734723475976807e-17,-0.7745950818061829,0.7071052193641663,-1.1102230246251565e-15,2.8753952980041504,-0.0027290743310004473,0.5802800059318542,526744.75,365764.84375,64.0,32.5,258.2237548828125,257.5209045410156,224.0,124.0,532.7947387695312,505.2236633300781,1.3963749408721924,0.8683985471725464,534.3554077148438,506.82440185546875,0.0,-0.009087344631552696,0.019352924078702927,0.9990825653076172,0.9248401522636414,1.3382288166496892e-08,2.2396282162162606e-08,0.07515795528888702,1.8564595620773616e-06,151.62982177734375,2017.48193359375,1.0,1.0,24.0,24.0,1.0,1.0,2048.0,1421.78125,558.3672485351562,240.0,165.375,2048.0,1421.78125,2288.0,1587.15625,0.359375,8.0,0.0,0.0,0.0,0.0,1.0,0.15625,0.0,0.36309218406677246,10.0,0.15625,0.5,8.030794560909271e-06,1.3440148904919624e-05,45.04042053222656,0.06233646348118782,600.106201171875,555.0023193359375,3.2452290058135986,0.33170562982559204,0.0,18.0,8.0,64.0,0.3115641176700592,0.0,0.0,0.27673444151878357,0.1455078125,9.999999974752427e-07,25.0,64.0
26,1.7320468425750732,-1.3877787807814457e-17,-0.5773489475250244,0.4999988377094269,-8.881784197001252e-16,1.1663124561309814,-0.0007722593727521598,0.6236880421638489,343549.53125,243105.265625,64.0,32.5,169.9547882080078,168.53428649902344,208.0,121.0,354.4036560058594,350.104248046875,1.369273066520691,0.8124821186065674,355.9250793457031,351.594482421875,0.0,0.005669066682457924,0.004075190983712673,0.9998624324798584,0.9479633569717407,2.9129676448746977e-08,3.15503676517892e-08,0.05203424021601677,2.3552404400106752e-06,241.29891967773438,4637.310546875,1.0,1.0,25.0,25.0,1.0,1.0,2048.0,1445.484375,479.99609375,209.0,160.25,2048.0,1445.484375,2257.0,1605.734375,0.3125,8.0,0.0,0.0,0.0,0.0,1.0,0.0625,0.0,0.24206146597862244,4.0,0.0625,0.75,1.116795465350151e-05,1.2096017599105835e-05,19.888530731201172,0.06074918061494827,383.3875427246094,363.43731689453125,3.117199420928955,0.34974217414855957,0.0,17.0,8.0,64.0,0.2625301480293274,0.0,0.0,0.38382187485694885,0.1669921875,9.999999974752427e-07,26.0,64.0,1.7320468425750732,-2.0816681711721685e-17,-0.5773489475250244,0.612371027469635,-1.3322676295501878e-15,3.90663480758667,-0.00377984088845551,0.679039478302002,527511.25,368272.09375,64.0,32.5,258.19915771484375,257.8072509765625,208.0,121.0,532.4271240234375,510.2809753417969,1.7131400108337402,0.8861798048019409,533.7059326171875,511.8699035644531,0.0,0.011380031704902649,0.028068335726857185,0.9989097118377686,0.9346342086791992,1.522286474653356e-08,2.3619877609348805e-08,0.06536389887332916,1.8618571857587085e-06,154.88963317871094,2369.65087890625,1.0,1.0,25.0,25.0,1.0,1.0,2048.0,1429.546875,500.79058837890625,209.0,160.25,2048.0,1429.546875,2243.0,1589.796875,0.265625,8.0,0.0,0.0,0.0,0.0,1.0,0.09375,0.0,0.2914806008338928,6.0,0.09375,0.625,8.991919457912445e-06,1.395191065967083e-05,38.55031967163086,0.05916191637516022,590.6851196289062,552.0745239257812,3.4501583576202393,0.3323414623737335,0.0,18.0,8.0,64.0,0.3104180097579956,0.0,0.0,0.39787450432777405,0.1640625,9.999999974752427e-07,26.0,64.0
27,2.6457433700561523,-1.5612511283791264e-17,-2.6457433700561523,0.9354119896888733,-9.992007221626409e-16,1.001415729522705,-0.0005347702535800636,0.45694494247436523,353624.875,234156.921875,64.0,32.5,195.35092163085938,178.24964904785156,208.0,112.0,449.691162109375,358.69110107421875,1.6536561250686646,0.8354284167289734,450.8979187011719,360.2893371582031,0.0,0.015000381506979465,0.0028430363163352013,0.9998679161071777,0.9523090124130249,1.787947567777337e-08,3.070136855853889e-08,0.04768885299563408,2.0729896732518682e-06,218.09422302246094,4573.27490234375,1.0,1.0,26.0,26.0,1.0,1.0,2048.0,1335.5,594.493408203125,218.0,150.25,2048.0,1335.5,2266.0,1485.75,0.265625,8.0,0.0,0.0,0.0,0.0,1.0,0.3125,0.0,0.4635123908519745,20.0,0.3125,0.125,7.0070382207632065e-06,1.203198917210102e-05,18.629262924194336,0.06018873304128647,391.9040222167969,373.2137451171875,2.9627668857574463,0.3524642884731293,0.0,16.0,8.0,64.0,0.2750244140625,0.0,0.0,0.19042161107063293,0.2177734375,9.999999974752427e-07,27.0,64.0,2.6457433700561523,1.734723475976807e-18,-1.2909917831420898,0.6123707890510559,1.1102230246251565e-16,3.9411611557006836,-0.0024255055468529463,0.5014262199401855,530860.1875,333859.90625,64.0,32.5,260.66864013671875,259.7108459472656,208.0,112.0,539.1909790039062,514.0823974609375,1.8701640367507935,0.9440774321556091,540.1885375976562,515.7184448242188,0.0,0.055675335228443146,0.01702979952096939,0.9993988275527954,0.9425255060195923,1.3578114632650795e-08,2.1779122505449777e-08,0.057472676038742065,1.8039627320831642e-06,139.82806396484375,2432.948486328125,1.0,1.0,26.0,26.0,1.0,1.0,2048.0,1287.265625,615.5244750976562,218.0,150.25,2048.0,1287.265625,2266.0,1437.515625,0.25,8.0,0.0,0.0,0.0,0.0,1.0,0.109375,0.0,0.3121091425418854,7.0,0.109375,0.625,8.00006091594696e-06,1.2831995263695717e-05,33.803123474121094,0.05908255651593208,589.1879272460938,555.3245849609375,3.4426631927490234,0.3376739025115967,0.0,16.0,8.0,64.0,0.29857635498046875,0.0,0.0,0.18396300077438354,0.115234375,9.999999974752427e-07,27.0,64.0
28,0.7745950818061829,1.734723475976807e-18,-1.2909917831420898,0.3535526692867279,1.1102230246251565e-16,0.6760115027427673,-0.000593713775742799,0.5305006504058838,361689.1875,324510.4375,64.0,32.5,176.8016815185547,175.25735473632812,224.0,124.0,346.4487609863281,333.3157043457031,2.4011728763580322,1.0724494457244873,347.9371032714844,335.1049499511719,0.0,0.007458573207259178,0.00259003764949739,0.9998130202293396,0.9255879521369934,2.2130931753849836e-08,3.2458512322364186e-08,0.07440979778766632,2.210915226896759e-06,286.69580078125,3852.930908203125,1.0,1.0,27.0,27.0,1.0,1.0,2048.0,1846.015625,417.9210205078125,232.0,163.5,2048.0,1846.015625,2280.0,2009.515625,0.6875,8.0,0.0,0.0,0.0,0.0,1.0,0.078125,0.0,0.2683681845664978,5.0,0.078125,0.875,9.119976311922073e-06,1.3375887647271156e-05,30.601957321166992,0.061713095754384995,412.0918273925781,381.4272155761719,3.040583848953247,0.3451920449733734,0.0,26.0,8.0,64.0,0.39647966623306274,0.0,0.0,0.27843573689460754,0.0888671875,9.999999974752427e-07,28.0,64.0,1.2909917831420898,-1.734723475976807e-18,-0.7745950818061829,0.3535526692867279,-1.1102230246251565e-16,1.3459912538528442,-0.0022217263467609882,0.5543134808540344,531832.25,471431.75,64.0,32.5,261.4632263183594,259.8665466308594,224.0,124.0,536.8828735351562,527.3939819335938,1.5741020441055298,0.8732832074165344,538.8033447265625,529.0147094726562,0.0,-0.0009422609582543373,0.01530054584145546,0.9992082715034485,0.9145159721374512,1.2203646981845395e-08,2.378119390300526e-08,0.08548237383365631,1.6286425079670153e-06,189.3846435546875,2215.481689453125,1.0,1.0,27.0,27.0,1.0,1.0,2048.0,1815.703125,444.56951904296875,232.0,163.5,2048.0,1815.703125,2280.0,1979.203125,0.65625,8.0,0.0,0.0,0.0,0.0,1.0,0.046875,0.0,0.21137107908725739,3.0,0.046875,0.875,7.488066330552101e-06,1.4591962099075317e-05,52.3923225402832,0.059022944420576096,613.592529296875,561.14013671875,3.3827004432678223,0.3379630744457245,0.0,25.0,8.0,64.0,0.3818115293979645,0.0,0.0,0.2654857635498047,0.0791015625,9.999999974752427e-07,28.0,64.0
29,2.6457433700561523,-1.734723475976807e-18,-2.6457433700561523,0.7071049809455872,-1.1102230246251565e-16,0.9716243743896484,-0.000547208939678967,0.4653295874595642,354864.0,283289.65625,64.0,32.5,186.08248901367188,174.56703186035156,320.0,140.5,399.2226867675781,378.264892578125,1.4196410179138184,0.8660578727722168,401.1387939453125,379.87030029296875,0.0,0.021453797817230225,0.0025320807471871376,0.9998397827148438,0.9348276257514954,2.456468806144585e-08,2.791410125269067e-08,0.06517010927200317,2.2101289687270764e-06,260.83782958984375,4002.415283203125,1.0,1.0,28.0,28.0,1.0,1.0,2048.0,1635.265625,573.1840209960938,327.0,184.375,2048.0,1635.265625,2375.0,1819.640625,0.5,8.0,0.0,0.0,0.0,0.0,1.0,0.234375,0.0,0.42360755801200867,15.0,0.234375,0.5,9.856186807155609e-06,1.1200085282325745e-05,26.087238311767578,0.06122269481420517,401.23394775390625,375.0845947265625,3.235189199447632,0.35151052474975586,0.0,22.0,8.0,64.0,0.3541759252548218,0.0,0.0,0.21734662353992462,0.1328125,9.999999974752427e-07,29.0,64.0,2.6457433700561523,0.0,-1.2909917831420898,0.7071051597595215,0.0,4.182673454284668,-0.0019725020974874496,0.5026355981826782,527992.4375,426208.375,64.0,32.5,258.2264709472656,257.8088073730469,320.0,140.5,573.3624877929688,520.0565795898438,1.6286929845809937,0.8641552329063416,574.6798706054688,521.6483154296875,0.0,0.014094141311943531,0.014925654046237469,0.9995425343513489,0.9229857325553894,1.1564251778395374e-08,2.4560430134101807e-08,0.07701263576745987,1.6204542134801159e-06,175.4810791015625,2278.60107421875,1.0,1.0,28.0,28.0,1.0,1.0,2048.0,1654.03125,572.5191650390625,327.0,184.375,2048.0,1654.03125,2375.0,1838.40625,0.53125,8.0,0.0,0.0,0.0,0.0,1.0,0.203125,0.0,0.4023247957229614,13.0,0.203125,0.5,6.976071745157242e-06,1.481594517827034e-05,46.398380279541016,0.059069789946079254,603.2445068359375,556.7860717773438,3.4813883304595947,0.3366321921348572,0.0,22.0,8.0,64.0,0.34751197695732117,0.0,0.0,0.19755201041698456,0.1494140625,9.999999974752427e-07,29.0,64.0
30,2.6457433700561523,-8.673617379884035e-18,-0.7745950818061829,0.7071049213409424,-5.551115123125783e-16,0.5743242502212524,-0.0005016031791456044,0.363961786031723,356473.40625,208317.546875,64.0,32.5,179.1815185546875,172.59031677246094,208.0,110.5,352.8453369140625,340.72503662109375,1.4078980684280396,0.7924478054046631,354.1142883300781,342.21612548828125,0.0,0.0025443327613174915,0.0025512860156595707,0.9998385906219482,0.95445317029953,2.0435486192127428e-08,3.482180588321171e-08,0.045544642955064774,2.160085614377749e-06,196.240478515625,4308.75,1.0,1.0,29.0,29.0,1.0,1.0,2048.0,1200.375,550.8854370117188,210.0,148.0,2048.0,1200.375,2258.0,1348.375,0.171875,8.0,0.0,0.0,0.0,0.0,1.0,0.109375,0.0,0.3121091425418854,7.0,0.109375,0.5,8.00006091594696e-06,1.3632001355290413e-05,17.767807006835938,0.06195830553770065,391.4788513183594,373.6482238769531,3.1362292766571045,0.34909871220588684,0.0,15.0,8.0,64.0,0.2982421815395355,0.0,0.0,0.1449253410100937,0.1669921875,9.999999974752427e-07,30.0,64.0,2.6457433700561523,0.0,-0.3779633343219757,0.35355231165885925,0.0,3.7148001194000244,-0.0019028285751119256,0.3896876573562622,519789.75,310773.75,64.0,32.5,269.6002197265625,256.4493103027344,208.0,110.5,9096.3330078125,9075.8974609375,22.363283157348633,11.086286544799805,9118.904296875,9098.3837890625,0.0,-0.004268321208655834,0.015521206893026829,0.9998084902763367,0.9280142188072205,2.0480182882920417e-08,2.5586595953086544e-08,0.07198412716388702,1.5796049410710111e-06,133.5421600341797,1855.1612548828125,1.0,1.0,29.0,29.0,1.0,1.0,2048.0,1216.078125,566.0775146484375,210.0,148.0,2048.0,1216.078125,2258.0,1364.078125,0.234375,8.0,0.0,0.0,0.0,0.0,1.0,0.015625,0.0,0.12401959300041199,1.0,0.015625,0.875,1.19359465315938e-05,1.4911987818777561e-05,40.025634765625,1.9270524978637695,582.8046875,540.85107421875,0.0,0.0,0.0,15.0,8.0,64.0,0.2900634706020355,0.0,0.0,0.13781411945819855,0.06494140625,9.999999974752427e-07,30.0,64.0
31,2.6457433700561523,-6.938893903907228e-18,-0.5773489475250244,0.6123707294464111,-4.440892098500626e-16,0.8228695392608643,-0.0008692150004208088,0.5008018016815186,351503.4375,179758.078125,64.0,32.5,171.8636474609375,170.9612274169922,192.0,101.5,357.1141662597656,342.4179992675781,1.2962180376052856,0.7762963771820068,358.469482421875,343.8501892089844,0.0,0.006987252272665501,0.0035042911767959595,0.9996241927146912,0.9630768299102783,2.965764522855352e-08,3.609052967590287e-08,0.036920856684446335,2.265240254928358e-06,175.8201446533203,4762.08154296875,1.0,1.0,30.0,30.0,1.0,1.0,2048.0,1052.28125,547.1665649414062,196.0,132.625,2048.0,1052.28125,2194.0,1184.90625,0.171875,8.0,0.0,0.0,0.0,0.0,1.0,0.0625,0.0,0.24206146597862244,4.0,0.0625,0.625,1.1360039934515953e-05,1.3824086636304855e-05,14.079177856445312,0.06295669823884964,383.0391540527344,368.8961486816406,3.135033369064331,0.3489667773246765,0.0,12.0,8.0,64.0,0.2292277067899704,0.0,0.0,0.24160344898700714,0.1630859375,9.999999974752427e-07,31.0,64.0,2.6457433700561523,0.0,-0.3779633343219757,0.4999984800815582,0.0,2.2882566452026367,-0.0026846465189009905,0.5576130151748657,518985.125,262778.375,64.0,32.5,258.4322204589844,253.65579223632812,192.0,101.5,518.031494140625,517.7601928710938,4.0851263999938965,2.1838088035583496,522.3410034179688,521.9995727539062,0.0,-0.002659977413713932,0.019916899502277374,0.9992825388908386,0.9564897418022156,2.4917564900306388e-08,3.6592403773738624e-08,0.043507158756256104,3.0432515814027283e-06,120.5698471069336,2771.2646484375,1.0,1.0,30.0,30.0,1.0,1.0,2048.0,1037.90625,549.0846557617188,196.0,132.625,2048.0,1037.90625,2194.0,1170.53125,0.171875,8.0,0.0,0.0,0.0,0.0,1.0,0.03125,0.0,0.17399263381958008,2.0,0.03125,0.75,1.3727927580475807e-05,2.0159990526735783e-05,23.911556243896484,0.058005765080451965,550.9337768554688,526.9625244140625,2.695052146911621,0.39861878752708435,0.0,12.0,8.0,64.0,0.23858642578125,0.0,0.0,0.24197165668010712,0.11083984375,9.999999974752427e-07,31.0,64.0
32,1.2909917831420898,-1.734723475976807e-18,-0.7745950818061829,0.3535526692867279,-1.1102230246251565e-16,1.0196572542190552,-0.0006209213170222938,0.5685037970542908,369154.8125,290316.875,64.0,32.5,185.36541748046875,178.5814971923828,304.0,133.0,353.284423828125,330.1971740722656,2.080662250518799,0.9826351404190063,354.594482421875,331.97845458984375,0.0,0.019706647843122482,0.003408969845622778,0.9998721480369568,0.9342392086982727,2.261683995641306e-08,2.961733081008333e-08,0.06575862318277359,2.1433590973174432e-06,248.23023986816406,3774.86962890625,1.0,1.0,31.0,31.0,1.0,1.0,2048.0,1613.390625,681.3233032226562,315.0,178.5,2048.0,1613.390625,2237.0,1791.890625,0.640625,8.0,0.0,0.0,0.0,0.0,1.0,0.046875,0.0,0.21137107908725739,3.0,0.046875,0.875,9.40798781812191e-06,1.2320000678300858e-05,27.29123306274414,0.0625586211681366,415.9726867675781,388.61798095703125,3.1087424755096436,0.3530508577823639,0.0,23.0,8.0,64.0,0.39168116450309753,0.0,0.0,0.27936503291130066,0.068359375,9.999999974752427e-07,32.0,64.0,2.6457433700561523,-6.938893903907228e-18,-0.5773489475250244,0.49999865889549255,-4.440892098500626e-16,6.535160541534424,-0.003269793465733528,0.6298643946647644,520941.84375,394708.0,64.0,32.5,254.96470642089844,252.8907012939453,304.0,133.0,534.0166015625,530.0704345703125,4.42179536819458,2.330244779586792,535.4576416015625,534.6461791992188,0.0,0.03399709612131119,0.021968860179185867,0.9989556670188904,0.9223495125770569,1.6449281048380726e-08,2.5315044283047428e-08,0.0776488408446312,1.6311446415784303e-06,173.46670532226562,2233.989501953125,1.0,1.0,31.0,31.0,1.0,1.0,2048.0,1555.46875,683.279052734375,315.0,178.5,2048.0,1555.46875,2237.0,1733.96875,0.578125,8.0,0.0,0.0,0.0,0.0,1.0,0.046875,0.0,0.21137107908725739,3.0,0.046875,0.75,9.440002031624317e-06,1.4527933672070503e-05,44.50226593017578,0.05926975607872009,573.8853759765625,529.3228759765625,2.7894692420959473,0.3660169541835785,0.0,22.0,8.0,64.0,0.3845991790294647,0.0,0.0,0.30226069688796997,0.10546875,9.999999974752427e-07,32.0,64.0
33,2.6457433700561523,-1.734723475976807e-18,-0.7745950818061829,0.49999871850013733,-1.1102230246251565e-16,0.6877729892730713,-0.0007749300566501915,0.5638542175292969,357549.90625,235361.015625,64.0,32.5,197.66209411621094,183.0635223388672,224.0,122.5,354.7153015136719,341.59527587890625,2.0128231048583984,0.8906687498092651,356.3849792480469,343.17266845703125,0.0,0.014269834384322166,0.004164534620940685,0.9997928142547607,0.951102077960968,2.282028432887273e-08,2.87493051587262e-08,0.048895686864852905,2.181739773732261e-06,213.28985595703125,4362.140625,1.0,1.0,32.0,32.0,1.0,1.0,2048.0,1313.171875,604.4292602539062,228.0,161.125,2048.0,1313.171875,2256.0,1474.296875,0.296875,8.0,0.0,0.0,0.0,0.0,1.0,0.1875,0.0,0.3903123736381531,12.0,0.1875,0.75,8.991919457912445e-06,1.1328142136335373e-05,19.20552635192871,0.060932550579309464,394.0318603515625,374.7645263671875,3.2545480728149414,0.3480396270751953,0.0,16.0,8.0,64.0,0.28061676025390625,0.0,0.0,0.32055142521858215,0.0966796875,9.999999974752427e-07,33.0,64.0,1.7320468425750732,-1.0408340855860843e-17,-0.9999979734420776,0.707105278968811,-6.661338147750939e-16,2.096968173980713,-0.00238552363589406,0.6101057529449463,525758.5625,346031.875,64.0,32.5,273.50439453125,262.1964416503906,224.0,122.5,654.926025390625,653.0046997070312,4.059685707092285,2.142731189727783,659.3587646484375,657.3092041015625,0.0,-0.008695825934410095,0.023980872705578804,1.0000615119934082,0.9401683807373047,1.568606222690505e-08,2.299494816782044e-08,0.05983012169599533,1.4564851653631194e-06,149.8994598388672,2505.41796875,1.0,1.0,32.0,32.0,1.0,1.0,2048.0,1333.09375,607.1881713867188,228.0,161.125,2048.0,1333.09375,2256.0,1494.21875,0.328125,8.0,0.0,0.0,0.0,0.0,1.0,0.1875,0.0,0.3903123736381531,12.0,0.1875,0.5,8.928007446229458e-06,1.3087992556393147e-05,33.995182037353516,0.058220066130161285,569.1681518554688,535.1138916015625,2.981152057647705,0.36527571082115173,0.0,17.0,8.0,64.0,0.3137781620025635,0.0,0.0,0.3368864953517914,0.1474609375,9.999999974752427e-07,33.0,64.0
34,2.6457433700561523,0.0,-0.3779633343219757,0.7071046233177185,0.0,0.8391829133033752,-0.0004344626213423908,0.4814901649951935,345005.09375,290245.78125,64.0,32.5,168.54180908203125,167.60816955566406,192.0,112.0,347.7272644042969,341.71417236328125,1.382841944694519,0.8255208134651184,349.24029541015625,343.25537109375,0.0,-0.01666344702243805,0.003123335540294647,0.9999906420707703,0.9305772185325623,1.8023179393367172e-08,2.8543128749447533e-08,0.06942062079906464,2.1207729332672898e-06,282.32330322265625,4066.8505859375,1.0,1.0,33.0,33.0,1.0,1.0,2048.0,1730.921875,402.26251220703125,201.0,146.375,2048.0,1730.921875,2249.0,1877.296875,0.484375,8.0,0.0,0.0,0.0,0.0,1.0,0.0625,0.0,0.24206146597862244,4.0,0.0625,0.5,7.071997970342636e-06,1.119985245168209e-05,27.17819595336914,0.06130867451429367,392.38348388671875,365.14312744140625,3.1311748027801514,0.3542969226837158,0.0,23.0,8.0,64.0,0.3626708984375,0.0,0.0,0.21147313714027405,0.1435546875,9.999999974752427e-07,34.0,64.0,2.6457433700561523,0.0,-0.3779633343219757,0.4999984800815582,0.0,1.9666216373443604,-0.0018320491071790457,0.5388899445533752,535882.9375,445532.84375,64.0,32.5,274.9912414550781,264.42596435546875,192.0,112.0,529.34912109375,529.2283325195312,4.153830051422119,2.235914707183838,533.7574462890625,533.5838012695312,0.0,-0.00475392397493124,0.01715203933417797,0.9999068379402161,0.9203853607177734,1.877519295589991e-08,2.5754943067113345e-08,0.0796130821108818,1.5327882465498988e-06,183.0625,2299.40234375,1.0,1.0,33.0,33.0,1.0,1.0,2048.0,1691.671875,437.0193176269531,201.0,146.375,2048.0,1691.671875,2249.0,1838.046875,0.5,8.0,0.0,0.0,0.0,0.0,1.0,0.03125,0.0,0.17399263381958008,2.0,0.03125,0.75,1.1104042641818523e-05,1.5232013538479805e-05,47.026039123535156,0.05880553647875786,591.4209594726562,544.335205078125,2.777446746826172,0.36176249384880066,0.0,23.0,8.0,64.0,0.37600308656692505,0.0,0.0,0.2094566971063614,0.09228515625,9.999999974752427e-07,34.0,64.0
35,2.6457433700561523,-6.938893903907228e-18,-0.5773489475250244,0.49999865889549255,-4.440892098500626e-16,0.6413701176643372,-0.0007402836345136166,0.5472941994667053,374782.875,277092.03125,64.0,32.5,187.14230346679688,180.96170043945312,160.0,101.5,358.1294250488281,348.4583435058594,1.464185118675232,0.8659680485725403,359.2626953125,350.0000305175781,0.0,0.03054262138903141,0.0028953549917787313,0.9997430443763733,0.9467719197273254,1.5498887506737447e-08,2.8004960128669154e-08,0.05322607606649399,1.9502963368722703e-06,232.7011260986328,4371.9384765625,1.0,1.0,34.0,34.0,1.0,1.0,2048.0,1516.4375,621.2964477539062,176.0,135.375,2048.0,1516.4375,2224.0,1651.8125,0.40625,8.0,0.0,0.0,0.0,0.0,1.0,0.046875,0.0,0.21137107908725739,3.0,0.046875,0.75,6.4640771597623825e-06,1.167994923889637e-05,22.136796951293945,0.06205087527632713,417.0671691894531,394.86749267578125,3.2010080814361572,0.35412314534187317,0.0,19.0,8.0,64.0,0.32121196389198303,0.0,0.0,0.31199076771736145,0.11328125,9.999999974752427e-07,35.0,64.0,2.6457433700561523,0.0,-0.3779633343219757,0.4999984800815582,0.0,4.747567176818848,-0.002158022252842784,0.5874966382980347,540943.0,382717.03125,64.0,32.5,266.9065856933594,261.15960693359375,160.0,101.5,526.5185546875,525.6641845703125,4.091142177581787,2.161130666732788,530.0660400390625,529.9197387695312,0.0,0.004864910617470741,0.01968795247375965,0.9997175335884094,0.9375494718551636,1.905633695287179e-08,2.4844233337262267e-08,0.06244891136884689,1.5441071354871383e-06,159.12481689453125,2548.079833984375,1.0,1.0,34.0,34.0,1.0,1.0,2048.0,1457.109375,604.6519775390625,176.0,135.375,2048.0,1457.109375,2224.0,1592.484375,0.359375,8.0,0.0,0.0,0.0,0.0,1.0,0.03125,0.0,0.17399263381958008,2.0,0.03125,0.75,1.116795465350151e-05,1.455994788557291e-05,36.54021453857422,0.05793171748518944,586.0493774414062,549.4503173828125,2.899925470352173,0.36201635003089905,0.0,18.0,8.0,64.0,0.3092515766620636,0.0,0.0,0.3084905445575714,0.09228515625,9.999999974752427e-07,35.0,64.0
36,1.7320468425750732,-1.0408340855860843e-17,-0.7745950818061829,0.6123711466789246,-6.661338147750939e-16,0.6487927436828613,-0.0006383400759659708,0.49388524889945984,351770.40625,219015.671875,64.0,32.5,181.46836853027344,176.65115356445312,176.0,104.5,347.8805236816406,340.9358825683594,1.5322489738464355,0.9083859324455261,349.6231994628906,342.5440368652344,0.0,0.02257283590734005,0.0032071282621473074,0.9998142719268799,0.9550617337226868,1.972230379010398e-08,3.3395870957519946e-08,0.04493594542145729,2.2845736111776205e-06,207.51705932617188,4618.0634765625,1.0,1.0,35.0,35.0,1.0,1.0,2048.0,1252.09375,542.5918579101562,187.0,139.25,2048.0,1252.09375,2235.0,1391.34375,0.1875,8.0,0.0,0.0,0.0,0.0,1.0,0.125,0.0,0.33071890473365784,8.0,0.125,0.625,7.6158903539180756e-06,1.2896023690700531e-05,17.29146957397461,0.060825932770967484,386.1562194824219,368.8030090332031,3.086388349533081,0.35311436653137207,0.0,15.0,8.0,64.0,0.2758626341819763,0.0,0.0,0.25003543496131897,0.12255859375,9.999999974752427e-07,36.0,64.0,2.6457433700561523,0.0,-0.3779633343219757,0.4999984800815582,0.0,3.5210118293762207,-0.002785781631246209,0.5419143438339233,528117.5,346107.46875,64.0,32.5,258.8290710449219,257.96875,176.0,104.5,544.0042724609375,541.2268676757812,4.08864688873291,2.134275436401367,545.6500244140625,545.48291015625,0.0,0.03904225304722786,0.019720997661352158,0.9991277456283569,0.9431731700897217,1.7771794702525767e-08,2.3789501923943135e-08,0.056825317442417145,1.4917592352503561e-06,151.0557098388672,2658.24658203125,1.0,1.0,35.0,35.0,1.0,1.0,2048.0,1342.953125,565.0377197265625,187.0,139.25,2048.0,1342.953125,2235.0,1482.203125,0.328125,8.0,0.0,0.0,0.0,0.0,1.0,0.03125,0.0,0.17399263381958008,2.0,0.03125,0.75,1.0111951269209385e-05,1.3535958714783192e-05,32.27426528930664,0.05870022624731064,568.98876953125,536.6549072265625,2.928966999053955,0.3603159487247467,0.0,16.0,8.0,64.0,0.27675628662109375,0.0,0.0,0.249226912856102,0.1025390625,9.999999974752427e-07,36.0,64.0
37,2.6457433700561523,-6.938893903907228e-18,-1.2909917831420898,0.7071051001548767,-4.440892098500626e-16,0.6936290860176086,-0.0008120352867990732,0.5874179005622864,362166.78125,298289.53125,64.0,32.5,176.92562866210938,173.9833526611328,176.0,115.0,356.76593017578125,341.151611328125,1.5735609531402588,0.8410216569900513,358.1385498046875,342.6827697753906,0.0,0.01679081656038761,0.0031560456845909357,0.9997071027755737,0.9374315142631531,2.3200326992878217e-08,2.7824881954074954e-08,0.06256628781557083,2.1517871573450975e-06,267.7553405761719,4279.546875,1.0,1.0,36.0,36.0,1.0,1.0,2048.0,1708.03125,449.24200439453125,187.0,154.75,2048.0,1708.03125,2235.0,1862.78125,0.5,8.0,0.0,0.0,0.0,0.0,1.0,0.171875,0.0,0.37727177143096924,11.0,0.171875,0.5,9.47178341448307e-06,1.13598071038723e-05,25.481651306152344,0.06170695275068283,408.2607727050781,382.71649169921875,3.100605010986328,0.6971067190170288,0.0,22.0,8.0,64.0,0.3388561010360718,0.0,0.0,0.3472212255001068,0.154296875,9.999999974752427e-07,37.0,64.0,1.7320468425750732,-8.673617379884035e-18,-0.7745950818061829,0.49999889731407166,-5.551115123125783e-16,2.981200695037842,-0.0027960173320025206,0.6104836463928223,536780.8125,428388.75,64.0,32.5,262.22802734375,260.0975036621094,176.0,115.0,543.4522705078125,536.6883544921875,4.302148818969727,2.3294694423675537,545.0706787109375,541.222412109375,0.0,0.02385232038795948,0.020671196281909943,0.9990596175193787,0.9314101338386536,1.267903826374095e-08,2.1095544866511773e-08,0.06858846545219421,1.3823489553033141e-06,179.94723510742188,2623.57861328125,1.0,1.0,36.0,36.0,1.0,1.0,2048.0,1646.3125,457.83770751953125,187.0,154.75,2048.0,1646.3125,2235.0,1801.0625,0.40625,8.0,0.0,0.0,0.0,0.0,1.0,0.078125,0.0,0.2683681845664978,5.0,0.078125,0.75,7.42392148822546e-06,1.2352014891803265e-05,40.102256774902344,0.05815594270825386,585.5271606445312,545.365966796875,2.7744998931884766,0.3669894337654114,0.0,20.0,8.0,64.0,0.2968505918979645,0.0,0.0,0.31973472237586975,0.169921875,9.999999974752427e-07,37.0,64.0
38,1.2909917831420898,-3.469446951953614e-18,-2.6457433700561523,0.6123709678649902,-2.220446049250313e-16,1.365777611732483,-0.0007554797339253128,0.6269801259040833,366832.8125,234927.375,64.0,32.5,179.20509338378906,174.58108520507812,176.0,113.5,356.11431884765625,347.6065979003906,1.705016016960144,0.9757269620895386,357.12481689453125,349.32830810546875,0.0,0.007788299582898617,0.003828546730801463,0.9998584985733032,0.9476560950279236,1.9401250384021296e-08,2.7682215630875362e-08,0.0523417629301548,2.0883842353214277e-06,210.50296020507812,4021.701904296875,1.0,1.0,37.0,37.0,1.0,1.0,2048.0,1334.546875,604.4519653320312,184.0,150.125,2048.0,1334.546875,2232.0,1484.671875,0.328125,8.0,0.0,0.0,0.0,0.0,1.0,0.203125,0.0,0.4023247957229614,13.0,0.203125,0.625,7.872004061937332e-06,1.1231983080506325e-05,21.17748260498047,0.06004378944635391,405.7472839355469,384.5088806152344,3.1950018405914307,0.3472190201282501,0.0,18.0,8.0,64.0,0.3560451865196228,0.0,0.0,0.3617134690284729,0.1640625,9.999999974752427e-07,38.0,64.0,0.9999979734420776,1.734723475976807e-18,-1.2909917831420898,0.6123712062835693,1.1102230246251565e-16,2.9002346992492676,-0.004083918407559395,0.6765905618667603,525014.75,333441.75,64.0,32.5,264.3597717285156,257.7170104980469,176.0,113.5,553.8204345703125,553.4723510742188,4.150854110717773,2.0343852043151855,558.1619873046875,557.8676147460938,0.0,-0.004474060609936714,0.025752415880560875,0.998504638671875,0.9372475743293762,1.4940850334710376e-08,2.4717351720937586e-08,0.06275088340044022,1.4751745993635268e-06,145.88011169433594,2324.75,1.0,1.0,37.0,37.0,1.0,1.0,2048.0,1298.421875,604.818115234375,184.0,150.125,2048.0,1298.421875,2232.0,1448.546875,0.265625,8.0,0.0,0.0,0.0,0.0,1.0,0.203125,0.0,0.4023247957229614,13.0,0.203125,0.625,8.51089134812355e-06,1.4079967513680458e-05,35.687381744384766,0.05796829238533974,569.6389770507812,533.8927612304688,3.0937387943267822,0.3653520345687866,0.0,16.0,8.0,64.0,0.29319000244140625,0.0,0.0,0.38180020451545715,0.15625,9.999999974752427e-07,38.0,64.0
39,0.9999979734420776,0.0,-0.9999979734420776,0.3535526692867279,0.0,0.6850395202636719,-0.0008691059774719179,0.5295438170433044,377328.15625,278636.71875,64.0,32.5,198.6670379638672,190.0162811279297,160.0,95.5,358.2272033691406,353.6090087890625,1.997877836227417,0.9939563870429993,360.585205078125,355.2691345214844,0.0,-0.014478176832199097,0.0033306630793958902,0.9996126890182495,0.945794939994812,2.003744015155462e-08,2.5598499320267365e-08,0.054203107953071594,1.886833160824608e-06,225.88438415527344,4167.36962890625,1.0,1.0,38.0,38.0,1.0,1.0,2048.0,1482.4375,561.8897094726562,165.0,126.375,2048.0,1482.4375,2213.0,1608.8125,0.34375,8.0,0.0,0.0,0.0,0.0,1.0,0.1875,0.0,0.3903123736381531,12.0,0.1875,0.875,8.416129276156425e-06,1.0751886293292046e-05,22.70585823059082,0.06054132431745529,420.02020263671875,397.25299072265625,3.27640438079834,0.3484770357608795,0.0,19.0,8.0,64.0,0.3388928771018982,0.0,0.0,0.2781083285808563,0.06298828125,9.999999974752427e-07,39.0,64.0,2.6457433700561523,0.0,-0.3779633343219757,0.35355231165885925,0.0,1.9748380184173584,-0.002560260007157922,0.5806881189346313,543667.625,382553.59375,64.0,32.5,276.7138671875,267.5645446777344,160.0,95.5,546.0154418945312,545.2850952148438,4.08778190612793,2.215607166290283,549.7055053710938,549.5225830078125,0.0,-0.028645459562540054,0.021234573796391487,0.9994797110557556,0.9375688433647156,1.5766074668022156e-08,2.5769544720333215e-08,0.062429726123809814,1.416392137798539e-06,155.6962432861328,2493.944091796875,1.0,1.0,38.0,38.0,1.0,1.0,2048.0,1431.921875,578.9027709960938,165.0,126.375,2048.0,1431.921875,2213.0,1558.296875,0.34375,8.0,0.0,0.0,0.0,0.0,1.0,0.140625,0.0,0.34763431549072266,9.0,0.140625,0.875,9.279930964112282e-06,1.516798511147499e-05,36.6883659362793,0.05784682556986809,588.6011962890625,551.8541259765625,2.7563138008117676,0.3583851456642151,0.0,18.0,8.0,64.0,0.3240898847579956,0.0,0.0,0.2885386049747467,0.05615234375,9.999999974752427e-07,39.0,64.0
40,1.7320468425750732,-6.938893903907228e-18,-0.5773489475250244,0.35355257987976074,-4.440892098500626e-16,1.0556144714355469,-0.001049768878147006,0.5668670535087585,359480.5,243523.296875,64.0,32.5,179.47885131835938,173.17120361328125,208.0,112.0,347.5552062988281,326.239990234375,1.7278960943222046,0.903401792049408,348.94873046875,327.8439025878906,0.0,-0.004138050600886345,0.004157539457082748,0.9995617866516113,0.9504415988922119,1.7188320100558485e-08,2.9394062295295953e-08,0.049556419253349304,1.9472488475003047e-06,224.58218383789062,4531.8486328125,1.0,1.0,39.0,39.0,1.0,1.0,2048.0,1398.0625,478.5840148925781,216.0,149.625,2048.0,1398.0625,2264.0,1547.6875,0.25,8.0,0.0,0.0,0.0,0.0,1.0,0.03125,0.0,0.17399263381958008,2.0,0.03125,0.875,6.8480148911476135e-06,1.1710915714502335e-05,19.682445526123047,0.061372485011816025,398.41094970703125,378.66632080078125,3.0177199840545654,0.35366860032081604,0.0,17.0,8.0,64.0,0.2892061173915863,0.0,0.0,0.32617753744125366,0.0986328125,9.999999974752427e-07,40.0,64.0,1.7320468425750732,-6.938893903907228e-18,-0.5773489475250244,0.35355257987976074,-4.440892098500626e-16,2.756397008895874,-0.00374852423556149,0.6056188344955444,549225.6875,382708.375,64.0,32.5,270.1199951171875,263.931640625,208.0,112.0,540.99365234375,539.7593383789062,4.259460926055908,2.2918403148651123,544.2464599609375,544.1256713867188,0.0,0.0013083666563034058,0.025843316689133644,0.9986611008644104,0.9387914538383484,1.519051906484492e-08,2.0792606747477294e-08,0.061207156628370285,1.345262262475444e-06,155.54541015625,2541.294677734375,1.0,1.0,39.0,39.0,1.0,1.0,2048.0,1443.796875,508.4645690917969,216.0,149.625,2048.0,1443.796875,2264.0,1593.421875,0.359375,8.0,0.0,0.0,0.0,0.0,1.0,0.03125,0.0,0.17399263381958008,2.0,0.03125,0.875,9.024050086736679e-06,1.2352014891803265e-05,36.302120208740234,0.05848041921854019,594.0579833984375,557.6965942382812,2.8031907081604004,0.361505925655365,0.0,18.0,8.0,64.0,0.3088446855545044,0.0,0.0,0.3191501200199127,0.07861328125,9.999999974752427e-07,40.0,64.0
41,1.7320468425750732,-2.0816681711721685e-17,-1.2909917831420898,0.7905676960945129,-1.3322676295501878e-15,0.7983431816101074,-0.0007883816142566502,0.577955424785614,365196.90625,197615.40625,64.0,32.5,179.55828857421875,173.38693237304688,160.0,97.0,351.8861083984375,342.45135498046875,1.8386470079421997,0.8994768857955933,353.1351013183594,344.0224304199219,0.0,-0.01664203219115734,0.003858217503875494,0.9997219443321228,0.9604076743125916,1.9077850410553765e-08,2.9215572183716176e-08,0.03959023952484131,2.035965962932096e-06,179.73741149902344,4539.9423828125,1.0,1.0,40.0,40.0,1.0,1.0,2048.0,1125.84375,666.9091796875,165.0,126.25,2048.0,1125.84375,2213.0,1252.09375,0.1875,8.0,0.0,0.0,0.0,0.0,1.0,0.21875,0.0,0.4133986532688141,14.0,0.21875,0.375,7.64802098274231e-06,1.1712079867720604e-05,15.812162399291992,0.058964747935533524,400.88482666015625,385.01287841796875,3.087336778640747,0.5942308306694031,0.0,14.0,8.0,64.0,0.3018450140953064,0.0,0.0,0.2581254839897156,0.248046875,9.999999974752427e-07,41.0,64.0,2.6457433700561523,-3.469446951953614e-18,-0.7745950818061829,0.866023063659668,-2.220446049250313e-16,5.035358428955078,-0.003623358206823468,0.6378334760665894,537708.1875,307027.46875,64.0,32.5,262.68109130859375,261.5266418457031,160.0,97.0,526.1060180664062,523.5953979492188,4.024134159088135,2.072648286819458,527.9324340820312,527.7737426757812,0.0,-0.04550877958536148,0.023772425949573517,0.9989476203918457,0.9504224061965942,1.3979750690396031e-08,2.0554201896061386e-08,0.04957616701722145,1.393178081343649e-06,130.70526123046875,2636.45361328125,1.0,1.0,40.0,40.0,1.0,1.0,2048.0,1173.234375,682.2520141601562,165.0,126.25,2048.0,1173.234375,2213.0,1299.484375,0.265625,8.0,0.0,0.0,0.0,0.0,1.0,0.15625,0.0,0.36309218406677246,10.0,0.15625,0.25,8.031027391552925e-06,1.1807889677584171e-05,28.42158317565918,0.05872189253568649,574.4757080078125,545.9945678710938,2.786882162094116,0.36598336696624756,0.0,14.0,8.0,64.0,0.2753993570804596,0.0,0.0,0.2771160304546356,0.25390625,9.999999974752427e-07,41.0,64.0
42,1.7320468425750732,-2.949029909160572e-17,-0.7745950818061829,0.7905676364898682,-1.887379141862766e-15,0.6849737167358398,-0.0008450114983133972,0.5704497694969177,341555.40625,219904.75,64.0,32.5,167.892333984375,167.06631469726562,336.0,130.0,359.8712158203125,343.6690979003906,1.5036089420318604,0.8628875613212585,361.55389404296875,345.2900390625,0.0,0.04005025699734688,0.004066004417836666,0.9997295141220093,0.9496652483940125,2.0976418824147913e-08,3.019594885245169e-08,0.05033254995942116,2.1658747755282093e-06,222.97396850585938,4430.015625,1.0,1.0,41.0,41.0,1.0,1.0,2048.0,1318.09375,519.9069213867188,337.0,171.625,2048.0,1318.09375,2385.0,1489.71875,0.234375,8.0,0.0,0.0,0.0,0.0,1.0,0.171875,0.0,0.37727177143096924,11.0,0.171875,0.375,7.936032488942146e-06,1.1424068361520767e-05,18.983814239501953,0.05855748802423477,378.3311462402344,359.2879333496094,3.0869250297546387,0.35298702120780945,0.0,16.0,8.0,64.0,0.2730865478515625,0.0,0.0,0.3121855556964874,0.1865234375,9.999999974752427e-07,42.0,64.0,2.6457433700561523,-6.938893903907228e-18,-0.9999979734420776,0.7071049213409424,-4.440892098500626e-16,4.324408531188965,-0.003700851695612073,0.5925747156143188,533793.875,314719.625,64.0,32.5,267.1601257324219,263.5422058105469,336.0,130.0,538.2388305664062,538.0086669921875,4.516452312469482,2.405818462371826,542.796875,542.64697265625,0.0,0.049688275903463364,0.02584632858633995,0.9989230036735535,0.9541444182395935,1.4334554876427319e-08,2.7263547863753956e-08,0.04585285857319832,2.707411113078706e-06,134.7094268798828,2937.863037109375,1.0,1.0,41.0,41.0,1.0,1.0,2048.0,1198.1875,488.5417175292969,337.0,171.625,2048.0,1198.1875,2385.0,1369.8125,0.140625,8.0,0.0,0.0,0.0,0.0,1.0,0.125,0.0,0.33071890473365784,8.0,0.125,0.5,8.160015568137169e-06,1.5519908629357815e-05,26.043981552124023,0.057982951402664185,569.2549438476562,543.1513671875,2.8287041187286377,0.3647821843624115,0.0,13.0,8.0,64.0,0.17739632725715637,0.0,0.0,0.2883111536502838,0.1767578125,9.999999974752427e-07,42.0,64.0
43,2.6457433700561523,-6.938893903907228e-18,-0.5773489475250244,0.49999865889549255,-4.440892098500626e-16,0.926390528678894,-0.000676002586260438,0.5008920431137085,344514.0625,213913.015625,64.0,32.5,172.9904022216797,170.3825225830078,144.0,89.5,348.2338562011719,339.19171142578125,1.5194488763809204,0.8908084034919739,349.8146667480469,340.75494384765625,0.0,-0.012399809435009956,0.0035309859085828066,0.9998555183410645,0.955792248249054,1.8692540848519457e-08,3.205622434165889e-08,0.04420548677444458,2.2211870600585826e-06,213.34136962890625,4826.12890625,1.0,1.0,42.0,42.0,1.0,1.0,2048.0,1261.15625,522.52880859375,152.0,116.25,2048.0,1261.15625,2200.0,1377.40625,0.15625,8.0,0.0,0.0,0.0,0.0,1.0,0.046875,0.0,0.21137107908725739,3.0,0.046875,0.75,7.071997970342636e-06,1.2127915397286415e-05,16.663599014282227,0.06077785789966583,378.3326110839844,361.60736083984375,3.0000290870666504,0.3524932861328125,0.0,14.0,8.0,64.0,0.2319161593914032,0.0,0.0,0.2688252031803131,0.1337890625,9.999999974752427e-07,43.0,64.0,0.0,0.0,0.0,0.0,0.0,5.9386887550354,-0.0036799111403524876,0.5321913361549377,531482.5,326992.0625,64.0,32.5,259.6397399902344,258.5296936035156,144.0,89.5,523.8388061523438,521.6470336914062,4.058629512786865,2.1557118892669678,525.9949951171875,525.8307495117188,0.0,0.0,0.020933937281370163,0.9984349012374878,0.9432268142700195,1.946699512700434e-08,2.5452786545088202e-08,0.05677157640457153,1.5453880450877477e-06,141.54379272460938,2493.2158203125,1.0,1.0,42.0,42.0,1.0,1.0,2048.0,1265.140625,552.09130859375,152.0,116.25,2048.0,1265.140625,2200.0,1381.390625,0.234375,8.0,0.0,0.0,0.0,0.0,0.0,0.0,0.0,0.0,0.0,0.0,1.0,1.1135940439999104e-05,1.4560064300894737e-05,32.41788864135742,0.05784272775053978,572.0420532226562,539.5654296875,2.665867805480957,0.35900941491127014,0.0,16.0,8.0,64.0,0.32598114013671875,0.0,0.0,0.2575260400772095,0.0,9.999999974752427e-07,43.0,64.0
44,2.6457433700561523,-1.734723475976807e-18,-0.7745950818061829,0.6123707890510559,-1.1102230246251565e-16,0.723018229007721,-0.0005648388178087771,0.46961039304733276,351833.46875,287730.0625,64.0,32.5,173.5211639404297,171.61737060546875,320.0,143.5,350.98602294921875,346.14764404296875,1.420088768005371,0.7845717668533325,352.81060791015625,347.63946533203125,0.0,0.012087296694517136,0.002759726718068123,0.9998344779014587,0.9353085160255432,2.4395399478294166e-08,3.123881242572679e-08,0.06468933820724487,2.116749101332971e-06,269.8615417480469,4171.65380859375,1.0,1.0,43.0,43.0,1.0,1.0,2048.0,1675.890625,498.24237060546875,325.0,185.375,2048.0,1675.890625,2373.0,1861.265625,0.578125,8.0,0.0,0.0,0.0,0.0,1.0,0.078125,0.0,0.2683681845664978,5.0,0.078125,0.625,9.695999324321747e-06,1.2415926903486252e-05,25.652841567993164,0.05806292966008186,397.45196533203125,371.7402038574219,3.08561110496521,0.35712748765945435,0.0,22.0,8.0,64.0,0.33939430117607117,0.0,0.0,0.22154942154884338,0.111328125,9.999999974752427e-07,44.0,64.0,2.6457433700561523,0.0,-0.3779633343219757,0.35355231165885925,0.0,5.966929912567139,-0.0023347095120698214,0.5220928192138672,532894.5,439534.84375,64.0,32.5,267.30157470703125,261.74078369140625,320.0,143.5,563.9752197265625,563.2552490234375,4.658114910125732,2.475933074951172,568.9027099609375,568.04736328125,0.0,0.0012867804616689682,0.015631522983312607,0.99924236536026,0.9197381734848022,1.3918854513406131e-08,2.1258943050384005e-08,0.08026029169559479,1.4893031448082183e-06,183.1515350341797,2281.969482421875,1.0,1.0,43.0,43.0,1.0,1.0,2048.0,1684.296875,509.2615966796875,325.0,185.375,2048.0,1684.296875,2373.0,1869.671875,0.609375,8.0,0.0,0.0,0.0,0.0,1.0,0.015625,0.0,0.12401959300041199,1.0,0.015625,0.875,8.192029781639576e-06,1.25120859593153e-05,47.180885314941406,0.0568181574344635,588.5563354492188,541.3177490234375,2.7074248790740967,0.3584177792072296,0.0,23.0,8.0,64.0,0.36526089906692505,0.0,0.0,0.22947441041469574,0.03857421875,9.999999974752427e-07,44.0,64.0
45,1.7320468425750732,-8.673617379884035e-18,-0.7745950818061829,0.49999889731407166,-5.551115123125783e-16,1.6465773582458496,-0.0009289972949773073,0.6394245624542236,344175.125,247563.59375,64.0,32.5,174.67088317871094,169.3390350341797,224.0,119.5,349.40557861328125,337.16229248046875,1.386584997177124,0.8213875889778137,350.6314697265625,338.6591491699219,0.0,-0.01138974167406559,0.004125114064663649,0.9997106194496155,0.9409139156341553,1.9607984569347536e-08,2.978429414213224e-08,0.05908386409282684,2.1677883523807395e-06,243.181640625,4115.87255859375,1.0,1.0,44.0,44.0,1.0,1.0,2048.0,1469.65625,644.9171752929688,240.0,159.25,2048.0,1469.65625,2288.0,1628.90625,0.375,8.0,0.0,0.0,0.0,0.0,1.0,0.078125,0.0,0.2683681845664978,5.0,0.078125,0.75,7.583992555737495e-06,1.1519994586706161e-05,22.790977478027344,0.06152956187725067,386.7808532714844,363.927490234375,3.201002597808838,0.3499906063079834,0.0,19.0,8.0,64.0,0.33063066005706787,0.0,0.0,0.39842772483825684,0.1591796875,9.999999974752427e-07,45.0,64.0,2.6457433700561523,0.0,-0.3779633343219757,0.4999984800815582,0.0,3.7953338623046875,-0.0033343934919685125,0.6575909852981567,534988.75,381471.0625,64.0,32.5,268.18438720703125,262.7183837890625,224.0,119.5,546.87646484375,546.4224243164062,5.11030387878418,2.6123692989349365,551.9797973632812,551.483154296875,0.0,0.000484970398247242,0.024502230808138847,0.9990943074226379,0.9372405409812927,1.3909966511960192e-08,2.412179966881922e-08,0.06275796890258789,1.479860316067061e-06,160.79312133789062,2562.114990234375,1.0,1.0,44.0,44.0,1.0,1.0,2048.0,1456.5,617.5152587890625,240.0,159.25,2048.0,1456.5,2288.0,1615.75,0.390625,8.0,0.0,0.0,0.0,0.0,1.0,0.03125,0.0,0.17399263381958008,2.0,0.03125,0.75,8.063972927629948e-06,1.3984041288495064e-05,36.324031829833984,0.058408647775650024,579.7262573242188,543.3429565429688,2.782290458679199,0.36586982011795044,0.0,18.0,8.0,64.0,0.2991536557674408,0.0,0.0,0.37564724683761597,0.1357421875,9.999999974752427e-07,45.0,64.0
46,0.3779633343219757,0.0,-2.6457433700561523,0.35355231165885925,0.0,0.8275125026702881,-0.0010427457746118307,0.6354148983955383,357555.9375,208297.03125,64.0,32.5,179.58084106445312,176.57386779785156,144.0,92.5,356.710205078125,342.04144287109375,1.4934649467468262,0.8297991752624512,358.0262756347656,343.5630798339844,0.0,0.012232914566993713,0.004269393160939217,0.9996117949485779,0.9603851437568665,1.7919234096552827e-08,2.9566114889689743e-08,0.039612624794244766,2.17160004467587e-06,193.1610107421875,4876.24853515625,1.0,1.0,45.0,45.0,1.0,1.0,2048.0,1185.765625,540.3193969726562,155.0,123.125,2048.0,1185.765625,2200.0,1308.890625,0.1875,8.0,0.0,0.0,0.0,0.0,1.0,0.234375,0.0,0.42360755801200867,15.0,0.234375,0.875,7.040100172162056e-06,1.1615920811891556e-05,15.501692771911621,0.06129586696624756,392.8795166015625,377.3156433105469,3.154529571533203,0.3533371388912201,0.0,13.0,8.0,64.0,0.21400803327560425,0.0,0.0,0.41245386004447937,0.0849609375,9.999999974752427e-07,46.0,64.0,0.9999979734420776,6.938893903907228e-18,-1.7320468425750732,0.49999892711639404,4.440892098500626e-16,12.24998664855957,-0.004630930721759796,0.6741308569908142,537848.5,306859.0625,64.0,32.5,268.4620056152344,264.7729187011719,144.0,92.5,540.1942138671875,532.5877075195312,3.935271978378296,2.0928761959075928,541.8133544921875,536.699462890625,0.0,0.012344196438789368,0.028504647314548492,0.998546302318573,0.9507331252098083,1.9772762982483982e-08,3.575619444973199e-08,0.04926478862762451,2.0323457192716887e-06,129.57379150390625,2630.150146484375,1.0,1.0,45.0,45.0,1.0,1.0,2048.0,1163.1875,556.611083984375,155.0,123.125,2048.0,1163.1875,2164.0,1286.3125,0.21875,8.0,0.0,0.0,0.0,0.0,1.0,0.15625,0.0,0.36309218406677246,10.0,0.15625,0.75,1.1360039934515953e-05,2.0542996935546398e-05,28.247156143188477,0.05693003162741661,574.5297241210938,546.2244262695312,2.8241140842437744,0.3627433776855469,0.0,14.0,8.0,64.0,0.2827497124671936,0.0,0.0,0.41482576727867126,0.125,9.999999974752427e-07,46.0,64.0
47,2.6457433700561523,-1.734723475976807e-18,-0.7745950818061829,0.6123707890510559,-1.1102230246251565e-16,0.6954529285430908,-0.0007552202441729605,0.513512134552002,347735.1875,264182.875,64.0,32.5,171.4748992919922,169.8158416748047,272.0,116.5,354.3546447753906,345.466064453125,1.9253348112106323,0.8949897885322571,356.22406005859375,347.0759582519531,0.0,0.0006052097305655479,0.0030283278319984674,0.99970942735672,0.9391811490058899,2.0399511413415894e-08,3.142189086702274e-08,0.06081654131412506,2.2760809770261403e-06,256.3423767089844,4215.0107421875,1.0,1.0,46.0,46.0,1.0,1.0,2048.0,1558.203125,533.4019775390625,286.0,153.625,2048.0,1558.203125,2334.0,1711.828125,0.390625,8.0,0.0,0.0,0.0,0.0,1.0,0.078125,0.0,0.2683681845664978,5.0,0.078125,0.625,7.936032488942146e-06,1.2224074453115463e-05,23.59735679626465,0.06213272735476494,389.030517578125,365.3701171875,3.3204753398895264,0.35513725876808167,0.0,20.0,8.0,64.0,0.33170777559280396,0.0,0.0,0.2674521803855896,0.10888671875,9.999999974752427e-07,47.0,64.0,2.6457433700561523,-6.938893903907228e-18,-0.5773489475250244,0.6123707294464111,-4.440892098500626e-16,3.0455517768859863,-0.0028913042042404413,0.5621249079704285,534316.0625,403417.0,64.0,32.5,265.3816223144531,261.7645263671875,272.0,116.5,543.245849609375,542.9078979492188,4.992992877960205,2.6143126487731934,548.2821655273438,547.7941284179688,0.0,-0.02724773995578289,0.0178931076079607,0.9989080429077148,0.9302027821540833,2.0295349401067142e-08,3.9658196726577444e-08,0.06979520618915558,1.973844518943224e-06,169.37159729003906,2426.69384765625,1.0,1.0,46.0,46.0,1.0,1.0,2048.0,1543.890625,530.0130615234375,286.0,153.625,2048.0,1543.890625,2334.0,1697.515625,0.40625,8.0,0.0,0.0,0.0,0.0,1.0,0.0625,0.0,0.24206146597862244,4.0,0.0625,0.625,1.1840020306408405e-05,2.3136031813919544e-05,40.65932846069336,0.05821184813976288,583.3858642578125,542.6671752929688,2.795909881591797,0.3643817901611328,0.0,20.0,8.0,64.0,0.33729857206344604,0.0,0.0,0.26110392808914185,0.11376953125,9.999999974752427e-07,47.0,64.0
48,1.7320468425750732,-6.938893903907228e-18,-0.5773489475250244,0.35355257987976074,-4.440892098500626e-16,1.0369422435760498,-0.0005115781095810235,0.5411394834518433,367657.84375,285586.46875,64.0,32.5,193.8077392578125,181.83575439453125,256.0,130.0,353.8357238769531,348.1852722167969,1.6610161066055298,0.8353098034858704,355.3860168457031,349.73956298828125,0.0,-0.006005642935633659,0.002977750962600112,0.9999698400497437,0.9366564154624939,1.4958587257751788e-08,2.7345379294274608e-08,0.06334157288074493,1.9751655599975493e-06,246.0966033935547,3885.230224609375,1.0,1.0,47.0,47.0,1.0,1.0,2048.0,1579.421875,528.135498046875,260.0,172.75,2048.0,1579.421875,2292.0,1752.171875,0.46875,8.0,0.0,0.0,0.0,0.0,1.0,0.03125,0.0,0.17399263381958008,2.0,0.03125,0.875,6.144167855381966e-06,1.1231983080506325e-05,25.957107543945312,0.0601411871612072,410.7452087402344,384.72711181640625,3.1209700107574463,0.34672975540161133,0.0,22.0,8.0,64.0,0.37813499569892883,0.0,0.0,0.2903623580932617,0.0537109375,9.999999974752427e-07,48.0,64.0,2.6457433700561523,0.0,-0.3779633343219757,0.4999984800815582,0.0,4.186093807220459,-0.0033292751759290695,0.5841583013534546,543725.3125,423166.71875,64.0,32.5,266.0578918457031,265.5921936035156,256.0,130.0,559.90087890625,559.566650390625,4.320389270782471,2.309199810028076,564.4176025390625,564.0012817382812,0.0,-0.004623979330062866,0.018672442063689232,0.9984872341156006,0.9251797199249268,1.752790801390347e-08,4.229045558190592e-08,0.07481827586889267,1.9558274289011024e-06,170.89390563964844,2284.119873046875,1.0,1.0,47.0,47.0,1.0,1.0,2048.0,1594.09375,489.26751708984375,260.0,172.75,2048.0,1594.09375,2292.0,1766.84375,0.4375,8.0,0.0,0.0,0.0,0.0,1.0,0.03125,0.0,0.17399263381958008,2.0,0.03125,0.75,1.0463991202414036e-05,2.5246990844607353e-05,44.608150482177734,0.05763290822505951,596.9902954101562,552.3233032226562,2.823338747024536,0.36194396018981934,0.0,22.0,8.0,64.0,0.3729248046875,0.0,0.0,0.28735700249671936,0.09130859375,9.999999974752427e-07,48.0,64.0
49,2.6457433700561523,0.0,-2.6457433700561523,0.7071049809455872,0.0,1.6959326267242432,-0.0005109758931212127,0.43503695726394653,338577.71875,260111.8125,64.0,32.5,165.77908325195312,165.36544799804688,224.0,106.0,341.2933349609375,329.3202819824219,1.9711260795593262,0.9333054423332214,343.6329345703125,331.02130126953125,0.0,0.0071063414216041565,0.0026616875547915697,0.9998980164527893,0.9367142915725708,1.7445252353809337e-08,3.143517801618145e-08,0.06328342109918594,2.2279912172962213e-06,265.17498779296875,4190.27587890625,1.0,1.0,48.0,48.0,1.0,1.0,2048.0,1573.25,511.7087097167969,225.0,140.75,2048.0,1573.25,2273.0,1714.0,0.34375,8.0,0.0,0.0,0.0,0.0,1.0,0.25,0.0,0.4330126941204071,16.0,0.25,0.5,6.624031811952591e-06,1.1936062946915627e-05,23.967464447021484,0.06150069832801819,379.7039794921875,355.6741638183594,3.21042537689209,0.35841670632362366,0.0,20.0,8.0,64.0,0.33085936307907104,0.0,0.0,0.1786893904209137,0.1142578125,9.999999974752427e-07,49.0,64.0,2.6457433700561523,3.469446951953614e-18,-1.2909917831420898,0.6123709678649902,2.220446049250313e-16,5.278711318969727,-0.002010172000154853,0.5056621432304382,533100.375,397486.375,64.0,32.5,260.4300842285156,259.5725402832031,224.0,106.0,526.0137329101562,525.7420654296875,4.282116889953613,2.3024680614471436,530.3170776367188,530.1785888671875,0.0,0.002755562774837017,0.015551765449345112,0.9995770454406738,0.9333859086036682,2.1903794333866244e-08,3.729688557996269e-08,0.06661216169595718,1.8542986026659491e-06,168.84849548339844,2534.7998046875,1.0,1.0,48.0,48.0,1.0,1.0,2048.0,1530.171875,573.40380859375,225.0,140.75,2048.0,1530.171875,2273.0,1670.921875,0.359375,8.0,0.0,0.0,0.0,0.0,1.0,0.171875,0.0,0.37727177143096924,11.0,0.171875,0.625,1.2704054825007915e-05,2.1631945855915546e-05,38.57696533203125,0.05764337256550789,579.9933471679688,541.3576049804688,2.8223891258239746,0.3632936179637909,0.0,19.0,8.0,64.0,0.3133544921875,0.0,0.0,0.19123023748397827,0.09619140625,9.999999974752427e-07,49.0,64.0
50,2.6457433700561523,0.0,-0.3779633343219757,0.4999984800815582,0.0,0.9266698360443115,-0.000725837831851095,0.5867422223091125,342851.5625,291701.09375,64.0,32.5,169.00877380371094,167.84463500976562,1024.0,226.0,358.2765808105469,344.67901611328125,2.2059738636016846,1.072624683380127,360.18109130859375,346.5701599121094,0.0,0.014197822660207748,0.00361837400123477,0.9998489022254944,0.9234153628349304,1.834620277918475e-08,3.106644896888611e-08,0.0765824094414711,2.17770207200374e-06,283.793212890625,3705.72314453125,1.0,1.0,49.0,49.0,1.0,1.0,2048.0,1740.25,405.3037109375,1026.0,299.375,2048.0,1740.25,2601.0,2039.625,0.5625,8.0,0.0,0.0,0.0,0.0,1.0,0.03125,0.0,0.17399263381958008,2.0,0.03125,0.75,7.200054824352264e-06,1.2192176654934883e-05,29.993881225585938,0.06125174090266228,392.45477294921875,362.3987731933594,3.020841121673584,0.3527095913887024,0.0,25.0,8.0,64.0,0.36292970180511475,0.0,0.0,0.35684090852737427,0.10986328125,9.999999974752427e-07,50.0,64.0,2.6457433700561523,0.0,-0.3779633343219757,0.35355231165885925,0.0,2.777956008911133,-0.002398837823420763,0.6296745538711548,549305.0625,471066.40625,64.0,32.5,274.9869079589844,269.6730041503906,1024.0,226.0,846.5309448242188,575.16015625,297.7525634765625,31.185680389404297,852.8015747070312,608.7120971679688,0.0,0.01439972035586834,0.019658081233501434,0.9994815587997437,0.9193628430366516,2.4087698946573255e-08,4.306255974029227e-08,0.08063507825136185,2.0028385279147187e-06,184.50262451171875,2288.11865234375,1.0,1.0,49.0,49.0,1.0,1.0,2048.0,1750.234375,406.8217468261719,1026.0,299.375,2048.0,1750.234375,2601.0,2049.609375,0.578125,8.0,0.0,0.0,0.0,0.0,1.0,0.015625,0.0,0.12401959300041199,1.0,0.015625,0.875,1.4624092727899551e-05,2.6144087314605713e-05,48.89655685424805,0.05851142853498459,607.1187133789062,558.1624145507812,2.989147901535034,0.3634405732154846,0.0,24.0,8.0,64.0,0.3331349790096283,0.0,0.0,0.36600589752197266,0.0888671875,9.999999974752427e-07,50.0,64.0
51,2.6457433700561523,-8.673617379884035e-18,-0.7745950818061829,0.7071049213409424,-5.551115123125783e-16,1.191832423210144,-0.000827382318675518,0.5435947179794312,341939.96875,207375.828125,64.0,32.5,170.66244506835938,166.66021728515625,176.0,112.0,347.3955078125,332.9454345703125,2.321492910385132,0.9759904742240906,348.83642578125,334.6108703613281,0.0,0.028157446533441544,0.004013898316770792,0.9997431039810181,0.9536453485488892,1.9891530200766283e-08,3.017397176563463e-08,0.04635247960686684,2.1441132957988884e-06,209.98313903808594,4530.13818359375,1.0,1.0,50.0,50.0,1.0,1.0,2048.0,1245.671875,583.8468017578125,189.0,149.0,2048.0,1245.671875,2237.0,1394.671875,0.28125,8.0,0.0,0.0,0.0,0.0,1.0,0.109375,0.0,0.3121091425418854,7.0,0.109375,0.5,7.552094757556915e-06,1.1455966159701347e-05,17.54001808166504,0.05834254249930382,379.663818359375,362.06463623046875,3.3941454887390137,0.3569590449333191,0.0,15.0,8.0,64.0,0.2741292417049408,0.0,0.0,0.2779638469219208,0.1669921875,9.999999974752427e-07,51.0,64.0,1.7320468425750732,-8.673617379884035e-18,-0.7745950818061829,0.49999889731407166,-5.551115123125783e-16,3.144700527191162,-0.002565705915912986,0.5856980681419373,536015.0,332726.90625,64.0,32.5,266.4975280761719,262.6226806640625,176.0,112.0,539.114990234375,538.9100341796875,5.152350902557373,2.8099639415740967,544.413330078125,543.9696044921875,0.0,0.0011833151802420616,0.021387608721852303,0.9994959831237793,0.9439172744750977,1.7142674835213256e-08,2.313652558427748e-08,0.05608104541897774,1.6225992567342473e-06,140.89642333984375,2512.371337890625,1.0,1.0,50.0,50.0,1.0,1.0,2048.0,1269.71875,589.2145385742188,189.0,149.0,2048.0,1269.71875,2237.0,1418.71875,0.1875,8.0,0.0,0.0,0.0,0.0,1.0,0.078125,0.0,0.2683681845664978,5.0,0.078125,0.75,9.887036867439747e-06,1.3343989849090576e-05,32.28604507446289,0.05869392678141594,576.7499389648438,544.4042358398438,2.8303825855255127,0.3633340299129486,0.0,16.0,8.0,64.0,0.3077545166015625,0.0,0.0,0.2715058922767639,0.1416015625,9.999999974752427e-07,51.0,64.0
52,2.6457433700561523,-1.734723475976807e-18,-0.7745950818061829,0.7071048021316528,-1.1102230246251565e-16,0.8754743337631226,-0.0006405956228263676,0.5164036750793457,358548.3125,221105.3125,64.0,32.5,175.89047241210938,170.4824981689453,208.0,106.0,345.86138916015625,340.007080078125,1.0187469720840454,0.6864939332008362,347.2502136230469,341.35174560546875,0.0,0.015078818425536156,0.0036277887411415577,0.9998834729194641,0.9551066160202026,2.7718282780142545e-08,4.056538926988651e-08,0.04488915577530861,4.161549895798089e-06,210.0799560546875,4679.97119140625,1.0,1.0,51.0,51.0,1.0,1.0,2048.0,1292.109375,477.0780944824219,213.0,141.5,2048.0,1292.109375,2261.0,1433.609375,0.203125,8.0,0.0,0.0,0.0,0.0,1.0,0.09375,0.0,0.2914806008338928,6.0,0.09375,0.5,1.0910909622907639e-05,1.5967991203069687e-05,17.608179092407227,0.0618019700050354,393.6358642578125,375.9642028808594,3.2926793098449707,0.69147789478302,0.0,15.0,8.0,64.0,0.2538492977619171,0.0,0.0,0.27722522616386414,0.201171875,9.999999974752427e-07,52.0,64.0,1.7320468425750732,-6.938893903907228e-18,-0.5773489475250244,0.35355257987976074,-4.440892098500626e-16,5.431405067443848,-0.0033310356084257364,0.5215620994567871,536921.9375,333257.34375,64.0,32.5,263.2121887207031,262.5249938964844,208.0,106.0,556.0493774414062,555.7576904296875,4.050309658050537,2.0912368297576904,560.536865234375,560.0020141601562,0.0,-0.005161600187420845,0.02020910196006298,0.9986492395401001,0.950839638710022,1.405294280942826e-08,6.937267471585074e-08,0.049158837646245956,1.4305505828815512e-06,141.68006896972656,2882.08740234375,1.0,1.0,51.0,51.0,1.0,1.0,2048.0,1270.3125,479.9693603515625,213.0,141.5,2048.0,1270.3125,2261.0,1411.8125,0.1875,8.0,0.0,0.0,0.0,0.0,1.0,0.03125,0.0,0.17399263381958008,2.0,0.03125,0.875,8.063972927629948e-06,3.9807986468076706e-05,28.151121139526367,0.05760094150900841,573.8280639648438,545.6184692382812,2.7155208587646484,0.6782395243644714,0.0,14.0,8.0,64.0,0.2127162367105484,0.0,0.0,0.24647942185401917,0.10107421875,9.999999974752427e-07,52.0,64.0
53,1.7320468425750732,3.469446951953614e-18,-1.7320468425750732,0.7071052193641663,2.220446049250313e-16,0.7726636528968811,-0.0011216269340366125,0.558264970779419,341763.34375,249030.90625,64.0,32.5,168.65269470214844,167.20489501953125,352.0,137.5,353.96795654296875,339.8692626953125,1.8786150217056274,0.8914456367492676,355.3788757324219,341.44287109375,0.0,0.03649773448705673,0.0038651288487017155,0.9994460344314575,0.9410126805305481,1.957050344003619e-08,2.8315366051856472e-08,0.05898500978946686,2.2451067707152106e-06,248.45550537109375,4212.1806640625,1.0,1.0,52.0,52.0,1.0,1.0,2048.0,1491.703125,569.4536743164062,357.0,184.75,2048.0,1491.703125,2308.0,1676.453125,0.4375,8.0,0.0,0.0,0.0,0.0,1.0,0.28125,0.0,0.4496092200279236,18.0,0.28125,0.5,7.519964128732681e-06,1.0880175977945328e-05,22.606159210205078,0.05882339924573898,384.2498779296875,361.5840148925781,3.2855498790740967,0.3472978472709656,0.0,19.0,8.0,64.0,0.31108012795448303,0.0,0.0,0.30895400047302246,0.171875,9.999999974752427e-07,53.0,64.0,1.2909917831420898,-3.469446951953614e-18,-0.9999979734420776,0.6123712062835693,-2.220446049250313e-16,3.1194114685058594,-0.0029189835768193007,0.6215709447860718,532956.75,377977.96875,64.0,32.5,263.2380676269531,261.2499084472656,352.0,137.5,560.9429931640625,560.6500244140625,4.5425310134887695,2.3534436225891113,565.602783203125,565.2612915039062,0.0,0.026216302067041397,0.025319866836071014,0.9996284246444702,0.9338468313217163,1.6721706685984827e-08,2.2792379539282592e-08,0.06615158915519714,1.5257486438713386e-06,159.9961700439453,2418.62939453125,1.0,1.0,52.0,52.0,1.0,1.0,2048.0,1449.578125,588.9052124023438,357.0,184.75,2048.0,1449.578125,2308.0,1634.328125,0.453125,8.0,0.0,0.0,0.0,0.0,1.0,0.15625,0.0,0.36309218406677246,10.0,0.15625,0.625,9.695999324321747e-06,1.3216049410402775e-05,38.299171447753906,0.05850605666637421,579.8450927734375,541.4865112304688,2.7561209201812744,0.3606707453727722,0.0,19.0,8.0,64.0,0.32840126752853394,0.0,0.0,0.3243738114833832,0.12353515625,9.999999974752427e-07,53.0,64.0
54,2.6457433700561523,-6.938893903907228e-18,-0.5773489475250244,0.6123707294464111,-4.440892098500626e-16,0.6781144142150879,-0.0007276404649019241,0.6015630960464478,354722.625,226838.625,64.0,32.5,173.33175659179688,172.59906005859375,240.0,116.5,346.1144104003906,335.63458251953125,1.814296007156372,0.8944197297096252,347.4824523925781,337.1923522949219,0.0,0.012189337983727455,0.00454404903575778,0.9998860359191895,0.951820969581604,1.8653635081022912e-08,3.035323103972587e-08,0.04817678779363632,2.1662658582499716e-06,214.93154907226562,4461.3095703125,1.0,1.0,53.0,53.0,1.0,1.0,2048.0,1313.53125,613.4998168945312,256.0,157.375,2048.0,1313.53125,2304.0,1470.90625,0.3125,8.0,0.0,0.0,0.0,0.0,1.0,0.0625,0.0,0.24206146597862244,4.0,0.0625,0.625,7.295981049537659e-06,1.1872034519910812e-05,18.7825984954834,0.06074840947985649,391.1291809082031,372.28497314453125,3.4995834827423096,0.361080527305603,0.0,16.0,8.0,64.0,0.2822723388671875,0.0,0.0,0.3331450819969177,0.1669921875,9.999999974752427e-07,54.0,64.0,2.6457433700561523,-6.938893903907228e-18,-0.5773489475250244,0.49999865889549255,-4.440892098500626e-16,10.601901054382324,-0.0031504901126027107,0.6377726197242737,552631.375,345101.125,64.0,32.5,293.57305908203125,280.2879943847656,240.0,116.5,541.754638671875,541.5252075195312,4.868577003479004,2.5472469329833984,546.7603149414062,546.346435546875,0.0,0.009500749409198761,0.028010748326778412,0.9996439814567566,0.9484497904777527,1.671110005929677e-08,2.2984771419487515e-08,0.05154860019683838,1.547152123748674e-06,135.2119598388672,2622.99951171875,1.0,1.0,53.0,53.0,1.0,1.0,2048.0,1250.078125,583.9720458984375,256.0,157.375,2048.0,1250.078125,2304.0,1407.453125,0.25,8.0,0.0,0.0,0.0,0.0,1.0,0.046875,0.0,0.21137107908725739,3.0,0.046875,0.75,9.887968190014362e-06,1.3600103557109833e-05,30.443382263183594,0.0579579621553421,591.7006225585938,561.1983642578125,2.845991611480713,0.36364731192588806,0.0,15.0,8.0,64.0,0.2674723267555237,0.0,0.0,0.3242699205875397,0.150390625,9.999999974752427e-07,54.0,64.0
55,1.2909917831420898,-1.734723475976807e-18,-0.7745950818061829,0.3535526692867279,-1.1102230246251565e-16,1.611738681793213,-0.0008133805240504444,0.5518518686294556,347944.5,194533.0625,64.0,32.5,173.89480590820312,170.958740234375,384.0,137.5,350.7079162597656,340.7057189941406,2.1062939167022705,0.9531469345092773,351.8135681152344,342.3580017089844,0.0,0.0019848295487463474,0.004469044506549835,0.9997788071632385,0.9509702920913696,1.9579857735152473e-08,3.2991376741620115e-08,0.04902733489871025,2.306921714989585e-06,190.5139617919922,3885.87255859375,1.0,1.0,54.0,54.0,1.0,1.0,2048.0,1143.28125,702.0296020507812,389.0,182.125,2048.0,1143.28125,2301.0,1325.40625,0.328125,8.0,0.0,0.0,0.0,0.0,1.0,0.046875,0.0,0.21137107908725739,3.0,0.046875,0.875,7.519964128732681e-06,1.2670876458287239e-05,18.767974853515625,0.06177262216806412,384.0663146972656,365.23565673828125,3.433013677597046,0.35567179322242737,0.0,16.0,8.0,64.0,0.3533172607421875,0.0,0.0,0.27914923429489136,0.07080078125,9.999999974752427e-07,55.0,64.0,2.6457433700561523,0.0,-0.3779633343219757,0.4999984800815582,0.0,4.867257118225098,-0.0036284830421209335,0.5875385403633118,532242.9375,299013.84375,64.0,32.5,270.8166198730469,263.0711669921875,384.0,137.5,557.5970458984375,557.2201538085938,4.6490912437438965,2.414262294769287,562.4260864257812,561.948974609375,0.0,-0.0004632645286619663,0.023757539689540863,0.998909592628479,0.9429416060447693,1.501594759645286e-08,2.7240632860525693e-08,0.05705670267343521,1.6437438716820907e-06,127.83295440673828,2240.45458984375,1.0,1.0,54.0,54.0,1.0,1.0,2048.0,1145.03125,701.9708251953125,389.0,182.125,2048.0,1145.03125,2301.0,1327.15625,0.34375,8.0,0.0,0.0,0.0,0.0,1.0,0.03125,0.0,0.17399263381958008,2.0,0.03125,0.75,8.608098141849041e-06,1.5616067685186863e-05,32.649932861328125,0.058608997613191605,573.2637329101562,540.5542602539062,2.652146100997925,0.36385855078697205,0.0,16.0,8.0,64.0,0.3524627685546875,0.0,0.0,0.2669624090194702,0.1064453125,9.999999974752427e-07,55.0,64.0
56,1.7320468425750732,-5.204170427930421e-18,-2.6457433700561523,0.7071051001548767,-3.3306690738754696e-16,1.109840750694275,-0.00050228217151016,0.5361008644104004,358941.96875,253299.609375,64.0,32.5,176.47926330566406,172.9852294921875,416.0,152.5,354.36328125,340.75494384765625,1.7513190507888794,0.9535188674926758,355.8206481933594,342.4083557128906,0.0,0.019580304622650146,0.0033908095210790634,0.9999929666519165,0.9498435854911804,2.187042369428127e-08,3.139344784131026e-08,0.050154078751802444,2.253610318803112e-06,235.7725830078125,4700.96484375,1.0,1.0,55.0,55.0,1.0,1.0,2048.0,1460.75,342.25146484375,418.0,201.0,2048.0,1460.75,2379.0,1661.75,0.09375,8.0,0.0,0.0,0.0,0.0,1.0,0.28125,0.0,0.4496092200279236,18.0,0.28125,0.5,8.672010153532028e-06,1.2448057532310486e-05,19.825794219970703,0.06118689849972725,396.5177001953125,376.6297912597656,3.4007627964019775,0.6207053661346436,0.0,17.0,8.0,64.0,0.23678767681121826,0.0,0.0,0.2827569246292114,0.17578125,9.999999974752427e-07,56.0,64.0,2.6457433700561523,-6.938893903907228e-18,-1.7320468425750732,0.935411810874939,-4.440892098500626e-16,3.2630300521850586,-0.0024057086557149887,0.5764313340187073,554106.375,400414.3125,64.0,32.5,284.8264465332031,275.0962219238281,416.0,152.5,538.54052734375,536.013671875,4.2887725830078125,2.2453975677490234,540.5380859375,540.4837036132812,0.0,0.018023040145635605,0.018129730597138405,0.9993053078651428,0.9458961486816406,1.624608358952173e-08,2.48532021629444e-08,0.054102301597595215,1.5265341062331572e-06,157.2631378173828,2906.7734375,1.0,1.0,55.0,55.0,1.0,1.0,2048.0,1461.6875,405.9026184082031,418.0,201.0,2048.0,1461.6875,2466.0,1662.6875,0.171875,8.0,0.0,0.0,0.0,0.0,1.0,0.21875,0.0,0.4133986532688141,14.0,0.21875,0.125,9.66398511081934e-06,1.4783930964767933e-05,32.12506103515625,0.057699721306562424,594.8501586914062,562.6664428710938,2.8011274337768555,0.3752777874469757,0.0,16.0,8.0,64.0,0.188629150390625,0.0,0.0,0.2796059846878052,0.21875,9.999999974752427e-07,56.0,64.0
57,2.6457433700561523,-5.204170427930421e-18,-0.7745950818061829,0.7071051597595215,-3.3306690738754696e-16,0.6152067184448242,-0.0004269131750334054,0.4879557490348816,364956.4375,254912.375,64.0,32.5,180.57752990722656,175.90884399414062,256.0,116.5,355.7174987792969,351.3772277832031,1.749014973640442,0.8923894166946411,357.2168273925781,352.9858093261719,0.0,0.03095499984920025,0.002615017583593726,0.9999982118606567,0.9368792176246643,2.0996944627427183e-08,2.953618150058901e-08,0.06311863660812378,2.0895556644973112e-06,225.6365966796875,3574.801513671875,1.0,1.0,56.0,56.0,1.0,1.0,2048.0,1440.0,610.1578369140625,261.0,152.625,2048.0,1440.0,2309.0,1592.625,0.375,8.0,0.0,0.0,0.0,0.0,1.0,0.15625,0.0,0.36309218406677246,10.0,0.15625,0.5,8.576083928346634e-06,1.2063886970281601e-05,25.720155715942383,0.06029669940471649,408.4443664550781,382.6630554199219,3.2089462280273438,0.35316309332847595,0.0,18.0,8.0,64.0,0.3091905415058136,0.0,0.0,0.25250962376594543,0.16796875,9.999999974752427e-07,57.0,64.0,2.6457433700561523,0.0,-0.3779633343219757,0.6123706102371216,0.0,2.96372389793396,-0.0027822433039546013,0.5208414196968079,553485.25,390756.09375,64.0,32.5,274.2684326171875,270.1404724121094,256.0,116.5,550.4725952148438,550.0347900390625,4.297956943511963,2.2315785884857178,554.9876708984375,554.4360961914062,0.0,0.020047983154654503,0.017313916236162186,0.9991281628608704,0.9386810660362244,1.6461070728723826e-08,1.9507638171489816e-08,0.06131729856133461,1.5760897440486588e-06,154.82431030273438,2524.969482421875,1.0,1.0,56.0,56.0,1.0,1.0,2048.0,1448.4375,589.275146484375,261.0,152.625,2048.0,1448.4375,2309.0,1601.0625,0.359375,8.0,0.0,0.0,0.0,0.0,1.0,0.046875,0.0,0.21137107908725739,3.0,0.046875,0.625,9.855953976511955e-06,1.1680065654218197e-05,36.65604782104492,0.05726426839828491,598.7431640625,562.0288696289062,2.783937692642212,0.3746788203716278,0.0,18.0,8.0,64.0,0.3055284321308136,0.0,0.0,0.23744086921215057,0.126953125,9.999999974752427e-07,57.0,64.0
58,1.7320468425750732,-5.204170427930421e-18,-1.2909917831420898,0.49999889731407166,-3.3306690738754696e-16,1.6552180051803589,-0.0009781442349776626,0.564749002456665,343272.0,232041.015625,64.0,32.5,172.65438842773438,169.4914093017578,320.0,137.5,352.4607238769531,339.2967529296875,1.460312843322754,0.8851179480552673,353.912353515625,340.86810302734375,0.0,-0.002179602161049843,0.003893568180501461,0.9995777010917664,0.9421986937522888,1.9927155037180455e-08,2.8313051458894734e-08,0.05779902637004852,2.2298602289083647e-06,228.5782928466797,3954.70849609375,1.0,1.0,57.0,57.0,1.0,1.0,2048.0,1376.46875,592.2457885742188,329.0,181.625,2048.0,1376.46875,2377.0,1558.09375,0.375,8.0,0.0,0.0,0.0,0.0,1.0,0.109375,0.0,0.3121091425418854,7.0,0.109375,0.75,7.67991878092289e-06,1.0911840945482254e-05,22.214345932006836,0.061379507184028625,385.3996887207031,363.1230773925781,3.458012580871582,0.34939172863960266,0.0,19.0,8.0,64.0,0.35974764823913574,0.0,0.0,0.3073660135269165,0.11572265625,9.999999974752427e-07,58.0,64.0,0.9999979734420776,1.734723475976807e-18,-1.2909917831420898,0.4999989867210388,1.1102230246251565e-16,1.432039737701416,-0.003298368537798524,0.6008327007293701,533429.875,353447.1875,64.0,32.5,260.9044189453125,260.14129638671875,320.0,137.5,553.3115844726562,540.2406616210938,4.36870813369751,2.2682511806488037,554.8121948242188,544.7249755859375,0.0,0.015223868191242218,0.021450096741318703,0.9986522793769836,0.9399120807647705,1.65385660721995e-08,2.486347483454665e-08,0.060086339712142944,1.5401400332848425e-06,150.79415893554688,2509.62451171875,1.0,1.0,57.0,57.0,1.0,1.0,2048.0,1358.53125,599.1771850585938,329.0,181.625,2048.0,1358.53125,2371.0,1540.15625,0.359375,8.0,0.0,0.0,0.0,0.0,1.0,0.140625,0.0,0.34763431549072266,9.0,0.140625,0.75,9.535928256809711e-06,1.4335964806377888e-05,34.58692932128906,0.058096520602703094,576.5873413085938,541.94140625,2.695993661880493,0.36867544054985046,0.0,17.0,8.0,64.0,0.2926671504974365,0.0,0.0,0.29920706152915955,0.15234375,9.999999974752427e-07,58.0,64.0
59,2.6457433700561523,-6.938893903907228e-18,-0.9999979734420776,0.6123709678649902,-4.440892098500626e-16,0.6408345699310303,-0.0006610574782826006,0.5077152252197266,345417.03125,264948.5,64.0,32.5,169.1359100341797,168.72540283203125,192.0,100.0,354.5650939941406,337.47674560546875,2.7217791080474854,1.0859953165054321,355.926513671875,339.2774353027344,0.0,0.002177595626562834,0.0033903359435498714,0.9998266100883484,0.9363245368003845,2.1653523418763143e-08,3.297608941466024e-08,0.06367325037717819,2.138815489161061e-06,259.77001953125,4079.735595703125,1.0,1.0,58.0,58.0,1.0,1.0,2048.0,1571.5625,597.3590698242188,195.0,133.875,2048.0,1571.5625,2243.0,1705.4375,0.515625,8.0,0.0,0.0,0.0,0.0,1.0,0.109375,0.0,0.3121091425418854,7.0,0.109375,0.625,8.383998647332191e-06,1.2767966836690903e-05,24.59318733215332,0.06037183478474617,387.18865966796875,362.53424072265625,3.2053370475769043,0.3566232919692993,0.0,21.0,8.0,64.0,0.365908682346344,0.0,0.0,0.27498170733451843,0.1328125,9.999999974752427e-07,59.0,64.0,2.6457433700561523,-8.673617379884035e-18,-0.7745950818061829,0.7071049213409424,-5.551115123125783e-16,4.380753517150879,-0.003388692159205675,0.5531505346298218,559369.25,400690.3125,64.0,32.5,277.29498291015625,271.8895263671875,192.0,100.0,546.368408203125,545.919677734375,3.9238152503967285,2.0431535243988037,550.2660522460938,550.0274658203125,0.0,0.0319267138838768,0.02140055038034916,0.998781144618988,0.9394927620887756,1.286681428069869e-08,6.87805865595692e-08,0.06050562113523483,1.5144707958825165e-06,155.6452178955078,2572.4091796875,1.0,1.0,58.0,58.0,1.0,1.0,2048.0,1469.734375,579.6743774414062,195.0,133.875,2048.0,1469.734375,2243.0,1603.609375,0.359375,8.0,0.0,0.0,0.0,0.0,1.0,0.109375,0.0,0.3121091425418854,7.0,0.109375,0.5,7.775961421430111e-06,4.156702198088169e-05,36.50834655761719,0.057764679193496704,604.3424072265625,567.7753295898438,2.717937469482422,0.369920015335083,0.0,18.0,8.0,64.0,0.3044230043888092,0.0,0.0,0.26803579926490784,0.150390625,9.999999974752427e-07,59.0,64.0
60,1.7320468425750732,-5.204170427930421e-18,-1.2909917831420898,0.49999889731407166,-3.3306690738754696e-16,1.0807592868804932,-0.00034009036608040333,0.40369412302970886,341506.09375,227602.703125,64.0,32.5,168.4943084716797,167.5733184814453,192.0,107.5,353.5102233886719,335.9157409667969,1.5484720468521118,0.8941366076469421,354.8398132324219,337.4664611816406,0.0,0.005401505157351494,0.002730453619733453,1.0000170469284058,0.9443631768226624,1.6767646826565397e-08,2.7810159508590004e-08,0.055634696036577225,2.1050454961368814e-06,229.5515899658203,4126.05078125,1.0,1.0,59.0,59.0,1.0,1.0,2048.0,1361.953125,630.706787109375,196.0,142.0,2048.0,1361.953125,2225.0,1503.953125,0.390625,8.0,0.0,0.0,0.0,0.0,1.0,0.109375,0.0,0.3121091425418854,7.0,0.109375,0.75,6.366986781358719e-06,1.0560033842921257e-05,21.064489364624023,0.06103793531656265,379.71856689453125,358.59222412109375,3.191204309463501,0.3469216227531433,0.0,18.0,8.0,64.0,0.3476766049861908,0.0,0.0,0.16867370903491974,0.057861328125,9.999999974752427e-07,60.0,64.0,2.6457433700561523,-8.673617379884035e-18,-0.7745950818061829,0.6123709082603455,-5.551115123125783e-16,2.5943753719329834,-0.0020334573928266764,0.4705272912979126,561190.8125,362872.46875,64.0,32.5,296.718017578125,284.024169921875,192.0,107.5,550.5017700195312,550.0621948242188,4.67238712310791,2.3240718841552734,555.4175415039062,554.7035522460938,0.0,0.030554169788956642,0.015001446008682251,0.9995137453079224,0.9428642392158508,1.8113004429665125e-08,2.261485754218029e-08,0.05713418871164322,1.5496092373723513e-06,137.3572998046875,2404.117431640625,1.0,1.0,59.0,59.0,1.0,1.0,2048.0,1296.75,610.3892822265625,196.0,142.0,2048.0,1296.75,2225.0,1438.75,0.296875,8.0,0.0,0.0,0.0,0.0,1.0,0.09375,0.0,0.2914806008338928,6.0,0.09375,0.625,1.0943971574306488e-05,1.366401556879282e-05,34.46296310424805,0.057813193649053574,604.2052001953125,569.6834716796875,2.7835030555725098,0.3662170171737671,0.0,17.0,8.0,64.0,0.3392693102359772,0.0,0.0,0.1825394332408905,0.130859375,9.999999974752427e-07,60.0,64.0
61,2.6457433700561523,-1.734723475976807e-18,-0.7745950818061829,0.49999871850013733,-1.1102230246251565e-16,0.8387336730957031,-0.0005881238612346351,0.5416963696479797,358964.4375,263511.15625,64.0,32.5,177.88348388671875,173.4231719970703,256.0,130.0,354.8527526855469,337.13037109375,1.6651439666748047,0.9452059268951416,356.14276123046875,338.7803039550781,0.0,0.0008869566954672337,0.0031529434490948915,0.9998817443847656,0.9383389949798584,2.2283950684709453e-08,2.9022798386790782e-08,0.061658911406993866,2.016747885136283e-06,239.73057556152344,3888.01171875,1.0,1.0,60.0,60.0,1.0,1.0,2048.0,1511.484375,586.7488403320312,271.0,172.875,2048.0,1511.484375,2248.0,1684.359375,0.4375,8.0,0.0,0.0,0.0,0.0,1.0,0.0625,0.0,0.24206146597862244,4.0,0.0625,0.75,8.991919457912445e-06,1.1711148545145988e-05,24.821950912475586,0.05837513506412506,403.5154724121094,378.63433837890625,3.1873555183410645,0.34730154275894165,0.0,21.0,8.0,64.0,0.373750239610672,0.0,0.0,0.27577582001686096,0.1083984375,9.999999974752427e-07,61.0,64.0,2.6457433700561523,0.0,-0.9999979734420776,0.4999987483024597,0.0,4.399785995483398,-0.0029553882777690887,0.6049538254737854,536244.9375,380425.5625,64.0,32.5,262.53204345703125,262.0271301269531,256.0,130.0,542.7494506835938,542.4021606445312,4.966368198394775,2.590191602706909,547.679443359375,547.274658203125,0.0,-0.004015726037323475,0.02099398896098137,0.9992166757583618,0.9337332248687744,1.7875883884244104e-08,2.3798007120490183e-08,0.06626510620117188,1.6131548363773618e-06,159.32568359375,2404.36767578125,1.0,1.0,60.0,60.0,1.0,1.0,2048.0,1452.796875,554.76123046875,271.0,172.875,2048.0,1452.796875,2248.0,1625.671875,0.34375,8.0,0.0,0.0,0.0,0.0,1.0,0.078125,0.0,0.2683681845664978,5.0,0.078125,0.75,1.0431976988911629e-05,1.3887998647987843e-05,38.61262512207031,0.05824947729706764,583.5782470703125,544.9063720703125,2.8662757873535156,0.36617353558540344,0.0,19.0,8.0,64.0,0.3319605886936188,0.0,0.0,0.28360065817832947,0.0849609375,9.999999974752427e-07,61.0,64.0
62,2.6457433700561523,-6.938893903907228e-18,-1.2909917831420898,0.7905674576759338,-4.440892098500626e-16,0.8123408555984497,-0.0005137355765327811,0.469074547290802,382366.875,352913.1875,64.0,32.5,187.52792358398438,185.6422576904297,160.0,106.0,364.6752014160156,335.5236511230469,1.4303929805755615,0.8486304879188538,366.0726623535156,337.0440368652344,0.0,0.008983601815998554,0.002267648233100772,0.9998645782470703,0.9261977672576904,1.950445494003361e-08,2.5098042755189454e-08,0.07380028814077377,1.8721364085649839e-06,279.9466247558594,3793.299560546875,1.0,1.0,61.0,61.0,1.0,1.0,2048.0,1901.75,279.921630859375,167.0,139.0,2048.0,1901.75,2215.0,2040.75,0.65625,8.0,0.0,0.0,0.0,0.0,1.0,0.1875,0.0,0.3903123736381531,12.0,0.1875,0.375,8.479924872517586e-06,1.0911840945482254e-05,32.025978088378906,0.060073014348745346,434.76861572265625,402.6817321777344,3.4711453914642334,0.3520910441875458,0.0,27.0,8.0,64.0,0.40979456901550293,0.0,0.0,0.2390975058078766,0.1474609375,9.999999974752427e-07,62.0,64.0,2.6457433700561523,-6.938893903907228e-18,-0.5773489475250244,0.49999865889549255,-4.440892098500626e-16,1.442014217376709,-0.0017624383326619864,0.5269283056259155,543373.875,501960.0,64.0,32.5,266.83367919921875,265.29071044921875,160.0,106.0,547.1778564453125,542.7661743164062,4.096837520599365,2.174687385559082,548.8955688476562,547.0132446289062,0.0,0.013916943222284317,0.01555032841861248,0.9996484518051147,0.9131764769554138,1.6722907503208262e-08,2.5086961841225275e-08,0.0868220180273056,1.4845580835753935e-06,200.3817596435547,2307.9599609375,1.0,1.0,61.0,61.0,1.0,1.0,2048.0,1893.046875,289.9430236816406,167.0,139.0,2048.0,1893.046875,2215.0,2032.046875,0.671875,8.0,0.0,0.0,0.0,0.0,1.0,0.046875,0.0,0.21137107908725739,3.0,0.046875,0.75,1.011101994663477e-05,1.5168101526796818e-05,52.436927795410156,0.05747966095805168,604.6209106445312,552.1256103515625,2.9272537231445312,0.3621898591518402,0.0,26.0,8.0,64.0,0.38970947265625,0.0,0.0,0.25065839290618896,0.07080078125,9.999999974752427e-07,62.0,64.0
63,1.2909917831420898,5.204170427930421e-18,-1.7320468425750732,0.6123711466789246,3.3306690738754696e-16,1.5563102960586548,-0.0004572817124426365,0.5120246410369873,361949.40625,218205.703125,64.0,32.5,182.7465057373047,179.56053161621094,224.0,130.0,357.3141174316406,342.8758850097656,1.6389679908752441,0.9019361138343811,358.5476989746094,344.48968505859375,0.0,0.035232946276664734,0.00472283735871315,1.0001360177993774,0.9575610756874084,2.308999391686939e-08,3.2310360609244526e-08,0.04243671894073486,2.1338305487006437e-06,195.75341796875,4612.8310546875,1.0,1.0,62.0,62.0,1.0,1.0,2048.0,1220.796875,563.1920776367188,237.0,171.875,2048.0,1220.796875,2224.0,1392.671875,0.1875,8.0,0.0,0.0,0.0,0.0,1.0,0.203125,0.0,0.4023247957229614,13.0,0.203125,0.625,9.215902537107468e-06,1.2896023690700531e-05,16.875362396240234,0.06239146366715431,399.12969970703125,382.1910705566406,3.1821694374084473,0.35780662298202515,0.0,14.0,8.0,64.0,0.2233973890542984,0.0,0.0,0.27293404936790466,0.1728515625,9.999999974752427e-07,63.0,64.0,2.6457433700561523,-1.214306433183765e-17,-1.2909917831420898,0.7071050405502319,-7.771561172376096e-16,3.891221761703491,-0.0038594361394643784,0.5334742665290833,546558.125,310132.03125,64.0,32.5,272.09686279296875,269.86474609375,224.0,130.0,545.9077758789062,542.3107299804688,4.324931621551514,2.2872564792633057,547.514892578125,546.771484375,0.0,-0.006827056407928467,0.02211741730570793,0.998426616191864,0.9548040628433228,1.7557166387405232e-08,2.2785911824030336e-08,0.04519439861178398,1.5071015013745637e-06,126.91114044189453,2808.11669921875,1.0,1.0,62.0,62.0,1.0,1.0,2048.0,1152.9375,516.8049926757812,237.0,171.875,2048.0,1152.9375,2224.0,1324.8125,0.09375,8.0,0.0,0.0,0.0,0.0,1.0,0.15625,0.0,0.36309218406677246,10.0,0.15625,0.5,1.0207993909716606e-05,1.3248063623905182e-05,26.219446182250977,0.057240236550569534,581.4146728515625,555.1370849609375,2.978437662124634,0.3593185544013977,0.0,13.0,8.0,64.0,0.20443961024284363,0.0,0.0,0.2561649680137634,0.1796875,9.999999974752427e-07,63.0,64.0
64,2.6457433700561523,6.938893903907228e-18,-1.7320468425750732,0.6123707294464111,4.440892098500626e-16,0.8849400281906128,-0.0006174707086756825,0.5813018083572388,356645.90625,240263.28125,64.0,32.5,174.2285919189453,170.6637420654297,224.0,122.5,357.2591552734375,346.1075439453125,1.3978171348571777,0.838732898235321,358.6685791015625,347.6387634277344,0.0,-0.03147988021373749,0.003933059982955456,0.9999582171440125,0.9445374608039856,1.4912059143057377e-08,3.0546299711886604e-08,0.055460382252931595,2.1282173747749766e-06,224.86911010742188,4054.590087890625,1.0,1.0,63.0,63.0,1.0,1.0,2048.0,1402.375,589.32470703125,226.0,160.625,2048.0,1402.375,2274.0,1563.0,0.359375,8.0,0.0,0.0,0.0,0.0,1.0,0.125,0.0,0.33071890473365784,8.0,0.125,0.625,5.951849743723869e-06,1.219194382429123e-05,22.075586318969727,0.06031445413827896,399.1299743652344,376.9931945800781,3.0607659816741943,0.34761112928390503,0.0,19.0,8.0,64.0,0.35773026943206787,0.0,0.0,0.31592631340026855,0.1494140625,9.999999974752427e-07,64.0,64.0,1.7320468425750732,-6.938893903907228e-18,-0.5773489475250244,0.35355257987976074,-4.440892098500626e-16,2.662710428237915,-0.0033832667395472527,0.6208847761154175,542369.25,394650.375,64.0,32.5,269.0327453613281,265.6871643066406,224.0,122.5,541.14013671875,540.90087890625,4.395139694213867,2.3101344108581543,545.7396240234375,545.4481201171875,0.0,-0.0020620482973754406,0.02412446402013302,0.9990710020065308,0.9344073534011841,1.4978523310560377e-08,2.4039952251087016e-08,0.06559111177921295,1.4831986163699185e-06,161.5489044189453,2462.969482421875,1.0,1.0,63.0,63.0,1.0,1.0,2048.0,1488.375,585.3699340820312,226.0,160.625,2048.0,1488.375,2274.0,1649.0,0.484375,8.0,0.0,0.0,0.0,0.0,1.0,0.03125,0.0,0.17399263381958008,2.0,0.03125,0.875,8.831964805722237e-06,1.4174962416291237e-05,38.61730194091797,0.05796506255865097,589.6419067382812,550.9656982421875,2.8499362468719482,0.36672428250312805,0.0,19.0,8.0,64.0,0.32236841320991516,0.0,0.0,0.3314060866832733,0.09228515625,9.999999974752427e-07,64.0,64.0
65,2.6457433700561523,0.0,-0.9999979734420776,0.8660229444503784,0.0,1.2133355140686035,-0.0005933400825597346,0.5737602710723877,360046.3125,267272.90625,64.0,32.5,190.91058349609375,178.6593017578125,160.0,109.0,463.6626281738281,440.8203430175781,1.6866480112075806,0.9006819725036621,465.5098876953125,442.413818359375,0.0,0.020078152418136597,0.0035811502020806074,0.9999380707740784,0.9495689868927002,2.3658584424879336e-08,3.133154535817084e-08,0.050428733229637146,2.25370422413107e-06,241.32363891601562,4785.43896484375,1.0,1.0,64.0,64.0,1.0,1.0,2048.0,1509.640625,492.0028076171875,175.0,143.875,2048.0,1509.640625,2223.0,1653.515625,0.234375,8.0,0.0,0.0,0.0,0.0,1.0,0.140625,0.0,0.34763431549072266,9.0,0.140625,0.25,9.472016245126724e-06,1.254398375749588e-05,20.128761291503906,0.061026353389024734,400.3627624511719,380.17205810546875,3.2254905700683594,0.3548446297645569,0.0,17.0,8.0,64.0,0.24057185649871826,0.0,0.0,0.30941542983055115,0.2255859375,9.999999974752427e-07,65.0,64.0,2.6457433700561523,-1.734723475976807e-18,-0.7745950818061829,0.7071048021316528,-1.1102230246251565e-16,1.891221046447754,-0.0030180190224200487,0.6246651411056519,557898.5625,414989.53125,64.0,32.5,284.82281494140625,276.3343505859375,160.0,109.0,547.2074584960938,534.4368286132812,4.379428863525391,2.2390894889831543,548.776611328125,539.1010131835938,0.0,0.02408953569829464,0.02125238999724388,0.9990648031234741,0.9387161135673523,1.801836013726188e-08,2.6495717619923198e-08,0.06128230690956116,1.5189327768894145e-06,160.13565063476562,2613.081298828125,1.0,1.0,64.0,64.0,1.0,1.0,2048.0,1510.859375,554.9605102539062,175.0,143.875,2048.0,1510.859375,2223.0,1654.734375,0.34375,8.0,0.0,0.0,0.0,0.0,1.0,0.09375,0.0,0.2914806008338928,6.0,0.09375,0.5,1.08800595626235e-05,1.599895767867565e-05,36.945919036865234,0.058287620544433594,603.8318481445312,566.82666015625,3.1223011016845703,0.36300840973854065,0.0,18.0,8.0,64.0,0.2822333574295044,0.0,0.0,0.3074502646923065,0.138671875,9.999999974752427e-07,65.0,64.0
66,0.0,0.0,0.0,0.0,0.0,0.6628872752189636,-0.0004223580181133002,0.5286749601364136,373587.4375,266031.1875,64.0,32.5,183.346435546875,180.4560546875,256.0,118.0,346.2764587402344,340.8589172363281,1.1915779113769531,0.7417974472045898,347.6936950683594,342.2524719238281,0.0,0.0,0.003025124315172434,1.0000635385513306,0.9498167634010315,2.1409022110674414e-08,3.099331280509432e-08,0.05018104240298271,2.165270416298881e-06,227.54925537109375,4534.56640625,1.0,1.0,65.0,65.0,1.0,1.0,2048.0,1472.046875,583.8187866210938,260.0,157.375,2048.0,1472.046875,2308.0,1629.421875,0.375,8.0,0.0,0.0,0.0,0.0,0.0,0.0,0.0,0.0,0.0,0.0,1.0,8.863862603902817e-06,1.2831995263695717e-05,20.714977264404297,0.061211854219436646,414.0246276855469,393.2475280761719,3.204393148422241,0.3515399396419525,0.0,18.0,8.0,64.0,0.2932196855545044,0.0,0.0,0.2997533977031708,0.0,9.999999974752427e-07,66.0,64.0,2.6457433700561523,0.0,-0.3779633343219757,0.35355231165885925,0.0,4.8492889404296875,-0.002194720786064863,0.576252281665802,538959.5625,416553.625,64.0,32.5,264.8985900878906,263.6283874511719,256.0,118.0,516.4075927734375,516.270263671875,4.0304388999938965,2.129751443862915,520.6472778320312,520.463623046875,0.0,-0.00031584594398736954,0.020048195496201515,0.99980628490448,0.9282771348953247,1.8277836133506753e-08,2.2723481762909614e-08,0.07172118127346039,1.6332248833350604e-06,171.6188507080078,2392.861328125,1.0,1.0,65.0,65.0,1.0,1.0,2048.0,1582.125,596.428466796875,260.0,157.375,2048.0,1582.125,2308.0,1739.5,0.484375,8.0,0.0,0.0,0.0,0.0,1.0,0.015625,0.0,0.12401959300041199,1.0,0.015625,0.875,1.078401692211628e-05,1.3406970538198948e-05,42.25786209106445,0.05800125375390053,590.005126953125,547.688232421875,3.079496383666992,0.3665712773799896,0.0,21.0,8.0,64.0,0.3532366156578064,0.0,0.0,0.29761257767677307,0.048095703125,9.999999974752427e-07,66.0,64.0
67,1.7320468425750732,-6.938893903907228e-18,-0.5773489475250244,0.35355257987976074,-4.440892098500626e-16,1.0027238130569458,-0.0006180634372867644,0.4997268319129944,360625.09375,210476.234375,64.0,32.5,192.10791015625,176.9941864013672,272.0,151.0,8184.978515625,2352.333984375,18.36854362487793,2.059843063354492,8211.53125,2356.896728515625,0.0,0.0253261998295784,0.0035250657238066196,0.9998744130134583,0.9284016489982605,3.6989913354545934e-08,3.913882196115992e-08,0.0715954601764679,2.793112798826769e-06,184.36940002441406,2575.155029296875,1.0,1.0,66.0,66.0,1.0,1.0,2048.0,1201.21875,665.4659423828125,278.0,197.75,2048.0,1201.21875,2195.0,1398.96875,0.203125,8.0,0.0,0.0,0.0,0.0,1.0,0.03125,0.0,0.17399263381958008,2.0,0.03125,0.875,1.542398240417242e-05,1.6320031136274338e-05,27.730422973632812,2.1233134269714355,416.97808837890625,387.1231384277344,0.0,0.0,0.0,15.0,8.0,64.0,0.2718912661075592,0.0,0.0,0.2468632608652115,0.091796875,9.999999974752427e-07,67.0,64.0,1.2909917831420898,-1.734723475976807e-18,-0.7745950818061829,0.3535526692867279,-1.1102230246251565e-16,6.500701427459717,-0.0029612372163683176,0.5531487464904785,535726.6875,326343.3125,64.0,32.5,268.1058654785156,263.52398681640625,272.0,151.0,560.4956665039062,560.1082763671875,4.969600200653076,2.6777946949005127,565.8424072265625,565.318359375,0.0,0.016589902341365814,0.02130972594022751,0.9991552233695984,0.9399901032447815,1.7456493139889062e-08,2.044181712790305e-08,0.060008298605680466,1.532738338028139e-06,137.48997497558594,2291.1826171875,1.0,1.0,66.0,66.0,1.0,1.0,2048.0,1244.296875,672.6376342773438,278.0,197.75,2048.0,1244.296875,2305.0,1442.046875,0.28125,8.0,0.0,0.0,0.0,0.0,1.0,0.046875,0.0,0.21137107908725739,3.0,0.046875,0.875,1.0110903531312943e-05,1.1840020306408405e-05,34.69953155517578,0.057626888155937195,579.2058715820312,544.4478149414062,2.916323184967041,0.36452168226242065,0.0,17.0,8.0,64.0,0.33775418996810913,0.0,0.0,0.2617097795009613,0.1123046875,9.999999974752427e-07,67.0,64.0
68,2.6457433700561523,-1.5612511283791264e-17,-0.7745950818061829,0.7071050405502319,-9.992007221626409e-16,0.8686657547950745,-0.0004484209348447621,0.4816153049468994,367594.71875,256893.734375,64.0,32.5,179.57728576660156,178.0907745361328,160.0,110.5,370.7529296875,359.1824645996094,1.4104859828948975,0.8405616879463196,372.22052001953125,360.6791076660156,0.0,0.010910170152783394,0.002855875762179494,0.9999621510505676,0.9480563402175903,2.4523718167301922e-08,4.428316557891776e-08,0.05194108188152313,2.5340411866636714e-06,225.61587524414062,4343.68798828125,1.0,1.0,67.0,67.0,1.0,1.0,2048.0,1444.390625,567.4757080078125,174.0,146.75,2048.0,1444.390625,2221.0,1591.140625,0.28125,8.0,0.0,0.0,0.0,0.0,1.0,0.125,0.0,0.33071890473365784,8.0,0.125,0.5,1.0048039257526398e-05,1.8144026398658752e-05,21.21752166748047,0.0641629621386528,409.7273864746094,388.44464111328125,3.0461485385894775,0.4021811783313751,0.0,17.0,8.0,64.0,0.26923683285713196,0.0,0.0,0.2290123850107193,0.1640625,9.999999974752427e-07,68.0,64.0,2.6457433700561523,0.0,-0.3779633343219757,0.7071046233177185,0.0,2.652935028076172,-0.0022343085147440434,0.5246537923812866,554074.75,376724.125,64.0,32.5,270.6764831542969,265.25421142578125,160.0,110.5,540.3666381835938,540.0919189453125,4.130310535430908,2.191716194152832,544.6922607421875,544.3905639648438,0.0,0.03613387793302536,0.018324952572584152,0.9995744824409485,0.9418470859527588,1.2803358373503215e-08,2.34639241369905e-08,0.058151453733444214,1.4063764410821022e-06,151.83187866210938,2610.97314453125,1.0,1.0,67.0,67.0,1.0,1.0,2048.0,1417.125,580.2598266601562,174.0,146.75,2048.0,1417.125,2221.0,1563.875,0.28125,8.0,0.0,0.0,0.0,0.0,1.0,0.0625,0.0,0.24206146597862244,4.0,0.0625,0.5,7.64802098274231e-06,1.4016055501997471e-05,34.67881774902344,0.057656001299619675,597.3449096679688,562.6076049804688,2.7947604656219482,0.36352571845054626,0.0,17.0,8.0,64.0,0.28176701068878174,0.0,0.0,0.23289869725704193,0.14453125,9.999999974752427e-07,68.0,64.0
69,2.6457433700561523,1.734723475976807e-18,-1.2909917831420898,0.49999871850013733,1.1102230246251565e-16,0.6886770725250244,-0.0009678197093307972,0.5214436054229736,357856.125,200647.75,64.0,32.5,175.4495391845703,172.6837158203125,336.0,124.0,350.778076171875,344.6508483886719,1.335543155670166,0.7791826725006104,351.9370422363281,346.04315185546875,0.0,0.00970006175339222,0.0032834287267178297,0.9995500445365906,0.9560324549674988,1.7399834462139552e-08,3.026790196258844e-08,0.043965164572000504,2.3101431452232646e-06,187.17198181152344,4257.279296875,1.0,1.0,68.0,68.0,1.0,1.0,2048.0,1156.375,567.7655639648438,344.0,165.75,2048.0,1156.375,2392.0,1322.125,0.171875,8.0,0.0,0.0,0.0,0.0,1.0,0.09375,0.0,0.2914806008338928,6.0,0.09375,0.75,6.879912689328194e-06,1.1967960745096207e-05,17.319311141967773,0.06456104665994644,395.40106201171875,378.0162353515625,3.3549280166625977,0.4059920012950897,0.0,14.0,8.0,64.0,0.2627650797367096,0.0,0.0,0.297282874584198,0.09130859375,9.999999974752427e-07,69.0,64.0,0.9999979734420776,0.0,-0.9999979734420776,0.3535526692867279,0.0,2.118593692779541,-0.003212954383343458,0.5996344089508057,553503.875,306237.09375,64.0,32.5,277.57000732421875,267.9985656738281,336.0,124.0,543.6373291015625,543.3054809570312,4.156036853790283,1.9875885248184204,547.9473876953125,547.665771484375,0.0,0.02108054608106613,0.023310793563723564,0.998958945274353,0.9555227756500244,1.7140955321792717e-08,2.590207337505035e-08,0.0444757305085659,1.4404921557797934e-06,123.72174072265625,2781.781005859375,1.0,1.0,68.0,68.0,1.0,1.0,2048.0,1136.8125,579.8561401367188,344.0,165.75,2048.0,1136.8125,2392.0,1302.5625,0.140625,8.0,0.0,0.0,0.0,0.0,1.0,0.0625,0.0,0.24206146597862244,4.0,0.0625,0.875,1.0079937055706978e-05,1.5232013538479805e-05,26.09678840637207,0.057679396122694016,588.0615844726562,561.90625,2.8357839584350586,0.36571475863456726,0.0,13.0,8.0,64.0,0.2178110033273697,0.0,0.0,0.33115965127944946,0.09228515625,9.999999974752427e-07,69.0,64.0
70,1.7320468425750732,-6.938893903907228e-18,-0.5773489475250244,0.35355257987976074,-4.440892098500626e-16,0.9494709968566895,-0.0007633658824488521,0.5244943499565125,363517.53125,289738.65625,64.0,32.5,196.65809631347656,180.91070556640625,240.0,125.5,378.07183837890625,353.9577331542969,1.400886058807373,0.7946549654006958,379.2807922363281,355.4141540527344,0.0,-0.005310298874974251,0.0034211825113743544,0.9997386336326599,0.9302719235420227,1.673902438881214e-08,3.169543560943566e-08,0.06972566246986389,2.343124606341007e-06,250.58250427246094,3593.834716796875,1.0,1.0,69.0,69.0,1.0,1.0,2048.0,1616.765625,549.1797485351562,241.0,168.75,2048.0,1616.765625,2289.0,1785.515625,0.5,8.0,0.0,0.0,0.0,0.0,1.0,0.03125,0.0,0.17399263381958008,2.0,0.03125,0.875,6.912043318152428e-06,1.3087992556393147e-05,28.726545333862305,0.0652640163898468,412.92987060546875,384.1370849609375,3.3301782608032227,0.40816566348075867,0.0,23.0,8.0,64.0,0.3938466012477875,0.0,0.0,0.2776123583316803,0.056884765625,9.999999974752427e-07,70.0,64.0,1.2909917831420898,-1.734723475976807e-18,-0.7745950818061829,0.3535526692867279,-1.1102230246251565e-16,4.870523929595947,-0.003596147522330284,0.5610123872756958,562208.75,436114.59375,64.0,32.5,288.4425964355469,276.10321044921875,240.0,125.5,8961.271484375,8942.6015625,23.11503791809082,11.423755645751953,8984.76171875,8966.048828125,0.0,-0.00434153713285923,0.0228550024330616,0.9987746477127075,0.9118097424507141,1.931164383961459e-08,2.251358566240924e-08,0.08818841725587845,1.7744072238201625e-06,158.56747436523438,1798.0533447265625,1.0,1.0,69.0,69.0,1.0,1.0,2048.0,1584.71875,581.7971801757812,241.0,168.75,2048.0,1584.71875,2289.0,1753.46875,0.578125,8.0,0.0,0.0,0.0,0.0,1.0,0.046875,0.0,0.21137107908725739,3.0,0.046875,0.875,1.2352000339888036e-05,1.440000778529793e-05,54.80108642578125,1.6054713726043701,639.6141357421875,583.2064208984375,0.0,0.0,0.0,22.0,8.0,64.0,0.3776744604110718,0.0,0.0,0.2813667953014374,0.0537109375,9.999999974752427e-07,70.0,64.0
71,2.6457433700561523,0.0,-0.9999979734420776,0.6123707890510559,0.0,0.6249303817749023,-0.0005351486033760011,0.5164957642555237,376276.59375,307377.03125,64.0,32.5,188.5701904296875,183.54385375976562,368.0,125.5,360.43511962890625,355.4975280761719,1.4100698232650757,0.8381302356719971,361.9534912109375,357.0054626464844,0.0,0.02957991510629654,0.0027088120114058256,0.9998924136161804,0.9356792569160461,2.6185141166479298e-08,3.297637363175454e-08,0.06431812047958374,2.5843787625490222e-06,252.460205078125,3925.179931640625,1.0,1.0,70.0,70.0,1.0,1.0,2048.0,1672.78125,397.64080810546875,375.0,166.75,2048.0,1672.78125,2423.0,1839.53125,0.4375,8.0,0.0,0.0,0.0,0.0,1.0,0.09375,0.0,0.2914806008338928,6.0,0.09375,0.625,1.1104042641818523e-05,1.3983924873173237e-05,27.20931625366211,0.06535720080137253,424.05889892578125,396.7831115722656,3.302375555038452,0.41080448031425476,0.0,21.0,8.0,64.0,0.3160226047039032,0.0,0.0,0.2684157192707062,0.1376953125,9.999999974752427e-07,71.0,64.0,2.6457433700561523,-6.938893903907228e-18,-0.5773489475250244,0.49999865889549255,-4.440892098500626e-16,3.2073469161987305,-0.002247365890070796,0.5749441385269165,546068.125,410741.0,64.0,32.5,266.99969482421875,264.0109558105469,368.0,125.5,530.5196533203125,530.2057495117188,4.158440113067627,2.194539785385132,534.8389282226562,534.5428466796875,0.0,-0.0012072287499904633,0.019495943561196327,0.999727725982666,0.9353688955307007,2.4244414476015663e-08,3.466574938215672e-08,0.0646292194724083,1.811354536584986e-06,167.64898681640625,2594.01220703125,1.0,1.0,70.0,70.0,1.0,1.0,2048.0,1552.40625,450.6275634765625,375.0,166.75,2048.0,1552.40625,2423.0,1719.15625,0.375,8.0,0.0,0.0,0.0,0.0,1.0,0.046875,0.0,0.21137107908725739,3.0,0.046875,0.75,1.4367993571795523e-05,2.0544001017697155e-05,38.24391555786133,0.05736906826496124,592.6310424804688,554.3286743164062,2.844433307647705,0.3163391649723053,0.0,19.0,8.0,64.0,0.29352128505706787,0.0,0.0,0.27797645330429077,0.115234375,9.999999974752427e-07,71.0,64.0
72,2.6457433700561523,-1.3877787807814457e-17,-0.9999979734420776,0.7905673980712891,-8.881784197001252e-16,1.1795427799224854,-0.0005179737927392125,0.4701150953769684,353282.8125,242675.53125,64.0,32.5,175.60264587402344,173.06915283203125,208.0,118.0,360.9368591308594,351.64337158203125,2.0695531368255615,0.8850016593933105,362.3363952636719,353.16131591796875,0.0,0.02399783954024315,0.0023330221883952618,0.9998618364334106,0.9383772015571594,1.5044316015178083e-08,3.386939440019887e-08,0.061620377004146576,2.394005377936992e-06,226.2946319580078,3672.3994140625,1.0,1.0,71.0,71.0,1.0,1.0,2048.0,1406.4375,662.4998168945312,212.0,154.5,2048.0,1406.4375,2260.0,1560.9375,0.4375,8.0,0.0,0.0,0.0,0.0,1.0,0.15625,0.0,0.36309218406677246,10.0,0.15625,0.375,5.98409678786993e-06,1.3472046703100204e-05,24.445241928100586,0.0651637613773346,397.7646179199219,373.25323486328125,3.2171266078948975,0.42042988538742065,0.0,19.0,8.0,64.0,0.35857832431793213,0.0,0.0,0.23530878126621246,0.166015625,9.999999974752427e-07,72.0,64.0,0.9999979734420776,0.0,-0.9999979734420776,0.3535526692867279,0.0,3.2991764545440674,-0.002191777341067791,0.5144888162612915,542113.375,366942.4375,64.0,32.5,265.4330749511719,264.1379699707031,208.0,118.0,556.9782104492188,549.2840576171875,4.171625137329102,2.213589668273926,559.2009887695312,553.5780029296875,0.0,0.003654278116300702,0.015073793940246105,0.9993307590484619,0.9355055689811707,1.5707694700495267e-08,2.2012493161582825e-08,0.06449268758296967,1.6901135495572817e-06,150.98947143554688,2341.1875,1.0,1.0,71.0,71.0,1.0,1.0,2048.0,1389.0,664.4603881835938,212.0,154.5,2048.0,1389.0,2260.0,1543.5,0.421875,8.0,0.0,0.0,0.0,0.0,1.0,0.0625,0.0,0.24206146597862244,4.0,0.0625,0.875,9.248004062101245e-06,1.2959993910044432e-05,37.913639068603516,0.05683691054582596,588.7562866210938,550.7847900390625,2.9421093463897705,0.5258032083511353,0.0,19.0,8.0,64.0,0.3657483458518982,0.0,0.0,0.24065428972244263,0.03125,9.999999974752427e-07,72.0,64.0
73,1.2909917831420898,-1.734723475976807e-18,-0.7745950818061829,0.3535526692867279,-1.1102230246251565e-16,0.9660598039627075,-0.0007460310007445514,0.5775942206382751,360754.96875,320395.28125,64.0,32.5,182.21966552734375,177.04698181152344,272.0,124.0,359.1156921386719,342.67578125,1.32338285446167,0.8012283444404602,360.5790100097656,344.18603515625,0.0,-0.0023237979039549828,0.003005925565958023,0.9997466206550598,0.922041118144989,2.2359889939593813e-08,2.8085249681453206e-08,0.0779564380645752,2.383202854616684e-06,280.7161865234375,3600.936767578125,1.0,1.0,72.0,72.0,1.0,1.0,2048.0,1814.125,364.6387634277344,275.0,166.625,2048.0,1814.125,2323.0,1980.75,0.640625,8.0,0.0,0.0,0.0,0.0,1.0,0.046875,0.0,0.21137107908725739,3.0,0.046875,0.875,9.248033165931702e-06,1.1616037227213383e-05,32.17866134643555,0.06405822932720184,413.5992126464844,381.3554992675781,3.3498566150665283,0.4076094627380371,0.0,26.0,8.0,64.0,0.40512320399284363,0.0,0.0,0.2986717224121094,0.078125,9.999999974752427e-07,73.0,64.0,0.0,0.0,0.0,0.0,0.0,4.358063220977783,-0.002465292112901807,0.6192141175270081,558703.25,493869.15625,64.0,32.5,276.3500671386719,271.9904479980469,272.0,124.0,541.6126708984375,537.387451171875,4.402374744415283,2.406003475189209,543.986083984375,541.8851928710938,0.0,0.0,0.020137464627623558,0.9994263052940369,0.9158088564872742,1.2345346078745933e-08,2.3760881262546718e-08,0.08418949693441391,1.6261639075310086e-06,187.41085815429688,2226.059814453125,1.0,1.0,72.0,72.0,1.0,1.0,2048.0,1814.09375,376.5091247558594,275.0,166.625,2048.0,1814.09375,2323.0,1980.71875,0.671875,8.0,0.0,0.0,0.0,0.0,0.0,0.0,0.0,0.0,0.0,0.0,1.0,7.648006430827081e-06,1.4719989849254489e-05,52.09902572631836,0.05680578202009201,619.5051879882812,567.3483276367188,3.12776780128479,0.3189345896244049,0.0,26.0,8.0,64.0,0.40513259172439575,0.0,0.0,0.3042508065700531,0.0,9.999999974752427e-07,73.0,64.0
74,2.6457433700561523,1.3877787807814457e-17,-2.6457433700561523,0.8660231232643127,8.881784197001252e-16,0.9375362396240234,-0.0008319713524542749,0.48417603969573975,350870.46875,227163.390625,64.0,32.5,173.08828735351562,171.14512634277344,176.0,95.5,347.80218505859375,340.0221252441406,1.2917670011520386,0.827335774898529,349.06719970703125,341.46160888671875,0.0,0.023895107209682465,0.0031094306614249945,0.9996256232261658,0.951041042804718,2.2559611068118102e-08,3.527490832766489e-08,0.04895646497607231,2.439687705191318e-06,217.65499877929688,4445.88916015625,1.0,1.0,73.0,73.0,1.0,1.0,2048.0,1326.609375,503.6460876464844,180.0,127.0,2048.0,1326.609375,2186.0,1453.609375,0.140625,8.0,0.0,0.0,0.0,0.0,1.0,0.390625,0.0,0.48789048194885254,25.0,0.390625,0.25,8.800067007541656e-06,1.3760058209300041e-05,19.031835556030273,0.0651320144534111,390.08062744140625,370.9826965332031,3.3391709327697754,0.41719043254852295,0.0,15.0,8.0,64.0,0.24343261122703552,0.0,0.0,0.23421159386634827,0.2236328125,9.999999974752427e-07,74.0,64.0,2.6457433700561523,-5.204170427930421e-18,-1.2909917831420898,0.7071051001548767,-3.3306690738754696e-16,2.098172187805176,-0.0028662176337093115,0.5224676132202148,581961.3125,376607.34375,64.0,32.5,286.50311279296875,283.5747985839844,176.0,95.5,541.16259765625,538.691162109375,5.402432918548584,2.86555814743042,544.3212890625,543.7952270507812,0.0,-0.005754778627306223,0.018865477293729782,0.9989810585975647,0.9518207907676697,1.9957601793407775e-08,3.21281170556631e-08,0.04817752167582512,1.6595122360740788e-06,136.6782989501953,2836.972412109375,1.0,1.0,73.0,73.0,1.0,1.0,2048.0,1325.171875,515.6390991210938,180.0,127.0,2048.0,1325.171875,2208.0,1452.171875,0.140625,8.0,0.0,0.0,0.0,0.0,1.0,0.1875,0.0,0.3903123736381531,12.0,0.1875,0.5,1.2384000001475215e-05,1.993599289562553e-05,29.83770179748535,0.057195473462343216,620.5154418945312,590.6195068359375,3.0339276790618896,0.5210348963737488,0.0,15.0,8.0,64.0,0.2441813200712204,0.0,0.0,0.23377491533756256,0.15625,9.999999974752427e-07,74.0,64.0
75,2.6457433700561523,-3.469446951953614e-18,-0.7745950818061829,0.6123709678649902,-2.220446049250313e-16,0.7005817890167236,-0.0008234606357291341,0.581572413444519,368406.34375,247210.484375,64.0,32.5,180.1566619873047,176.69715881347656,192.0,107.5,369.4924621582031,358.8296203613281,1.3382940292358398,0.7954654693603516,370.80169677734375,360.3169250488281,0.0,-0.00785713829100132,0.004382728599011898,0.9997445940971375,0.9423839449882507,1.6623769028001334e-08,3.519869906654094e-08,0.0576135627925396,2.435013811918907e-06,218.14303588867188,3786.31396484375,1.0,1.0,74.0,74.0,1.0,1.0,2048.0,1397.53125,552.7893676757812,204.0,141.25,2048.0,1397.53125,2206.0,1538.78125,0.265625,8.0,0.0,0.0,0.0,0.0,1.0,0.109375,0.0,0.3121091425418854,7.0,0.109375,0.625,6.8160006776452065e-06,1.4432007446885109e-05,23.558753967285156,0.06369253993034363,410.015380859375,386.39190673828125,3.215799570083618,0.4042697548866272,0.0,18.0,8.0,64.0,0.3325602114200592,0.0,0.0,0.3192954957485199,0.1767578125,9.999999974752427e-07,75.0,64.0,2.6457433700561523,0.0,-0.9999979734420776,0.6123707890510559,0.0,5.061987400054932,-0.003720206441357732,0.6179313659667969,567362.125,361552.9375,64.0,32.5,278.20703125,273.5068054199219,192.0,107.5,546.2272338867188,539.9652709960938,3.9970638751983643,2.068610191345215,548.5503540039062,544.181640625,0.0,-0.018459351733326912,0.02459103800356388,0.9987956285476685,0.9508971571922302,1.6907973687807498e-08,2.5890328103628235e-08,0.04910103231668472,1.796194965208997e-06,139.1918182373047,2834.80419921875,1.0,1.0,74.0,74.0,1.0,1.0,2048.0,1317.171875,548.8805541992188,204.0,141.25,2048.0,1317.171875,2206.0,1458.421875,0.234375,8.0,0.0,0.0,0.0,0.0,1.0,0.09375,0.0,0.2914806008338928,6.0,0.09375,0.625,1.0240008123219013e-05,1.5680008800700307e-05,29.679946899414062,0.05720360577106476,605.6318969726562,575.8936157226562,2.9630067348480225,0.31254154443740845,0.0,15.0,8.0,64.0,0.2409261018037796,0.0,0.0,0.3260272741317749,0.201171875,9.999999974752427e-07,75.0,64.0
76,2.6457433700561523,-6.938893903907228e-18,-0.9999979734420776,0.6123709678649902,-4.440892098500626e-16,1.1254736185073853,-0.0006188123370520771,0.5640329122543335,375571.0,291107.8125,64.0,32.5,183.47386169433594,179.4569549560547,160.0,101.5,360.9775085449219,348.5630798339844,1.4629979133605957,0.781078040599823,362.32305908203125,349.9991149902344,0.0,0.012724669650197029,0.003535651136189699,0.9999243021011353,0.9435389041900635,2.088046358039719e-08,3.033012418995895e-08,0.05645858496427536,2.441267724861973e-06,246.52127075195312,4366.4091796875,1.0,1.0,75.0,75.0,1.0,1.0,2048.0,1617.453125,430.2740783691406,169.0,132.375,2048.0,1617.453125,2195.0,1749.828125,0.3125,8.0,0.0,0.0,0.0,0.0,1.0,0.109375,0.0,0.3121091425418854,7.0,0.109375,0.625,8.767936378717422e-06,1.2735952623188496e-05,23.643495559692383,0.0640854686498642,419.9110107421875,396.202392578125,3.1972451210021973,0.40330779552459717,0.0,19.0,8.0,64.0,0.2809094786643982,0.0,0.0,0.3060591518878937,0.138671875,9.999999974752427e-07,76.0,64.0,2.6457433700561523,0.0,-0.3779633343219757,0.35355231165885925,0.0,3.12772274017334,-0.0033017415553331375,0.6031515598297119,559906.8125,443870.28125,64.0,32.5,280.32818603515625,273.4857482910156,160.0,101.5,569.3482666015625,568.872802734375,3.976392984390259,2.1326780319213867,573.6136474609375,572.9993286132812,0.0,0.017940599471330643,0.02318963035941124,0.9989842772483826,0.9373332262039185,1.6082365661418407e-08,2.0880708717641028e-08,0.06266508996486664,1.6536793054910959e-06,171.38926696777344,2735.00390625,1.0,1.0,75.0,75.0,1.0,1.0,2048.0,1625.1875,438.39599609375,169.0,132.375,2048.0,1625.1875,2181.0,1757.5625,0.359375,8.0,0.0,0.0,0.0,0.0,1.0,0.015625,0.0,0.12401959300041199,1.0,0.015625,0.875,9.759998647496104e-06,1.2671996955759823e-05,37.973297119140625,0.056628476828336716,606.8757934570312,568.8448486328125,2.956653594970703,0.8467493653297424,0.0,19.0,8.0,64.0,0.27772924304008484,0.0,0.0,0.2943846583366394,0.05419921875,9.999999974752427e-07,76.0,64.0
77,2.6457433700561523,-6.938893903907228e-18,-0.5773489475250244,0.6123707294464111,-4.440892098500626e-16,1.5105664730072021,-0.0010316558182239532,0.49510887265205383,358777.125,252991.203125,64.0,32.5,179.2451171875,175.63465881347656,384.0,139.0,366.703125,358.944091796875,1.4241489171981812,0.8348590135574341,368.46636962890625,360.4716491699219,0.0,0.008281371556222439,0.0032860490027815104,0.9994902014732361,0.9465852379798889,1.9282815344467963e-08,3.477340726476541e-08,0.053412411361932755,2.3016532395558897e-06,232.4823455810547,4352.59033203125,1.0,1.0,76.0,76.0,1.0,1.0,2048.0,1440.75,582.4395141601562,398.0,185.875,2048.0,1440.75,2276.0,1626.625,0.28125,8.0,0.0,0.0,0.0,0.0,1.0,0.0625,0.0,0.24206146597862244,4.0,0.0625,0.625,7.64802098274231e-06,1.3791956007480621e-05,21.120241165161133,0.06438527256250381,396.6236572265625,375.4380798339844,3.1107802391052246,0.41180941462516785,0.0,17.0,8.0,64.0,0.2529296875,0.0,0.0,0.2805483639240265,0.1826171875,9.999999974752427e-07,77.0,64.0,2.6457433700561523,0.0,-0.3779633343219757,0.35355231165885925,0.0,6.503692626953125,-0.002781274262815714,0.5091588497161865,569861.625,386533.3125,64.0,32.5,278.5213623046875,273.934326171875,384.0,139.0,554.1889038085938,543.4312744140625,4.345830917358398,2.111335277557373,556.6356201171875,548.0396728515625,0.0,0.0024764984846115112,0.02095358818769455,0.9995100498199463,0.9445130228996277,1.4784220070396259e-08,2.3874157761838433e-08,0.05548524111509323,1.7086863408621866e-06,146.78585815429688,2645.49365234375,1.0,1.0,76.0,76.0,1.0,1.0,2048.0,1404.890625,584.2841186523438,398.0,185.875,2048.0,1404.890625,2237.0,1590.765625,0.328125,8.0,0.0,0.0,0.0,0.0,1.0,0.015625,0.0,0.12401959300041199,1.0,0.015625,0.875,9.056006092578173e-06,1.4624005416408181e-05,33.9304084777832,0.05682293698191643,612.54541015625,578.55712890625,3.1548912525177,0.3112581968307495,0.0,17.0,8.0,64.0,0.2694091796875,0.0,0.0,0.2591218948364258,0.046142578125,9.999999974752427e-07,77.0,64.0
78,1.2909917831420898,0.0,-1.2909917831420898,0.49999895691871643,0.0,1.06223464012146,-0.0009101906325668097,0.633092999458313,360967.03125,253468.875,64.0,32.5,177.33853149414062,175.28709411621094,208.0,121.0,353.5321350097656,336.8428649902344,1.4786138534545898,0.835839569568634,354.827392578125,338.2929382324219,0.0,0.018028024584054947,0.003848523832857609,0.9997040629386902,0.9457104802131653,1.944377103768602e-08,2.944539545524094e-08,0.05428702384233475,2.43787280851393e-06,231.30003356933594,4260.6875,1.0,1.0,77.0,77.0,1.0,1.0,2048.0,1445.359375,599.85009765625,222.0,161.625,2048.0,1445.359375,2270.0,1606.984375,0.390625,8.0,0.0,0.0,0.0,0.0,1.0,0.125,0.0,0.33071890473365784,8.0,0.125,0.75,7.776077836751938e-06,1.1775991879403591e-05,21.644515991210938,0.06630001217126846,399.92645263671875,378.2146301269531,3.104464054107666,0.4070979952812195,0.0,17.0,8.0,64.0,0.26195570826530457,0.0,0.0,0.3746502697467804,0.1103515625,9.999999974752427e-07,78.0,64.0,2.6457433700561523,-1.734723475976807e-18,-0.7745950818061829,0.49999871850013733,-1.1102230246251565e-16,2.8056979179382324,-0.003140030661597848,0.6699962019920349,584984.625,397544.15625,64.0,32.5,285.7765808105469,282.6866455078125,208.0,121.0,543.3963012695312,543.2361450195312,4.05328893661499,2.1669259071350098,547.6708374023438,547.4950561523438,0.0,0.0071781836450099945,0.024202357977628708,0.9991978406906128,0.9395970106124878,1.5803717445805887e-08,2.2745446415228798e-08,0.06040128692984581,1.6794054999991204e-06,142.0038299560547,2351.006591796875,1.0,1.0,77.0,77.0,1.0,1.0,2048.0,1401.59375,617.1981201171875,222.0,161.625,2048.0,1401.59375,2270.0,1563.21875,0.375,8.0,0.0,0.0,0.0,0.0,1.0,0.0625,0.0,0.24206146597862244,4.0,0.0625,0.75,9.983006748370826e-06,1.4368008123710752e-05,38.0978889465332,0.05683131888508797,631.6871948242188,593.5314331054688,3.1461737155914307,0.31535932421684265,0.0,19.0,8.0,64.0,0.3576403260231018,0.0,0.0,0.3739422857761383,0.10302734375,9.999999974752427e-07,78.0,64.0
79,2.6457433700561523,6.938893903907228e-18,-1.7320468425750732,0.6123707294464111,4.440892098500626e-16,0.8754730224609375,-0.0006663320236839354,0.5261101722717285,365280.1875,287070.5,64.0,32.5,180.7652587890625,177.6498565673828,256.0,113.5,355.7211608886719,333.918212890625,1.4394780397415161,0.8596023917198181,357.4998474121094,335.4493103027344,0.0,0.018413420766592026,0.003198945429176092,0.999803900718689,0.9407326579093933,2.242529362206369e-08,3.690326266791999e-08,0.05926471948623657,2.535703060857486e-06,253.6597442626953,4280.11376953125,1.0,1.0,78.0,78.0,1.0,1.0,2048.0,1611.859375,445.2363586425781,259.0,146.625,2048.0,1611.859375,2275.0,1758.484375,0.328125,8.0,0.0,0.0,0.0,0.0,1.0,0.125,0.0,0.33071890473365784,8.0,0.125,0.625,9.119976311922073e-06,1.5007914043962955e-05,24.03742218017578,0.06450821459293365,406.6825866699219,382.57958984375,3.1640522480010986,0.41299259662628174,0.0,19.0,8.0,64.0,0.27735018730163574,0.0,0.0,0.26385030150413513,0.119140625,9.999999974752427e-07,79.0,64.0,1.7320468425750732,-1.3877787807814457e-17,-0.5773489475250244,0.4999988377094269,-8.881784197001252e-16,2.425142288208008,-0.0024566680658608675,0.5671341419219971,581708.1875,461497.78125,64.0,32.5,299.1034240722656,284.9202880859375,256.0,113.5,549.8834228515625,532.6709594726562,4.283431053161621,2.3695719242095947,552.7615356445312,537.1064453125,0.0,0.03177555650472641,0.01794222742319107,0.9993309378623962,0.9361536502838135,1.5427414012947338e-08,2.6033767142052966e-08,0.06384453922510147,1.7505439018350444e-06,164.75521850585938,2580.56884765625,1.0,1.0,78.0,78.0,1.0,1.0,2048.0,1623.265625,441.5592041015625,259.0,146.625,2048.0,1623.265625,2205.0,1769.890625,0.421875,8.0,0.0,0.0,0.0,0.0,1.0,0.0625,0.0,0.24206146597862244,4.0,0.0625,0.75,9.727998985908926e-06,1.6416001017205417e-05,40.200740814208984,0.05743758752942085,630.5657348632812,590.3064575195312,2.9695162773132324,0.3146154284477234,0.0,20.0,8.0,64.0,0.3090271055698395,0.0,0.0,0.26407045125961304,0.0771484375,9.999999974752427e-07,79.0,64.0
80,1.2909917831420898,-1.734723475976807e-18,-0.7745950818061829,0.3535526692867279,-1.1102230246251565e-16,2.316235065460205,-0.0006021620356477797,0.4360751211643219,362321.09375,264823.75,64.0,32.5,179.29022216796875,176.40298461914062,240.0,119.5,351.0750732421875,340.32470703125,2.1503212451934814,0.8824347853660583,352.0777282714844,341.8696594238281,0.0,-0.002747165970504284,0.0027716418262571096,0.9998039603233337,0.9378842711448669,1.6553302728539165e-08,3.255692249126696e-08,0.06211330369114876,2.3593906917085405e-06,235.2832794189453,3787.96923828125,1.0,1.0,79.0,79.0,1.0,1.0,2048.0,1499.5625,593.8364868164062,248.0,156.375,2048.0,1499.5625,2296.0,1655.9375,0.46875,8.0,0.0,0.0,0.0,0.0,1.0,0.046875,0.0,0.21137107908725739,3.0,0.046875,0.875,6.752088665962219e-06,1.3279961422085762e-05,25.27200698852539,0.06399698555469513,407.8997802734375,382.56280517578125,3.2136452198028564,0.40801751613616943,0.0,20.0,8.0,64.0,0.3535400331020355,0.0,0.0,0.20847463607788086,0.05615234375,9.999999974752427e-07,80.0,64.0,0.0,0.0,0.0,0.0,0.0,3.055673599243164,-0.0026285448111593723,0.4568401277065277,589564.9375,426952.96875,64.0,32.5,320.3586730957031,294.53369140625,240.0,119.5,555.3425903320312,554.9851684570312,5.316576957702637,2.877591848373413,560.7741088867188,560.1388549804688,0.0,0.0,0.016415460035204887,0.999073326587677,0.9374884366989136,1.5135217523720712e-08,2.1197758215407703e-08,0.06250983476638794,1.7159364915642072e-06,146.92625427246094,2350.4501953125,1.0,1.0,79.0,79.0,1.0,1.0,2048.0,1465.84375,604.7487182617188,248.0,156.375,2048.0,1465.84375,2296.0,1622.21875,0.4375,8.0,0.0,0.0,0.0,0.0,0.0,0.0,0.0,0.0,0.0,0.0,1.0,9.663999662734568e-06,1.353499828837812e-05,39.85643768310547,0.056764546781778336,638.5108032226562,598.5964965820312,2.968095541000366,0.9256439805030823,0.0,20.0,8.0,64.0,0.36671143770217896,0.0,0.0,0.19278287887573242,0.0,9.999999974752427e-07,80.0,64.0
81,2.6457433700561523,-5.204170427930421e-18,-1.2909917831420898,0.6123709082603455,-3.3306690738754696e-16,0.6726189255714417,-0.0005934712826274335,0.5573444962501526,380165.25,261229.546875,64.0,32.5,194.55494689941406,187.8086700439453,272.0,110.5,360.2786560058594,349.5245361328125,2.288655996322632,0.9396542906761169,361.59326171875,351.1138000488281,0.0,-0.010465114377439022,0.002878661034628749,0.9998777508735657,0.9491919279098511,1.7049140765834636e-08,2.8187992384687277e-08,0.05080581083893776,2.195787146774819e-06,212.22808837890625,4177.24072265625,1.0,1.0,80.0,80.0,1.0,1.0,2048.0,1400.390625,550.494384765625,286.0,148.625,2048.0,1400.390625,2334.0,1549.015625,0.28125,8.0,0.0,0.0,0.0,0.0,1.0,0.25,0.0,0.4330126941204071,16.0,0.25,0.625,7.1999384090304375e-06,1.1903932318091393e-05,21.390350341796875,0.06520062685012817,422.3050842285156,400.84857177734375,3.1794238090515137,0.4121515154838562,0.0,17.0,8.0,64.0,0.2885957658290863,0.0,0.0,0.3105877935886383,0.2109375,9.999999974752427e-07,81.0,64.0,2.6457433700561523,-6.938893903907228e-18,-1.2909917831420898,0.7071051001548767,-4.440892098500626e-16,4.532613277435303,-0.002233110135421157,0.6096628904342651,558808.25,371480.21875,64.0,32.5,276.2615966796875,270.2627258300781,272.0,110.5,558.4439086914062,552.0355834960938,5.417760848999023,3.0008671283721924,561.0809326171875,557.2567138671875,0.0,0.013740736059844494,0.01950548216700554,0.9995648264884949,0.941893994808197,1.6834674099186486e-08,2.1561129770475418e-08,0.058104220777750015,1.7417160051991232e-06,145.91607666015625,2511.28173828125,1.0,1.0,80.0,80.0,1.0,1.0,2048.0,1373.8125,498.3134765625,286.0,148.625,2048.0,1373.8125,2334.0,1522.4375,0.203125,8.0,0.0,0.0,0.0,0.0,1.0,0.171875,0.0,0.37727177143096924,11.0,0.171875,0.5,1.0143994586542249e-05,1.299199357163161e-05,34.94997024536133,0.06163043528795242,602.5655517578125,567.5528564453125,2.9688193798065186,0.31593483686447144,0.0,15.0,8.0,64.0,0.20758463442325592,0.0,0.0,0.3120517432689667,0.158203125,9.999999974752427e-07,81.0,64.0
82,2.6457433700561523,-5.204170427930421e-18,-1.2909917831420898,0.6123709082603455,-3.3306690738754696e-16,1.842305064201355,-0.0006484740297310054,0.5536525249481201,378790.21875,252256.46875,64.0,32.5,193.98179626464844,187.866455078125,192.0,101.5,350.2287292480469,342.7254333496094,1.664180040359497,0.9307733774185181,351.5007629394531,344.3370361328125,0.0,-0.027724018320441246,0.0032078006770461798,0.999889075756073,0.94990074634552,1.7753915670937204e-08,3.7413066422686825e-08,0.050096701830625534,2.4924920580815524e-06,205.61953735351562,4104.45263671875,1.0,1.0,81.0,81.0,1.0,1.0,2048.0,1349.25,530.8348999023438,193.0,133.0,2048.0,1349.25,2194.0,1482.25,0.203125,8.0,0.0,0.0,0.0,0.0,1.0,0.125,0.0,0.33071890473365784,8.0,0.125,0.625,7.455935701727867e-06,1.5711993910372257e-05,20.973499298095703,0.06511669605970383,419.9600830078125,398.92041015625,3.1445841789245605,0.41330453753471375,0.0,16.0,8.0,64.0,0.2767333984375,0.0,0.0,0.3155077397823334,0.1728515625,9.999999974752427e-07,82.0,64.0,0.0,0.0,0.0,0.0,0.0,2.901170253753662,-0.0031329451594501734,0.6065221428871155,581558.5625,380221.03125,64.0,32.5,306.0100402832031,293.9638671875,192.0,101.5,542.6204833984375,538.7083740234375,5.100642204284668,2.763615369796753,545.3331298828125,543.5601806640625,0.0,0.0,0.021259073168039322,0.9988776445388794,0.9509662985801697,1.702132124137279e-08,2.362350493001486e-08,0.049032051116228104,1.6309417105730972e-06,135.03575134277344,2754.0302734375,1.0,1.0,81.0,81.0,1.0,1.0,2048.0,1309.0,553.6032104492188,193.0,133.0,2048.0,1309.0,2194.0,1442.0,0.203125,8.0,0.0,0.0,0.0,0.0,0.0,0.0,0.0,0.0,0.0,0.0,1.0,1.05600047390908e-05,1.4655990526080132e-05,30.361757278442383,0.0576605387032032,620.3986206054688,589.9782104492188,2.8879199028015137,0.32058319449424744,0.0,15.0,8.0,64.0,0.24947915971279144,0.0,0.0,0.325919508934021,0.0,9.999999974752427e-07,82.0,64.0
83,1.7320468425750732,-1.3877787807814457e-17,-2.6457433700561523,0.7071051001548767,-8.881784197001252e-16,0.684934139251709,-0.0006522543262690306,0.48756343126296997,360837.28125,195483.4375,64.0,32.5,177.29190063476562,175.79910278320312,144.0,98.5,349.5322265625,341.9521484375,1.1344561576843262,0.7272888422012329,350.8512878417969,343.30096435546875,0.0,-0.0011481591500341892,0.003374530700966716,0.9998181462287903,0.9602973461151123,2.684876321268348e-08,3.15145385343385e-08,0.03969988971948624,2.714655011004652e-06,181.92738342285156,4582.56689453125,1.0,1.0,82.0,82.0,1.0,1.0,2048.0,1111.265625,564.1583862304688,153.0,128.0,2048.0,1111.265625,2201.0,1239.265625,0.109375,8.0,0.0,0.0,0.0,0.0,1.0,0.234375,0.0,0.42360755801200867,15.0,0.234375,0.5,1.0496005415916443e-05,1.2320000678300858e-05,15.455449104309082,0.06445564329624176,390.9306945800781,375.4096984863281,3.1972954273223877,0.4060675799846649,0.0,12.0,8.0,64.0,0.1938374787569046,0.0,0.0,0.20451048016548157,0.1943359375,9.999999974752427e-07,83.0,64.0,2.6457433700561523,5.204170427930421e-18,-1.7320468425750732,0.7071049213409424,3.3306690738754696e-16,3.570331335067749,-0.0034505927469581366,0.5240337252616882,587897.9375,313343.1875,64.0,32.5,287.19976806640625,280.5234680175781,144.0,98.5,559.294677734375,547.8788452148438,5.126626014709473,2.8325788974761963,561.7017822265625,552.8777465820312,0.0,0.018521985039114952,0.019704848527908325,0.998873233795166,0.9572621583938599,1.443092845221372e-08,1.920700043456236e-08,0.042736250907182693,1.5579654473185656e-06,114.18610382080078,2671.87939453125,1.0,1.0,82.0,82.0,1.0,1.0,2048.0,1111.71875,570.8567504882812,153.0,128.0,2048.0,1111.71875,2201.0,1239.71875,0.140625,8.0,0.0,0.0,0.0,0.0,1.0,0.171875,0.0,0.37727177143096924,11.0,0.171875,0.5,8.991992217488587e-06,1.1967989848926663e-05,26.57244300842285,0.056752871721982956,623.1055908203125,596.4754028320312,2.9565980434417725,0.32426050305366516,0.0,13.0,8.0,64.0,0.2555776834487915,0.0,0.0,0.19359973073005676,0.1708984375,9.999999974752427e-07,83.0,64.0
84,2.6457433700561523,-1.734723475976807e-18,-0.7745950818061829,0.49999871850013733,-1.1102230246251565e-16,0.8859050273895264,-0.0005603250465355814,0.515303373336792,367518.40625,250973.796875,64.0,32.5,191.79800415039062,183.80577087402344,176.0,103.0,360.68963623046875,350.59820556640625,1.3232550621032715,0.8119128346443176,361.9909362792969,352.0365295410156,0.0,-0.019283447414636612,0.003197895362973213,0.9999129176139832,0.9482079148292542,2.3059994802565598e-08,3.76776370103471e-08,0.05178960785269737,2.4024504909903044e-06,215.4130401611328,4159.38720703125,1.0,1.0,83.0,83.0,1.0,1.0,2048.0,1377.859375,531.0669555664062,188.0,139.75,2048.0,1377.859375,2236.0,1517.609375,0.28125,8.0,0.0,0.0,0.0,0.0,1.0,0.0625,0.0,0.24206146597862244,4.0,0.0625,0.75,9.440002031624317e-06,1.542398240417242e-05,21.135908126831055,0.06505096703767776,409.3670349121094,388.1650695800781,3.1480536460876465,0.4058126211166382,0.0,17.0,8.0,64.0,0.30302879214286804,0.0,0.0,0.2705727517604828,0.1513671875,9.999999974752427e-07,84.0,64.0,2.6457433700561523,1.734723475976807e-18,-1.2909917831420898,0.49999871850013733,1.1102230246251565e-16,2.4250285625457764,-0.0031740376725792885,0.5587687492370605,581389.5625,384903.375,64.0,32.5,284.0202941894531,281.3062438964844,176.0,103.0,561.7716064453125,558.025146484375,3.9501209259033203,2.1570889949798584,564.281494140625,562.1630249023438,0.0,0.023232657462358475,0.0194353349506855,0.9987214803695679,0.9450745582580566,1.7115725725602715e-08,2.5417344673428488e-08,0.05492366850376129,1.7065405018001911e-06,140.15577697753906,2551.82861328125,1.0,1.0,83.0,83.0,1.0,1.0,2048.0,1367.515625,552.0525512695312,188.0,139.75,2048.0,1367.515625,2236.0,1507.265625,0.296875,8.0,0.0,0.0,0.0,0.0,1.0,0.09375,0.0,0.2914806008338928,6.0,0.09375,0.75,1.0688003385439515e-05,1.587199221830815e-05,34.242767333984375,0.05460021272301674,624.4551391601562,590.1566772460938,3.0209829807281494,0.31876423954963684,0.0,17.0,8.0,64.0,0.3077823519706726,0.0,0.0,0.2707657814025879,0.130859375,9.999999974752427e-07,84.0,64.0
85,0.9999979734420776,6.938893903907228e-18,-1.7320468425750732,0.6123711466789246,4.440892098500626e-16,0.5954718589782715,-0.0005972671788185835,0.48721379041671753,369623.4375,271811.375,64.0,32.5,185.50985717773438,179.72442626953125,272.0,130.0,384.9552917480469,338.3450927734375,1.6464200019836426,0.8874386548995972,386.25146484375,339.8898010253906,0.0,0.010354170575737953,0.0026153556536883116,0.9997864961624146,0.9372815489768982,2.0835967617927054e-08,3.321441965908889e-08,0.06271595507860184,2.452091393934097e-06,231.50674438476562,3691.35302734375,1.0,1.0,84.0,84.0,1.0,1.0,2048.0,1505.53125,612.2169799804688,284.0,172.875,2048.0,1505.53125,2327.0,1678.40625,0.4375,8.0,0.0,0.0,0.0,0.0,1.0,0.21875,0.0,0.4133986532688141,14.0,0.21875,0.625,8.672010153532028e-06,1.3823970220983028e-05,26.038516998291016,0.0641070008277893,416.203857421875,390.1001892089844,3.249555826187134,0.4166434705257416,0.0,21.0,8.0,64.0,0.3759649395942688,0.0,0.0,0.23727525770664215,0.12890625,9.999999974752427e-07,85.0,64.0,2.6457433700561523,-8.673617379884035e-18,-0.7745950818061829,0.6123709082603455,-5.551115123125783e-16,1.8536710739135742,-0.0024933544918894768,0.5375044941902161,562411.3125,370384.125,64.0,32.5,274.7490539550781,271.3851623535156,272.0,130.0,554.2259521484375,553.9691772460938,4.172647953033447,2.211205244064331,558.8545532226562,558.3426513671875,0.0,-0.012771902605891228,0.017614074051380157,0.9992486834526062,0.94339919090271,1.1528091370394122e-08,2.1575525366301918e-08,0.05659922584891319,1.5670703987780144e-06,144.1061248779297,2546.079345703125,1.0,1.0,84.0,84.0,1.0,1.0,2048.0,1362.546875,623.0286254882812,284.0,172.875,2048.0,1362.546875,2327.0,1535.421875,0.34375,8.0,0.0,0.0,0.0,0.0,1.0,0.09375,0.0,0.2914806008338928,6.0,0.09375,0.625,6.9759989855811e-06,1.3056007446721196e-05,34.192596435546875,0.05731632187962532,605.1304321289062,570.8795776367188,2.9343817234039307,0.3159051239490509,0.0,17.0,8.0,64.0,0.2948428988456726,0.0,0.0,0.247171089053154,0.162109375,9.999999974752427e-07,85.0,64.0
86,2.6457433700561523,0.0,-0.9999979734420776,0.6123707890510559,0.0,0.5463166236877441,-0.0007006629020906985,0.5226243138313293,370722.78125,274095.6875,64.0,32.5,200.6310272216797,184.8438720703125,272.0,125.5,359.02862548828125,351.32684326171875,1.3139429092407227,0.7995142936706543,359.7729187011719,352.7665100097656,0.0,-0.007918119430541992,0.0030825305730104446,0.9997553825378418,0.9386069774627686,2.6594300095439394e-08,3.880892407437386e-08,0.06139053404331207,2.447359520374448e-06,231.9874267578125,3778.879638671875,1.0,1.0,85.0,85.0,1.0,1.0,2048.0,1500.390625,584.5009765625,276.0,165.0,2048.0,1500.390625,2287.0,1665.390625,0.359375,8.0,0.0,0.0,0.0,0.0,1.0,0.09375,0.0,0.2914806008338928,6.0,0.09375,0.625,1.1008000001311302e-05,1.606391742825508e-05,25.34641456604004,0.064555324614048,413.92327880859375,388.5112609863281,3.336825132369995,0.40795090794563293,0.0,20.0,8.0,64.0,0.3498474061489105,0.0,0.0,0.2635723352432251,0.1396484375,9.999999974752427e-07,86.0,64.0,2.6457433700561523,-1.5612511283791264e-17,-0.7745950818061829,0.8660231232643127,-9.992007221626409e-16,2.8270740509033203,-0.0024851979687809944,0.5705031156539917,565992.1875,397792.21875,64.0,32.5,276.74371337890625,273.76409912109375,272.0,125.5,539.7877807617188,528.6293334960938,4.161510944366455,2.042400598526001,542.0038452148438,533.0613403320312,0.0,0.03360807150602341,0.02130209468305111,0.9995623826980591,0.9408277869224548,1.6665822499817295e-08,2.7357117460269365e-08,0.05917038023471832,1.7697619796308572e-06,151.689208984375,2563.600341796875,1.0,1.0,85.0,85.0,1.0,1.0,2048.0,1447.1875,596.2399291992188,276.0,165.0,2048.0,1447.1875,2287.0,1612.1875,0.3125,8.0,0.0,0.0,0.0,0.0,1.0,0.15625,0.0,0.36309218406677246,10.0,0.15625,0.25,1.0175994248129427e-05,1.6703997971490026e-05,36.07434844970703,0.05452629178762436,610.590576171875,574.4605712890625,2.953951835632324,0.31785669922828674,0.0,18.0,8.0,64.0,0.3006998598575592,0.0,0.0,0.25579023361206055,0.224609375,9.999999974752427e-07,86.0,64.0
87,1.2909917831420898,-1.734723475976807e-18,-2.6457433700561523,0.6123709678649902,-1.1102230246251565e-16,1.1254711151123047,-0.000605560839176178,0.525034487247467,362772.4375,260611.140625,64.0,32.5,180.83216857910156,178.73788452148438,192.0,112.0,366.07879638671875,349.5325927734375,1.3862628936767578,0.842222273349762,367.7313232421875,351.0485534667969,0.0,0.029057327657938004,0.0037084140349179506,0.99992436170578,0.9407749176025391,2.800174137007616e-08,2.9517600808048883e-08,0.05922241508960724,2.590428948678891e-06,233.27590942382812,3938.97998046875,1.0,1.0,86.0,86.0,1.0,1.0,2048.0,1462.046875,462.73583984375,204.0,150.5,2048.0,1462.046875,2252.0,1612.546875,0.296875,8.0,0.0,0.0,0.0,0.0,1.0,0.21875,0.0,0.4133986532688141,14.0,0.21875,0.625,1.1231983080506325e-05,1.1840020306408405e-05,23.690011978149414,0.06512181460857391,401.1173095703125,377.3611145019531,3.122722864151001,0.4106474220752716,0.0,19.0,8.0,64.0,0.33735737204551697,0.0,0.0,0.2783534824848175,0.115234375,9.999999974752427e-07,87.0,64.0,2.6457433700561523,-6.938893903907228e-18,-0.5773489475250244,0.6123707294464111,-4.440892098500626e-16,4.017238616943359,-0.002750324085354805,0.5646018385887146,595026.5625,454398.9375,64.0,32.5,295.4625549316406,289.5588073730469,192.0,112.0,570.6314697265625,544.3726806640625,5.013794898986816,2.705369234085083,573.1585083007812,549.2059326171875,0.0,0.01957818679511547,0.02063829079270363,0.9992110729217529,0.9360527992248535,1.6624882803739638e-08,2.2381570374818693e-08,0.06394555419683456,1.615681412658887e-06,155.54672241210938,2432.48681640625,1.0,1.0,86.0,86.0,1.0,1.0,2048.0,1567.171875,461.8966064453125,204.0,150.5,2048.0,1567.171875,2252.0,1717.671875,0.390625,8.0,0.0,0.0,0.0,0.0,1.0,0.0625,0.0,0.24206146597862244,4.0,0.0625,0.625,1.0719988495111465e-05,1.443199289496988e-05,41.17620086669922,0.0569087378680706,644.81591796875,603.5817260742188,2.903780698776245,0.32047519087791443,0.0,20.0,8.0,64.0,0.32942503690719604,0.0,0.0,0.2702885866165161,0.12890625,9.999999974752427e-07,87.0,64.0
88,1.7320468425750732,-1.3877787807814457e-17,-0.9999979734420776,0.6123710870742798,-8.881784197001252e-16,0.7828047275543213,-0.0007878139731474221,0.512584388256073,374653.78125,243855.4375,64.0,32.5,183.9883270263672,181.45469665527344,256.0,112.0,364.36126708984375,334.6014709472656,1.9347699880599976,0.9102709889411926,365.67401123046875,336.1730651855469,0.0,0.043060075491666794,0.003369044279679656,0.9996928572654724,0.9435330033302307,2.153435119112146e-08,3.31473337666921e-08,0.05646442621946335,2.5135791474895086e-06,206.1644744873047,3651.2275390625,1.0,1.0,87.0,87.0,1.0,1.0,2048.0,1340.328125,585.425048828125,257.0,150.375,2048.0,1340.328125,2305.0,1490.703125,0.328125,8.0,0.0,0.0,0.0,0.0,1.0,0.125,0.0,0.33071890473365784,8.0,0.125,0.625,8.960021659731865e-06,1.3791956007480621e-05,23.428462982177734,0.06527858227491379,416.0804138183594,392.5856018066406,3.3528337478637695,0.4050367772579193,0.0,18.0,8.0,64.0,0.3534274697303772,0.0,0.0,0.25731903314590454,0.1728515625,9.999999974752427e-07,88.0,64.0,2.6457433700561523,-6.938893903907228e-18,-0.5773489475250244,0.6123707294464111,-4.440892098500626e-16,2.1083767414093018,-0.0026123991701751947,0.5465115308761597,574620.8125,368709.9375,64.0,32.5,280.94879150390625,277.31768798828125,256.0,112.0,558.5012817382812,536.3570556640625,4.0403289794921875,2.1263177394866943,560.9183349609375,540.5836181640625,0.0,0.032463815063238144,0.020366813987493515,0.9994374513626099,0.9445815682411194,1.690118089925363e-08,2.1774551939302e-08,0.05541672930121422,1.6666243709551054e-06,137.53768920898438,2481.88037109375,1.0,1.0,87.0,87.0,1.0,1.0,2048.0,1326.453125,589.8003540039062,257.0,150.375,2048.0,1326.453125,2305.0,1476.828125,0.328125,8.0,0.0,0.0,0.0,0.0,1.0,0.0625,0.0,0.24206146597862244,4.0,0.0625,0.625,1.0431991540826857e-05,1.344000338576734e-05,34.14860534667969,0.056508515030145645,617.2344360351562,583.0283203125,3.062917947769165,0.320443332195282,0.0,17.0,8.0,64.0,0.32177016139030457,0.0,0.0,0.2569831907749176,0.1484375,9.999999974752427e-07,88.0,64.0
89,2.6457433700561523,0.0,-0.3779633343219757,0.35355231165885925,0.0,1.740242600440979,-0.0005605464684776962,0.5101456046104431,384003.21875,282817.96875,64.0,32.5,188.8645477294922,183.44940185546875,368.0,133.0,363.1768798828125,333.1110534667969,1.6267409324645996,0.834340512752533,364.6376037597656,334.6142578125,0.0,-0.02171381190419197,0.00310047366656363,0.9998897314071655,0.9415462017059326,2.588311964757395e-08,3.252200997394539e-08,0.05845130980014801,2.404673068667762e-06,227.80047607421875,3897.26904296875,1.0,1.0,88.0,88.0,1.0,1.0,2048.0,1526.984375,541.689453125,384.0,177.75,2048.0,1526.984375,2432.0,1704.734375,0.390625,8.0,0.0,0.0,0.0,0.0,1.0,0.015625,0.0,0.12401959300041199,1.0,0.015625,0.875,1.1103926226496696e-05,1.3952027074992657e-05,25.01054573059082,0.065217524766922,429.00262451171875,403.92578125,3.2512800693511963,0.4059566557407379,0.0,20.0,8.0,64.0,0.3344787657260895,0.0,0.0,0.2517661452293396,0.0771484375,9.999999974752427e-07,89.0,64.0,0.0,0.0,0.0,0.0,0.0,2.5057857036590576,-0.002621276071295142,0.5501885414123535,575843.5,430887.96875,64.0,32.5,300.93145751953125,286.2449951171875,368.0,133.0,566.6356201171875,566.4931640625,4.2742791175842285,2.163699150085449,571.4490356445312,571.0734252929688,0.0,0.0,0.017989985644817352,0.9992526769638062,0.936227023601532,1.2817007011278747e-08,2.199236881494926e-08,0.06377135217189789,1.6219580629694974e-06,155.49267578125,2438.2841796875,1.0,1.0,88.0,88.0,1.0,1.0,2048.0,1516.46875,548.2107543945312,384.0,177.75,2048.0,1516.46875,2432.0,1694.21875,0.40625,8.0,0.0,0.0,0.0,0.0,0.0,0.0,0.0,0.0,0.0,0.0,1.0,8.000002708286047e-06,1.3726996257901192e-05,39.74762725830078,0.05659228935837746,624.1708984375,584.3656005859375,2.8412697315216064,0.31804174184799194,0.0,20.0,8.0,64.0,0.3385864198207855,0.0,0.0,0.246530681848526,0.0,9.999999974752427e-07,89.0,64.0
90,2.6457433700561523,-8.673617379884035e-18,-1.7320468425750732,0.8660232424736023,-5.551115123125783e-16,1.4230129718780518,-0.0007241937564685941,0.5487686991691589,368792.875,264606.0,64.0,32.5,180.40179443359375,177.58982849121094,336.0,146.5,360.4602355957031,350.6624755859375,1.3853660821914673,0.7967433333396912,361.8011474609375,352.11572265625,0.0,0.003666666802018881,0.0026918465737253428,0.999755322933197,0.9481830596923828,2.203646864984421e-08,3.247085800239802e-08,0.05181441828608513,2.459207053107093e-06,231.41831970214844,4466.2919921875,1.0,1.0,89.0,89.0,1.0,1.0,2048.0,1485.96875,389.2658996582031,347.0,194.5,2048.0,1485.96875,2243.0,1680.46875,0.1875,8.0,0.0,0.0,0.0,0.0,1.0,0.234375,0.0,0.42360755801200867,15.0,0.234375,0.25,9.05594788491726e-06,1.3343989849090576e-05,21.229022979736328,0.06425768882036209,410.9527893066406,389.6584777832031,3.1796770095825195,0.4132559597492218,0.0,17.0,8.0,64.0,0.22818531095981598,0.0,0.0,0.3085901439189911,0.2890625,9.999999974752427e-07,90.0,64.0,1.2909917831420898,0.0,-1.2909917831420898,0.49999895691871643,0.0,4.587696075439453,-0.0023340547922998667,0.5904192328453064,592075.5625,443405.4375,64.0,32.5,289.5834045410156,286.9410705566406,336.0,146.5,552.8099975585938,552.4613647460938,4.2420549392700195,2.2107315063476562,557.4879760742188,556.8867797851562,0.0,0.01999637670814991,0.018113192170858383,0.9994070529937744,0.9433711767196655,1.5431663058507183e-08,2.09609360979357e-08,0.05662713944911957,1.6236818964898703e-06,155.23245239257812,2741.308349609375,1.0,1.0,89.0,89.0,1.0,1.0,2048.0,1544.109375,409.7577209472656,347.0,194.5,2048.0,1544.109375,2395.0,1738.609375,0.234375,8.0,0.0,0.0,0.0,0.0,1.0,0.125,0.0,0.33071890473365784,8.0,0.125,0.75,9.823997970670462e-06,1.3344004401005805e-05,35.994850158691406,0.054725486785173416,636.613037109375,600.5623779296875,2.9687490463256836,0.32473650574684143,0.0,18.0,8.0,64.0,0.2458292692899704,0.0,0.0,0.31306058168411255,0.09033203125,9.999999974752427e-07,90.0,64.0
91,0.9999979734420776,0.0,-0.9999979734420776,0.4999989867210388,0.0,3.374035120010376,-0.0009038157877512276,0.520781397819519,357777.25,235701.125,64.0,32.5,176.83721923828125,174.9033966064453,160.0,97.0,359.2002258300781,349.0467834472656,1.635923981666565,0.8557103872299194,360.4192810058594,350.55755615234375,0.0,-0.008030461147427559,0.003221208928152919,0.9995993971824646,0.9435063600540161,2.3961785444726047e-08,3.330729825279377e-08,0.056490786373615265,2.8124718483013567e-06,215.41493225097656,3813.275390625,1.0,1.0,90.0,90.0,1.0,1.0,2048.0,1348.484375,692.2474975585938,170.0,129.0,2048.0,1348.484375,2218.0,1477.484375,0.375,8.0,0.0,0.0,0.0,0.0,1.0,0.125,0.0,0.33071890473365784,8.0,0.125,0.75,9.599956683814526e-06,1.3344106264412403e-05,22.566957473754883,0.06529099494218826,400.6361083984375,378.0027160644531,3.134550094604492,0.40750059485435486,0.0,18.0,8.0,64.0,0.3591647744178772,0.0,0.0,0.26831144094467163,0.0986328125,9.999999974752427e-07,91.0,64.0,2.6457433700561523,0.0,-0.9999979734420776,0.4999987483024597,0.0,4.122284412384033,-0.00302815530449152,0.5552978515625,588030.125,386694.71875,64.0,32.5,297.83636474609375,289.5570068359375,160.0,97.0,559.7066040039062,559.3396606445312,4.311079025268555,2.415557622909546,564.19921875,563.8438720703125,0.0,-0.0025179842486977577,0.01894928142428398,0.999034583568573,0.9425179362297058,1.6683259218552848e-08,2.381155184139061e-08,0.05748026445508003,1.7578475990376319e-06,135.56405639648438,2358.4453125,1.0,1.0,90.0,90.0,1.0,1.0,2048.0,1340.75,709.5789794921875,170.0,129.0,2048.0,1340.75,2218.0,1469.75,0.390625,8.0,0.0,0.0,0.0,0.0,1.0,0.078125,0.0,0.2683681845664978,5.0,0.078125,0.75,1.05600047390908e-05,1.5072000678628683e-05,36.325782775878906,0.057506777346134186,632.9701538085938,596.585693359375,2.909318447113037,0.3193194270133972,0.0,18.0,8.0,64.0,0.3625217080116272,0.0,0.0,0.26491883397102356,0.10205078125,9.999999974752427e-07,91.0,64.0
92,2.6457433700561523,0.0,-0.3779633343219757,0.35355231165885925,0.0,0.7128056287765503,-0.0006080387393012643,0.4999372065067291,379478.15625,275842.5,64.0,32.5,190.05862426757812,185.38070678710938,224.0,116.5,362.22979736328125,345.6958923339844,1.328566074371338,0.7714594602584839,363.44146728515625,347.0767517089844,0.0,0.005833378992974758,0.0029409918934106827,0.999840497970581,0.937601625919342,2.1156013829681797e-08,6.864493684588524e-08,0.06239626929163933,2.017028918999131e-06,224.00125122070312,3589.978271484375,1.0,1.0,91.0,91.0,1.0,1.0,2048.0,1492.90625,649.0695190429688,230.0,152.0,2048.0,1492.90625,2212.0,1644.90625,0.53125,8.0,0.0,0.0,0.0,0.0,1.0,0.015625,0.0,0.12401959300041199,1.0,0.015625,0.875,9.023933671414852e-06,2.9279966838657856e-05,26.549718856811523,0.06492536514997482,426.5422668457031,399.9267272949219,3.0470612049102783,0.41631653904914856,0.0,21.0,8.0,64.0,0.388427734375,0.0,0.0,0.23189757764339447,0.072265625,9.999999974752427e-07,92.0,64.0,2.6457433700561523,0.0,-0.3779633343219757,0.35355231165885925,0.0,6.680179595947266,-0.0030793389305472374,0.5476750135421753,553647.75,396422.4375,64.0,32.5,272.6173095703125,270.205810546875,224.0,116.5,587.6885986328125,587.4487915039062,4.388486862182617,2.2073943614959717,592.5481567382812,592.0660400390625,0.0,0.009119391441345215,0.01836971379816532,0.9989010691642761,0.9326932430267334,1.6599686958329585e-08,2.3494116874189785e-08,0.06730510294437408,1.6098911146400496e-06,155.7196807861328,2313.638671875,1.0,1.0,91.0,91.0,1.0,1.0,2048.0,1468.109375,659.563232421875,230.0,152.0,2048.0,1468.109375,2278.0,1620.109375,0.515625,8.0,0.0,0.0,0.0,0.0,1.0,0.015625,0.0,0.12401959300041199,1.0,0.015625,0.875,1.0016010492108762e-05,1.417601015418768e-05,40.553890228271484,0.05703382194042206,603.385498046875,562.7736206054688,2.9146878719329834,0.6455708146095276,0.0,20.0,8.0,64.0,0.36753541231155396,0.0,0.0,0.2352800965309143,0.09228515625,9.999999974752427e-07,92.0,64.0
93,2.6457433700561523,-1.734723475976807e-18,-0.7745950818061829,0.49999871850013733,-1.1102230246251565e-16,0.9995083808898926,-0.0005902994889765978,0.5176343321800232,358721.125,241466.953125,64.0,32.5,176.62997436523438,174.18295288085938,224.0,103.0,358.1676940917969,350.239990234375,1.4209178686141968,0.8489469289779663,359.9665222167969,351.7039489746094,0.0,0.036360301077365875,0.0033138336148113012,0.999902606010437,0.9432283043861389,1.7581390565624133e-08,3.158271510983468e-08,0.056769706308841705,1.950491196112125e-06,220.56048583984375,3885.17919921875,1.0,1.0,92.0,92.0,1.0,1.0,2048.0,1386.234375,705.0597534179688,226.0,136.875,2048.0,1386.234375,2222.0,1523.109375,0.40625,8.0,0.0,0.0,0.0,0.0,1.0,0.0625,0.0,0.24206146597862244,4.0,0.0625,0.75,7.071997970342636e-06,1.2703938409686089e-05,22.770503997802734,0.06473483890295029,402.2433776855469,379.4073486328125,3.182478904724121,0.41565579175949097,0.0,18.0,8.0,64.0,0.3393622636795044,0.0,0.0,0.2916509509086609,0.119140625,9.999999974752427e-07,93.0,64.0,2.6457433700561523,0.0,-0.9999979734420776,0.4999987483024597,0.0,2.5556349754333496,-0.0029126033186912537,0.571881115436554,555698.0,360952.78125,64.0,32.5,277.6680603027344,273.5357666015625,224.0,103.0,564.0484619140625,563.8575439453125,6.423067092895508,3.892242193222046,570.9262084960938,570.4136352539062,0.0,0.02976548671722412,0.019299382343888283,0.9990358352661133,0.9429635405540466,1.5986412194024524e-08,2.3792502190644882e-08,0.05703483149409294,1.6106594102893723e-06,141.89443969726562,2487.85595703125,1.0,1.0,92.0,92.0,1.0,1.0,2048.0,1326.953125,732.5090942382812,226.0,136.875,2048.0,1326.953125,2222.0,1463.828125,0.375,8.0,0.0,0.0,0.0,0.0,1.0,0.078125,0.0,0.2683681845664978,5.0,0.078125,0.75,9.568000677973032e-06,1.4240009477362037e-05,34.0811767578125,0.054641418159008026,598.50830078125,564.3714599609375,2.9878804683685303,0.31708911061286926,0.0,17.0,8.0,64.0,0.32774442434310913,0.0,0.0,0.29158705472946167,0.1279296875,9.999999974752427e-07,93.0,64.0
94,1.7320468425750732,-6.938893903907228e-18,-2.6457433700561523,0.49999865889549255,-4.440892098500626e-16,1.0532467365264893,-0.0004374096170067787,0.4967203438282013,381846.125,241035.1875,64.0,32.5,186.76673889160156,184.20802307128906,176.0,113.5,371.28497314453125,339.55047607421875,1.5060689449310303,0.8770549893379211,372.9026184082031,341.12335205078125,0.0,0.013208103366196156,0.0029378964100033045,1.0000280141830444,0.9524970054626465,1.6406850988914812e-08,5.402803182619209e-08,0.04750042036175728,2.4816060886223568e-06,198.86782836914062,4186.65380859375,1.0,1.0,93.0,93.0,1.0,1.0,2048.0,1303.015625,675.2114868164062,178.0,147.5,2048.0,1303.015625,2212.0,1450.515625,0.375,8.0,0.0,0.0,0.0,0.0,1.0,0.140625,0.0,0.34763431549072266,9.0,0.140625,0.75,6.880029104650021e-06,2.2656051442027092e-05,19.853378295898438,0.06539179384708405,419.33880615234375,399.4189758300781,3.2460999488830566,0.41612979769706726,0.0,16.0,8.0,64.0,0.29222869873046875,0.0,0.0,0.25051867961883545,0.103515625,9.999999974752427e-07,94.0,64.0,1.2909917831420898,-1.734723475976807e-18,-0.9999979734420776,0.4999989867210388,-1.1102230246251565e-16,4.284887313842773,-0.0030332140158861876,0.5372388958930969,571010.75,363228.34375,64.0,32.5,282.16375732421875,278.41387939453125,176.0,113.5,537.6513061523438,532.7685546875,4.179494857788086,2.179659366607666,540.4343872070312,537.0874633789062,0.0,0.012257574126124382,0.019248275086283684,0.9992555975914001,0.9350629448890686,1.2859032061385278e-08,2.3032626472740958e-08,0.06493538618087769,1.6175939663298777e-06,134.73574829101562,2074.92041015625,1.0,1.0,93.0,93.0,1.0,1.0,2048.0,1304.5,701.7494506835938,178.0,147.5,2048.0,1304.5,2212.0,1452.0,0.40625,8.0,0.0,0.0,0.0,0.0,1.0,0.109375,0.0,0.3121091425418854,7.0,0.109375,0.75,7.968003046698868e-06,1.4271994587033987e-05,40.17922592163086,0.057497307658195496,619.6425170898438,579.40478515625,2.815983772277832,0.31829559803009033,0.0,18.0,8.0,64.0,0.3702256977558136,0.0,0.0,0.2519267201423645,0.11279296875,9.999999974752427e-07,94.0,64.0
95,2.6457433700561523,-8.673617379884035e-18,-0.9999979734420776,0.7905674576759338,-5.551115123125783e-16,1.3009884357452393,-0.0004372448893263936,0.48675304651260376,365276.375,184815.390625,64.0,32.5,182.7992401123047,180.14053344726562,224.0,109.0,349.8792419433594,334.71539306640625,1.9915378093719482,0.8911215662956238,351.298583984375,336.2457580566406,0.0,-0.006043691188097,0.0038542074616998434,1.0000860691070557,0.9632464051246643,1.5872767988867054e-08,3.626356814834253e-08,0.03675169497728348,1.8614448435982922e-06,165.9613037109375,4515.74560546875,1.0,1.0,94.0,94.0,1.0,1.0,2048.0,1029.71875,485.3748779296875,240.0,144.125,2048.0,1029.71875,2288.0,1173.84375,0.09375,8.0,0.0,0.0,0.0,0.0,1.0,0.171875,0.0,0.37727177143096924,11.0,0.171875,0.375,6.302958354353905e-06,1.4399993233382702e-05,14.529322624206543,0.06450185179710388,397.0925598144531,382.49798583984375,3.168635606765747,0.4122084379196167,0.0,11.0,8.0,64.0,0.16701437532901764,0.0,0.0,0.2450619637966156,0.2373046875,9.999999974752427e-07,95.0,64.0,1.2909917831420898,-5.204170427930421e-18,-0.7745950818061829,0.6123711466789246,-3.3306690738754696e-16,4.185738563537598,-0.0029505714774131775,0.5443969368934631,566565.5625,288321.90625,64.0,32.5,287.7864990234375,279.0574951171875,224.0,109.0,543.164306640625,536.3839721679688,4.5536699295043945,2.424849033355713,545.9990234375,541.0260009765625,0.0,-0.006904182955622673,0.021912530064582825,0.9993981122970581,0.9628085494041443,1.3131234766206035e-08,2.9478270491267722e-08,0.03718970715999603,1.6816429706523195e-06,111.2905044555664,2992.508056640625,1.0,1.0,94.0,94.0,1.0,1.0,2048.0,1038.21875,504.475830078125,240.0,144.125,2048.0,1038.21875,2228.0,1182.34375,0.078125,8.0,0.0,0.0,0.0,0.0,1.0,0.140625,0.0,0.34763431549072266,9.0,0.140625,0.625,7.840004400350153e-06,1.7600003047846258e-05,22.14751434326172,0.05660280957818031,597.050048828125,574.8449096679688,2.8131868839263916,0.3212577700614929,0.0,11.0,8.0,64.0,0.16097745299339294,0.0,0.0,0.242526113986969,0.158203125,9.999999974752427e-07,95.0,64.0
96,2.6457433700561523,8.673617379884035e-18,-1.7320468425750732,0.7905675172805786,5.551115123125783e-16,0.9885950088500977,-0.001096599269658327,0.5310124158859253,359378.6875,228897.234375,64.0,32.5,176.15835571289062,174.4871063232422,160.0,107.5,365.1634521484375,350.7342224121094,1.4832850694656372,0.8469095230102539,366.4140625,352.2031555175781,0.0,0.006701474077999592,0.0032719785813242197,0.9994328618049622,0.9491740465164185,2.0199356853822792e-08,3.508706925003935e-08,0.050823818892240524,2.0547495296341367e-06,211.36447143554688,4158.76806640625,1.0,1.0,95.0,95.0,1.0,1.0,2048.0,1313.234375,584.5328979492188,167.0,139.75,2048.0,1313.234375,2208.0,1452.984375,0.25,8.0,0.0,0.0,0.0,0.0,1.0,0.3125,0.0,0.4635123908519745,20.0,0.3125,0.375,8.032075129449368e-06,1.3952027074992657e-05,20.14515495300293,0.06443557888269424,397.64013671875,377.4297180175781,3.189061164855957,0.4231274127960205,0.0,16.0,8.0,64.0,0.29102325439453125,0.0,0.0,0.3000720143318176,0.224609375,9.999999974752427e-07,96.0,64.0,2.6457433700561523,-1.214306433183765e-17,-1.2909917831420898,0.7071050405502319,-7.771561172376096e-16,3.187835454940796,-0.0035547716543078423,0.5729011297225952,570282.0,353488.46875,64.0,32.5,281.2856750488281,278.69989013671875,160.0,107.5,571.8651123046875,571.4556884765625,3.8998169898986816,2.1064798831939697,576.0047607421875,575.6776733398438,0.0,0.0020373743027448654,0.02039434015750885,0.9984338283538818,0.9474384188652039,1.6600305130509696e-08,2.2674875310713105e-08,0.05255990847945213,1.6555164847886772e-06,132.87942504882812,2528.15185546875,1.0,1.0,95.0,95.0,1.0,1.0,2048.0,1268.734375,593.0131225585938,167.0,139.75,2048.0,1268.734375,2208.0,1408.484375,0.21875,8.0,0.0,0.0,0.0,0.0,1.0,0.15625,0.0,0.36309218406677246,10.0,0.15625,0.5,1.0143994586542249e-05,1.3855998986400664e-05,32.06140899658203,0.05651944875717163,611.07275390625,578.9537963867188,2.901740074157715,0.32034945487976074,0.0,16.0,8.0,64.0,0.31275177001953125,0.0,0.0,0.3048687279224396,0.2021484375,9.999999974752427e-07,96.0,64.0
97,2.6457433700561523,-6.938893903907228e-18,-0.5773489475250244,0.6123707294464111,-4.440892098500626e-16,0.6834878921508789,-0.0006147177773527801,0.5509180426597595,364771.15625,291333.875,64.0,32.5,178.61500549316406,176.7498321533203,224.0,112.0,367.6585693359375,360.6264343261719,2.5921099185943604,0.9468068480491638,369.0323791503906,362.21624755859375,0.0,0.008301183581352234,0.0030680964700877666,0.9998913407325745,0.9352487921714783,2.3947134053514674e-08,3.833119777141292e-08,0.0647486001253128,2.532795406295918e-06,255.7928466796875,3950.55419921875,1.0,1.0,96.0,96.0,1.0,1.0,2048.0,1644.953125,501.4256896972656,225.0,145.875,2048.0,1644.953125,2194.0,1790.828125,0.4375,8.0,0.0,0.0,0.0,0.0,1.0,0.0625,0.0,0.24206146597862244,4.0,0.0625,0.625,9.855953976511955e-06,1.577602233737707e-05,26.583690643310547,0.06497550755739212,411.5713195800781,384.9216003417969,3.0732195377349854,0.41135716438293457,0.0,21.0,8.0,64.0,0.3341413140296936,0.0,0.0,0.3300124406814575,0.1357421875,9.999999974752427e-07,97.0,64.0,2.6457433700561523,-1.734723475976807e-18,-0.7745950818061829,0.49999871850013733,-1.1102230246251565e-16,1.9117127656936646,-0.002780730603262782,0.6049680113792419,599260.4375,471654.34375,64.0,32.5,308.6031494140625,294.2855529785156,224.0,112.0,555.8729248046875,545.5113525390625,5.25084924697876,2.858631134033203,558.4550170898438,550.5203247070312,0.0,0.023806028068065643,0.02188795804977417,0.9993222951889038,0.9379844665527344,1.5749026971434432e-08,2.2710182179253025e-08,0.06201392784714699,1.5822976138224476e-06,158.8771209716797,2561.958740234375,1.0,1.0,96.0,96.0,1.0,1.0,2048.0,1609.046875,471.96343994140625,225.0,145.875,2048.0,1609.046875,2273.0,1754.921875,0.40625,8.0,0.0,0.0,0.0,0.0,1.0,0.0625,0.0,0.24206146597862244,4.0,0.0625,0.75,1.0208008461631835e-05,1.4720004401169717e-05,40.13817596435547,0.057242996990680695,648.1676025390625,607.9711303710938,2.9183096885681152,0.3126187324523926,0.0,20.0,8.0,64.0,0.3148742616176605,0.0,0.0,0.336797833442688,0.123046875,9.999999974752427e-07,97.0,64.0
98,2.6457433700561523,0.0,-0.3779633343219757,0.4999984800815582,0.0,1.1596708297729492,-0.000702991324942559,0.5882489681243896,370784.875,249069.5625,64.0,32.5,196.0797882080078,187.91839599609375,336.0,118.0,350.4101867675781,344.9353332519531,1.428726077079773,0.8458160161972046,352.192626953125,346.4127197265625,0.0,0.016158634796738625,0.003663472132757306,0.9998782277107239,0.947245717048645,1.8250224442795115e-08,3.230687539712562e-08,0.052751779556274414,2.4353537355636945e-06,208.67483520507812,3955.787841796875,1.0,1.0,97.0,97.0,1.0,1.0,2048.0,1343.5,598.4682006835938,343.0,155.75,2048.0,1343.5,2391.0,1499.25,0.296875,8.0,0.0,0.0,0.0,0.0,1.0,0.03125,0.0,0.17399263381958008,2.0,0.03125,0.75,7.519964128732681e-06,1.3311975635588169e-05,21.6720027923584,0.06424994766712189,412.0477600097656,390.31048583984375,3.2460052967071533,0.4043715000152588,0.0,17.0,8.0,64.0,0.3114659786224365,0.0,0.0,0.34251612424850464,0.10986328125,9.999999974752427e-07,98.0,64.0,2.6457433700561523,0.0,-0.3779633343219757,0.4999984800815582,0.0,2.0178277492523193,-0.0038652855437248945,0.6304512023925781,565722.625,352178.34375,64.0,32.5,284.9794006347656,280.51416015625,336.0,118.0,551.5592651367188,551.3128051757812,5.477214813232422,3.001692295074463,557.494384765625,556.5921020507812,0.0,0.026742732152342796,0.026334377005696297,0.9986521601676941,0.9499265551567078,1.5815093235005406e-08,2.30614691787423e-08,0.05007166415452957,1.7422387372789672e-06,133.37869262695312,2663.755859375,1.0,1.0,97.0,97.0,1.0,1.0,2048.0,1260.828125,600.7405395507812,343.0,155.75,2048.0,1260.828125,2391.0,1416.578125,0.234375,8.0,0.0,0.0,0.0,0.0,1.0,0.03125,0.0,0.17399263381958008,2.0,0.03125,0.75,9.568000677973032e-06,1.39519979711622e-05,30.235342025756836,0.057600975036621094,604.99169921875,574.6976928710938,3.1447901725769043,0.5300162434577942,0.0,15.0,8.0,64.0,0.2627197206020355,0.0,0.0,0.3452795743942261,0.1337890625,9.999999974752427e-07,98.0,64.0
99,2.6457433700561523,-1.0408340855860843e-17,-0.7745950818061829,0.8660231828689575,-6.661338147750939e-16,0.9361470341682434,-0.0007930384017527103,0.5234359502792358,356816.6875,193804.046875,64.0,32.5,174.72747802734375,173.06927490234375,224.0,115.0,344.1335144042969,335.5157165527344,1.4020060300827026,0.825029730796814,345.41082763671875,336.9891662597656,0.0,0.039437610656023026,0.0044746482744812965,0.9997621178627014,0.9574306607246399,2.0103938069837568e-08,3.2814078565479576e-08,0.0425666905939579,2.571029199316399e-06,185.653564453125,4361.47509765625,1.0,1.0,98.0,98.0,1.0,1.0,2048.0,1117.40625,489.4525451660156,226.0,149.75,2048.0,1117.40625,2237.0,1267.15625,0.125,8.0,0.0,0.0,0.0,0.0,1.0,0.171875,0.0,0.37727177143096924,11.0,0.171875,0.25,7.74406362324953e-06,1.2640026398003101e-05,16.331796646118164,0.06494884938001633,385.20135498046875,368.8035888671875,3.3690054416656494,0.4157562553882599,0.0,13.0,8.0,64.0,0.23908878862857819,0.0,0.0,0.2460131049156189,0.2353515625,9.999999974752427e-07,99.0,64.0,2.6457433700561523,-6.938893903907228e-18,-0.9999979734420776,0.6123709678649902,-4.440892098500626e-16,3.1162869930267334,-0.003460530424490571,0.5610510110855103,587676.375,284316.8125,64.0,32.5,293.4593811035156,284.1783752441406,224.0,115.0,551.5936889648438,541.925537109375,5.775293827056885,2.86260724067688,557.994873046875,547.101806640625,0.0,-0.012121765874326229,0.02566543035209179,0.9991813898086548,0.9643732905387878,1.2111687652804903e-08,2.5620911614510078e-08,0.03562499210238457,1.6679367718097637e-06,103.67082977294922,2910.058837890625,1.0,1.0,98.0,98.0,1.0,1.0,2048.0,1001.46875,418.50164794921875,226.0,149.75,2048.0,1001.46875,2237.0,1151.21875,0.0625,8.0,0.0,0.0,0.0,0.0,1.0,0.109375,0.0,0.3121091425418854,7.0,0.109375,0.625,7.487993570975959e-06,1.58400071086362e-05,21.967193603515625,0.05779028683900833,618.2452392578125,596.21923828125,3.033287286758423,0.3208472728729248,0.0,11.0,8.0,64.0,0.18308328092098236,0.0,0.0,0.24323782324790955,0.1884765625,9.999999974752427e-07,99.0,64.0
100,2.6457433700561523,-1.734723475976807e-18,-0.9999979734420776,0.7071049809455872,-1.1102230246251565e-16,0.8918236494064331,-0.0004119807854294777,0.533595621585846,357529.84375,262544.8125,64.0,32.5,174.660400390625,172.94097900390625,176.0,106.0,425.94830322265625,360.7872314453125,1.6550920009613037,0.7739831805229187,427.44207763671875,362.2342224121094,0.0,-0.008015326224267483,0.002880505518987775,1.0000218152999878,0.9423332810401917,2.5511781132081524e-08,3.8267817359383116e-08,0.05766405165195465,2.5748397547431523e-06,242.82872009277344,4211.09375,1.0,1.0,99.0,99.0,1.0,1.0,2048.0,1513.40625,523.7271118164062,178.0,138.5,2048.0,1513.40625,2226.0,1651.90625,0.34375,8.0,0.0,0.0,0.0,0.0,1.0,0.140625,0.0,0.34763431549072266,9.0,0.140625,0.5,1.0175979696214199e-05,1.5264027751982212e-05,22.936038970947266,0.06463713943958282,398.8737487792969,375.87200927734375,3.4124104976654053,0.40342819690704346,0.0,18.0,8.0,64.0,0.2834608256816864,0.0,0.0,0.27150145173072815,0.150390625,9.999999974752427e-07,100.0,64.0,2.6457433700561523,-6.938893903907228e-18,-0.5773489475250244,0.6123707294464111,-4.440892098500626e-16,1.8908069133758545,-0.002030408475548029,0.5549620985984802,553520.5,408267.5625,64.0,32.5,275.1488952636719,271.04693603515625,176.0,106.0,579.226318359375,578.6414794921875,5.226433277130127,2.765702962875366,584.7029418945312,583.691650390625,0.0,-0.00389239564538002,0.018289653584361076,0.999617338180542,0.9393454790115356,1.7377081107383674e-08,2.5931951697089062e-08,0.06065284088253975,1.631828808967839e-06,161.42630004882812,2661.4794921875,1.0,1.0,99.0,99.0,1.0,1.0,2048.0,1509.5625,503.0240783691406,178.0,138.5,2048.0,1509.5625,2226.0,1648.0625,0.328125,8.0,0.0,0.0,0.0,0.0,1.0,0.0625,0.0,0.24206146597862244,4.0,0.0625,0.625,1.0400006431154907e-05,1.5520010492764413e-05,36.24317932128906,0.05693163350224495,598.4898681640625,562.188720703125,2.9024899005889893,0.3143672049045563,0.0,18.0,8.0,64.0,0.2851291298866272,0.0,0.0,0.25482499599456787,0.130859375,9.999999974752427e-07,100.0,64.0
101,1.7320468425750732,-1.5612511283791264e-17,-0.7745950818061829,0.6123710870742798,-9.992007221626409e-16,0.9289496541023254,-0.00043252966133877635,0.5035375356674194,358025.65625,185392.640625,64.0,32.5,179.17196655273438,174.93540954589844,208.0,109.0,345.584716796875,335.33038330078125,4.025443077087402,2.214510679244995,348.2265625,339.50384521484375,0.0,0.03265472874045372,0.0034935264848172665,1.000084400177002,0.959850013256073,2.1178440334779225e-08,2.9649921629015807e-08,0.04014754667878151,2.4166997718566563e-06,152.83920288085938,3806.937744140625,1.0,1.0,100.0,100.0,1.0,1.0,2048.0,1064.46875,598.083984375,217.0,143.625,2048.0,1064.46875,2265.0,1208.09375,0.125,8.0,0.0,0.0,0.0,0.0,1.0,0.234375,0.0,0.42360755801200867,15.0,0.234375,0.625,9.440002031624317e-06,1.3216049410402775e-05,17.82097053527832,0.0742528960108757,445.73638916015625,427.840087890625,61.0804328918457,31.240734100341797,0.0,13.0,8.0,64.0,0.2745830714702606,0.0,0.0,0.25599101185798645,0.1767578125,9.999999974752427e-07,101.0,64.0,2.6457433700561523,1.734723475976807e-18,-1.2909917831420898,0.49999871850013733,1.1102230246251565e-16,2.5712854862213135,-0.003473816206678748,0.5296594500541687,566633.125,255458.84375,64.0,32.5,276.9864807128906,272.3607177734375,208.0,109.0,564.9624633789062,548.630126953125,4.884418964385986,2.497724771499634,567.596923828125,553.423095703125,0.0,-0.001311515923589468,0.020571885630488396,0.9985713958740234,0.9658028483390808,1.7191526424653603e-08,2.4392861064370663e-08,0.03419538959860802,1.7461757124692667e-06,100.87907409667969,2950.078369140625,1.0,1.0,100.0,100.0,1.0,1.0,2048.0,938.78125,554.0556030273438,217.0,143.625,2048.0,938.78125,2265.0,1082.40625,0.09375,8.0,0.0,0.0,0.0,0.0,1.0,0.21875,0.0,0.4133986532688141,14.0,0.21875,0.75,1.0239004041068256e-05,1.4528006431646645e-05,20.309337615966797,0.056900881230831146,595.5843505859375,575.217041015625,3.030277729034424,26.249290466308594,0.0,10.0,8.0,64.0,0.1551513671875,0.0,0.0,0.24602144956588745,0.2138671875,9.999999974752427e-07,101.0,64.0
102,2.6457433700561523,-2.0816681711721685e-17,-0.5773489475250244,0.7905673384666443,-1.3322676295501878e-15,0.7752593159675598,-0.0007125926204025745,0.575667679309845,351625.90625,234188.0625,64.0,32.5,175.15577697753906,172.2736053466797,240.0,130.0,355.4439392089844,351.2327880859375,1.9818099737167358,0.9682300686836243,357.0804443359375,352.84283447265625,0.0,0.029998667538166046,0.00312657468020916,0.9997877478599548,0.9426040053367615,1.660742654507885e-08,3.19062003484305e-08,0.05739332363009453,2.6080181214638287e-06,223.22962951660156,3889.47021484375,1.0,1.0,101.0,101.0,1.0,1.0,2048.0,1364.3125,680.898681640625,244.0,169.25,2048.0,1364.3125,2236.0,1533.5625,0.390625,8.0,0.0,0.0,0.0,0.0,1.0,0.125,0.0,0.33071890473365784,8.0,0.125,0.375,6.495974957942963e-06,1.2480071745812893e-05,22.385051727294922,0.0642785131931305,391.1488037109375,368.69842529296875,3.3902945518493652,0.426861435174942,0.0,17.0,8.0,64.0,0.2956973910331726,0.0,0.0,0.3224702477455139,0.2099609375,9.999999974752427e-07,102.0,64.0,0.0,0.0,0.0,0.0,0.0,4.3120832443237305,-0.0031926659867167473,0.631389319896698,557804.375,385485.34375,64.0,32.5,278.6936950683594,272.6608581542969,240.0,130.0,569.674560546875,569.3722534179688,4.992002010345459,2.625746965408325,575.11474609375,574.2857055664062,0.0,0.0,0.020640427246689796,0.9990435242652893,0.9356279969215393,1.739352661900284e-08,2.347331218288673e-08,0.06437025964260101,1.7056651131497347e-06,149.52015686035156,2322.814453125,1.0,1.0,101.0,101.0,1.0,1.0,2048.0,1414.09375,712.4498291015625,244.0,169.25,2048.0,1414.09375,2292.0,1583.34375,0.5,8.0,0.0,0.0,0.0,0.0,0.0,0.0,0.0,0.0,0.0,0.0,1.0,1.0528005077503622e-05,1.420799526385963e-05,38.90531539916992,0.0569041445851326,605.282958984375,566.3196411132812,2.7832157611846924,0.3233397603034973,0.0,19.0,8.0,64.0,0.349365234375,0.0,0.0,0.3336230516433716,0.0,9.999999974752427e-07,102.0,64.0
103,1.7320468425750732,-5.204170427930421e-18,-1.2909917831420898,0.49999889731407166,-3.3306690738754696e-16,0.684262752532959,-0.00101989577524364,0.5049195885658264,355155.125,201368.390625,64.0,32.5,176.44302368164062,173.77352905273438,160.0,100.0,347.90203857421875,337.30810546875,1.4520529508590698,0.7608276009559631,349.16375732421875,338.6669616699219,0.0,-0.0034301886335015297,0.004128686152398586,0.9995238780975342,0.9512808918952942,1.7911750305188434e-08,3.55802463047894e-08,0.04871652275323868,2.5396450382686453e-06,188.9447021484375,3878.451904296875,1.0,1.0,102.0,102.0,1.0,1.0,2048.0,1165.625,612.6653442382812,162.0,132.875,2048.0,1165.625,2208.0,1298.5,0.1875,8.0,0.0,0.0,0.0,0.0,1.0,0.109375,0.0,0.3121091425418854,7.0,0.109375,0.75,7.071997970342636e-06,1.4047953300178051e-05,19.169157028198242,0.06532008200883865,394.82452392578125,375.5890197753906,3.4177920818328857,0.41408786177635193,0.0,14.0,8.0,64.0,0.2759486734867096,0.0,0.0,0.25851598381996155,0.10302734375,9.999999974752427e-07,103.0,64.0,1.2909917831420898,-1.734723475976807e-18,-0.7745950818061829,0.3535526692867279,-1.1102230246251565e-16,3.043712615966797,-0.0032886709086596966,0.535222589969635,581458.5625,331234.3125,64.0,32.5,289.1834411621094,285.502197265625,160.0,100.0,576.7676391601562,576.2805786132812,3.8176090717315674,1.9718217849731445,580.9602661132812,580.3666381835938,0.0,7.770489901304245e-06,0.02183130756020546,0.9989274144172668,0.9504708647727966,1.6758715304376892e-08,2.3462197518142602e-08,0.049527358263731,1.7288167555307155e-06,120.09223937988281,2424.765625,1.0,1.0,102.0,102.0,1.0,1.0,2048.0,1164.46875,626.254638671875,162.0,132.875,2048.0,1164.46875,2210.0,1297.34375,0.21875,8.0,0.0,0.0,0.0,0.0,1.0,0.046875,0.0,0.21137107908725739,3.0,0.046875,0.875,1.0400006431154907e-05,1.4560006093233824e-05,30.68085289001465,0.054487135261297226,620.572998046875,589.8365478515625,2.9258787631988525,0.3128969669342041,0.0,15.0,8.0,64.0,0.32482096552848816,0.0,0.0,0.24535982310771942,0.060546875,9.999999974752427e-07,103.0,64.0
104,2.6457433700561523,-6.938893903907228e-18,-0.9999979734420776,0.6123709678649902,-4.440892098500626e-16,0.6997890472412109,-0.000517330423463136,0.47399646043777466,349627.53125,284085.4375,64.0,32.5,170.79995727539062,169.8053741455078,224.0,107.5,349.72198486328125,338.2707214355469,1.5120208263397217,0.8335400819778442,351.27734375,339.7113952636719,0.0,0.0056600687094032764,0.0023639556020498276,0.9998694658279419,0.9324641227722168,1.817412353943837e-08,3.306514884116041e-08,0.06753325462341309,2.5682761588541325e-06,267.7650146484375,3964.935791015625,1.0,1.0,103.0,103.0,1.0,1.0,2048.0,1672.25,437.4652099609375,237.0,144.25,2048.0,1672.25,2285.0,1816.5,0.4375,8.0,0.0,0.0,0.0,0.0,1.0,0.109375,0.0,0.3121091425418854,7.0,0.109375,0.625,7.2640832513570786e-06,1.3215932995080948e-05,26.928022384643555,0.06459566950798035,399.6937561035156,372.7000732421875,3.352558135986328,0.42172539234161377,0.0,21.0,8.0,64.0,0.3245907723903656,0.0,0.0,0.21799232065677643,0.12158203125,9.999999974752427e-07,104.0,64.0,2.6457433700561523,-1.734723475976807e-18,-0.7745950818061829,0.49999871850013733,-1.1102230246251565e-16,4.0715131759643555,-0.002059691119939089,0.5281354188919067,583456.5625,471700.5625,64.0,32.5,285.63885498046875,281.62432861328125,224.0,107.5,540.886962890625,536.5111694335938,4.998561859130859,2.761918067932129,543.5421752929688,541.3677978515625,0.0,0.010137401521205902,0.015573056414723396,0.9995102286338806,0.9295387864112854,1.5526577357150018e-08,2.135530152713727e-08,0.07045958191156387,1.619826093701704e-06,167.68150329589844,2379.825439453125,1.0,1.0,103.0,103.0,1.0,1.0,2048.0,1668.546875,468.1947326660156,237.0,144.25,2048.0,1668.546875,2285.0,1812.796875,0.484375,8.0,0.0,0.0,0.0,0.0,1.0,0.0625,0.0,0.24206146597862244,4.0,0.0625,0.75,9.888011845760047e-06,1.3600001693703234e-05,44.81499099731445,0.05678747594356537,636.8442993164062,591.971435546875,2.9541773796081543,0.31670793890953064,0.0,22.0,8.0,64.0,0.35660621523857117,0.0,0.0,0.22114263474941254,0.091796875,9.999999974752427e-07,104.0,64.0
105,2.6457433700561523,-2.0816681711721685e-17,-1.2909917831420898,0.9354120492935181,-1.3322676295501878e-15,1.1721030473709106,-0.0008100571576505899,0.5403738021850586,372075.125,239064.0625,64.0,32.5,204.53855895996094,189.35679626464844,192.0,106.0,484.888671875,397.23162841796875,1.5668998956680298,0.8677142262458801,486.6676330566406,398.7949523925781,0.0,0.05210623890161514,0.0039014399517327547,0.9997483491897583,0.955366313457489,1.843275043711401e-08,4.549844234702505e-08,0.04463101550936699,2.6038278519990854e-06,199.35047912597656,4466.6357421875,1.0,1.0,104.0,104.0,1.0,1.0,2048.0,1281.578125,518.2335205078125,194.0,139.125,2048.0,1281.578125,2201.0,1420.703125,0.1875,8.0,0.0,0.0,0.0,0.0,1.0,0.25,0.0,0.4330126941204071,16.0,0.25,0.125,7.583992555737495e-06,1.87199329957366e-05,18.298248291015625,0.06479038298130035,411.4411926269531,393.0770568847656,3.366887092590332,0.41688135266304016,0.0,14.0,8.0,64.0,0.2077549546957016,0.0,0.0,0.2816198468208313,0.259765625,9.999999974752427e-07,105.0,64.0,2.6457433700561523,-1.3877787807814457e-17,-0.5773489475250244,0.7905672788619995,-8.881784197001252e-16,1.4058079719543457,-0.00254901428706944,0.5714067816734314,573700.125,342127.84375,64.0,32.5,283.1397399902344,279.10504150390625,192.0,106.0,538.51171875,538.4405517578125,3.9943759441375732,2.047741413116455,542.8490600585938,542.6727905273438,0.0,-0.02156645804643631,0.021823503077030182,0.9994959831237793,0.9568122029304504,1.7089192283492594e-08,2.8709871813248355e-08,0.043185994029045105,1.7780529333322193e-06,129.13031005859375,2990.096923828125,1.0,1.0,104.0,104.0,1.0,1.0,2048.0,1227.890625,499.82171630859375,194.0,139.125,2048.0,1227.890625,2201.0,1367.015625,0.171875,8.0,0.0,0.0,0.0,0.0,1.0,0.109375,0.0,0.3121091425418854,7.0,0.109375,0.375,1.0399991879239678e-05,1.7472004401497543e-05,26.224021911621094,0.05773511156439781,608.5712890625,582.2884521484375,2.950514078140259,0.5378296375274658,0.0,13.0,8.0,64.0,0.1790771484375,0.0,0.0,0.2747288644313812,0.21484375,9.999999974752427e-07,105.0,64.0
106,2.6457433700561523,5.204170427930421e-18,-1.7320468425750732,0.7071049213409424,3.3306690738754696e-16,1.398718237876892,-0.0006418394041247666,0.541878342628479,361163.25,253457.21875,64.0,32.5,177.35972595214844,175.76043701171875,224.0,128.5,370.2041931152344,358.1098937988281,1.170967936515808,0.7608135342597961,371.7391357421875,359.50604248046875,0.0,0.012248371727764606,0.0038135270588099957,0.9998977184295654,0.9423986077308655,2.0554004720452212e-08,3.322075059486451e-08,0.05759858712553978,2.7445626074040774e-06,229.79444885253906,3989.584716796875,1.0,1.0,105.0,105.0,1.0,1.0,2048.0,1442.234375,499.2391052246094,232.0,168.625,2048.0,1442.234375,2280.0,1610.859375,0.3125,8.0,0.0,0.0,0.0,0.0,1.0,0.171875,0.0,0.37727177143096924,11.0,0.171875,0.5,8.25605820864439e-06,1.3343989849090576e-05,23.071468353271484,0.06452315300703049,401.6763610839844,378.53924560546875,3.2001547813415527,0.40830710530281067,0.0,18.0,8.0,64.0,0.3012763261795044,0.0,0.0,0.2874011695384979,0.162109375,9.999999974752427e-07,106.0,64.0,2.6457433700561523,6.938893903907228e-18,-1.7320468425750732,0.7071047425270081,4.440892098500626e-16,2.848389148712158,-0.0029885906260460615,0.5785548686981201,537679.125,387470.9375,64.0,32.5,269.9267578125,261.2078552246094,224.0,128.5,9004.0810546875,8985.814453125,24.471527099609375,12.11936092376709,9028.8056640625,9010.6357421875,0.0,-0.004102990496903658,0.020938817411661148,0.9991282224655151,0.9221712946891785,2.2073503913588866e-08,2.3816149052890978e-08,0.07782725244760513,1.400338987878058e-06,156.44200134277344,2010.118408203125,1.0,1.0,105.0,105.0,1.0,1.0,2048.0,1481.25,497.1348876953125,232.0,168.625,2048.0,1481.25,2280.0,1649.875,0.34375,8.0,0.0,0.0,0.0,0.0,1.0,0.140625,0.0,0.34763431549072266,9.0,0.140625,0.5,1.3376000424614176e-05,1.4432000170927495e-05,45.57243728637695,1.588962435722351,605.9754028320312,558.8131103515625,0.0,0.0,0.0,18.0,8.0,64.0,0.2843424379825592,0.0,0.0,0.289184033870697,0.142578125,9.999999974752427e-07,106.0,64.0
107,2.6457433700561523,5.204170427930421e-18,-1.7320468425750732,0.8660231828689575,3.3306690738754696e-16,0.8030470013618469,-0.0008797247428447008,0.46517065167427063,368359.125,254084.90625,64.0,32.5,191.98484802246094,183.23068237304688,272.0,109.0,367.3695983886719,358.0333557128906,1.739858865737915,0.8074307441711426,368.7183837890625,359.4697570800781,0.0,0.02696361392736435,0.0033671539276838303,0.9995766282081604,0.9470716118812561,1.858907161533807e-08,3.0877846057819625e-08,0.052925776690244675,2.588912366263685e-06,217.27618408203125,4105.2998046875,1.0,1.0,106.0,106.0,1.0,1.0,2048.0,1396.765625,513.7232666015625,275.0,144.875,2048.0,1396.765625,2323.0,1541.640625,0.28125,8.0,0.0,0.0,0.0,0.0,1.0,0.25,0.0,0.4330126941204071,16.0,0.25,0.25,7.64802098274231e-06,1.2703938409686089e-05,21.71053123474121,0.06449280679225922,411.4256591796875,389.6495666503906,3.3749771118164062,0.4151419997215271,0.0,17.0,8.0,64.0,0.29198500514030457,0.0,0.0,0.21913166344165802,0.224609375,9.999999974752427e-07,107.0,64.0,1.7320468425750732,-8.673617379884035e-18,-0.9999979734420776,0.6123711466789246,-5.551115123125783e-16,2.2604892253875732,-0.002473699627444148,0.4983983635902405,522343.5625,364557.40625,64.0,32.5,259.50836181640625,256.5967712402344,272.0,109.0,544.0161743164062,543.6538696289062,4.228395938873291,2.349576950073242,548.6490478515625,548.1024169921875,0.0,0.004623378627002239,0.017486507073044777,0.9992369413375854,0.9407035112380981,2.149368683035391e-08,2.7278266756525227e-08,0.05929499864578247,1.4677982562716352e-06,161.5500030517578,2724.51318359375,1.0,1.0,106.0,106.0,1.0,1.0,2048.0,1424.3125,528.1321411132812,275.0,144.875,2048.0,1424.3125,2323.0,1569.1875,0.328125,8.0,0.0,0.0,0.0,0.0,1.0,0.140625,0.0,0.34763431549072266,9.0,0.140625,0.625,1.212799998029368e-05,1.5392000932479277e-05,33.40139389038086,0.05632829666137695,564.2587280273438,530.8001708984375,2.796849012374878,0.34011298418045044,0.0,17.0,8.0,64.0,0.27932560443878174,0.0,0.0,0.20517484843730927,0.14453125,9.999999974752427e-07,107.0,64.0
108,2.6457433700561523,0.0,-0.9999979734420776,0.6123707890510559,0.0,0.6130688190460205,-0.000736643560230732,0.4923986792564392,374597.90625,232828.25,64.0,32.5,183.0125732421875,178.00318908691406,256.0,137.5,361.1615295410156,351.8509216308594,1.7451071739196777,0.9100322127342224,362.4203186035156,353.42431640625,0.0,0.016187969595193863,0.003565749619156122,0.9997538924217224,0.9468680024147034,1.728396803457599e-08,3.0630179281843084e-08,0.05312931165099144,2.6269790396327153e-06,200.1630401611328,3767.468994140625,1.0,1.0,107.0,107.0,1.0,1.0,2048.0,1297.0625,574.5394287109375,261.0,182.0,2048.0,1297.0625,2309.0,1479.0625,0.25,8.0,0.0,0.0,0.0,0.0,1.0,0.09375,0.0,0.2914806008338928,6.0,0.09375,0.625,7.168040610849857e-06,1.2703007087111473e-05,21.969385147094727,0.06450538337230682,414.721923828125,392.6869201660156,3.4202709197998047,0.4149557948112488,0.0,17.0,8.0,64.0,0.3207433223724365,0.0,0.0,0.24080562591552734,0.1376953125,9.999999974752427e-07,108.0,64.0,1.7320468425750732,-6.938893903907228e-18,-0.5773489475250244,0.35355257987976074,-4.440892098500626e-16,2.8366003036499023,-0.003110287943854928,0.554111897945404,526892.625,309296.8125,64.0,32.5,260.6216125488281,258.094970703125,256.0,137.5,546.319580078125,537.6990356445312,4.502954006195068,2.433380126953125,549.0465087890625,542.3132934570312,0.0,-0.005646640434861183,0.021303990855813026,0.9989321827888489,0.9476460814476013,1.2921457681613902e-08,5.7523156016259236e-08,0.05235246568918228,1.4081449535296997e-06,136.16941833496094,2601.0126953125,1.0,1.0,107.0,107.0,1.0,1.0,2048.0,1201.359375,571.0530395507812,261.0,182.0,2048.0,1201.359375,2308.0,1383.359375,0.21875,8.0,0.0,0.0,0.0,0.0,1.0,0.03125,0.0,0.17399263381958008,2.0,0.03125,0.875,7.296000148926396e-06,3.2479998480994254e-05,29.503623962402344,0.05678698793053627,564.6421508789062,535.0809326171875,2.808490514755249,0.3359832167625427,0.0,15.0,8.0,64.0,0.28002116084098816,0.0,0.0,0.2543970048427582,0.078125,9.999999974752427e-07,108.0,64.0
109,2.6457433700561523,-6.938893903907228e-18,-0.5773489475250244,0.6123707294464111,-4.440892098500626e-16,0.6983761787414551,-0.00044992860057391226,0.5224297642707825,384020.125,256697.90625,64.0,32.5,195.66259765625,189.20021057128906,208.0,107.5,391.1371765136719,354.0645751953125,1.2404390573501587,0.7554991245269775,392.2891540527344,355.4421081542969,0.0,0.014978292398154736,0.002808022778481245,0.9999752640724182,0.9468753337860107,2.2479603956071514e-08,2.7690264303714685e-08,0.05312208831310272,2.5049746454897104e-06,202.9541015625,3820.52197265625,1.0,1.0,108.0,108.0,1.0,1.0,2048.0,1363.28125,689.3455810546875,212.0,142.375,2048.0,1363.28125,2260.0,1505.65625,0.4375,8.0,0.0,0.0,0.0,0.0,1.0,0.0625,0.0,0.24206146597862244,4.0,0.0625,0.625,9.66398511081934e-06,1.190404873341322e-05,22.773265838623047,0.06392833590507507,429.900146484375,407.0618591308594,3.261479616165161,0.6614237427711487,0.0,18.0,8.0,64.0,0.3469373881816864,0.0,0.0,0.2328251451253891,0.1474609375,9.999999974752427e-07,109.0,64.0,2.6457433700561523,1.734723475976807e-18,-1.2909917831420898,0.7071049809455872,1.1102230246251565e-16,3.0436031818389893,-0.002708709565922618,0.564166784286499,552326.75,361163.9375,64.0,32.5,290.6765441894531,277.2786865234375,208.0,107.5,542.706787109375,533.37939453125,4.178540229797363,2.259805917739868,545.2010498046875,537.6926879882812,0.0,-0.011964596807956696,0.01905043236911297,0.9992978572845459,0.943361759185791,1.1627244056455766e-08,2.110129670995775e-08,0.056636910885572433,1.2830779496653122e-06,142.43038940429688,2514.798095703125,1.0,1.0,108.0,108.0,1.0,1.0,2048.0,1322.96875,653.3611450195312,212.0,142.375,2048.0,1322.96875,2260.0,1465.34375,0.34375,8.0,0.0,0.0,0.0,0.0,1.0,0.171875,0.0,0.37727177143096924,11.0,0.171875,0.5,6.9119996624067426e-06,1.2544000128400512e-05,33.61327362060547,0.055435143411159515,594.4658203125,560.7963256835938,2.937751531600952,0.33563128113746643,0.0,17.0,8.0,64.0,0.3270479142665863,0.0,0.0,0.22856876254081726,0.138671875,9.999999974752427e-07,109.0,64.0
110,2.6457433700561523,-1.3877787807814457e-17,-0.5773489475250244,0.6123708486557007,-8.881784197001252e-16,1.442016839981079,-0.0008767477702349424,0.5654467940330505,387113.125,243708.328125,64.0,32.5,199.1480255126953,190.7294464111328,160.0,107.5,364.6985778808594,354.725341796875,1.3703259229660034,0.7967391014099121,366.12176513671875,356.123779296875,0.0,-0.010557121597230434,0.003954343032091856,0.9997091293334961,0.9517402052879333,1.7756260461965212e-08,3.0961899710746366e-08,0.04825735092163086,2.367349907217431e-06,192.2091522216797,3983.00244140625,1.0,1.0,109.0,109.0,1.0,1.0,2048.0,1288.140625,652.8052368164062,176.0,142.5,2048.0,1288.140625,2224.0,1430.640625,0.265625,8.0,0.0,0.0,0.0,0.0,1.0,0.078125,0.0,0.2683681845664978,5.0,0.078125,0.625,7.6158903539180756e-06,1.3279961422085762e-05,20.631696701049805,0.06650882959365845,428.9129943847656,408.2137451171875,3.3787946701049805,0.41843006014823914,0.0,15.0,8.0,64.0,0.2553955018520355,0.0,0.0,0.3063472807407379,0.1904296875,9.999999974752427e-07,110.0,64.0,2.6457433700561523,0.0,-0.3779633343219757,0.35355231165885925,0.0,4.509725570678711,-0.0034173971507698298,0.6106179356575012,532554.4375,327040.25,64.0,32.5,265.96820068359375,261.6982421875,160.0,107.5,537.8005981445312,537.7154541015625,4.1720428466796875,2.2222139835357666,542.3941650390625,541.9999389648438,0.0,-0.016432922333478928,0.023506853729486465,0.9989932775497437,0.9442111253738403,1.1675810540623388e-08,2.3072296073678444e-08,0.055787477642297745,1.3604745845441357e-06,140.21621704101562,2513.3994140625,1.0,1.0,109.0,109.0,1.0,1.0,2048.0,1254.953125,679.1553955078125,176.0,142.5,2048.0,1254.953125,2224.0,1397.453125,0.21875,8.0,0.0,0.0,0.0,0.0,1.0,0.015625,0.0,0.12401959300041199,1.0,0.015625,0.875,6.688000212307088e-06,1.3216000297688879e-05,31.89873504638672,0.05679132416844368,572.8082275390625,540.8518676757812,2.8020927906036377,0.3406236171722412,0.0,16.0,8.0,64.0,0.31813812255859375,0.0,0.0,0.31288036704063416,0.09228515625,9.999999974752427e-07,110.0,64.0
111,2.6457433700561523,5.204170427930421e-18,-1.7320468425750732,0.7071049213409424,3.3306690738754696e-16,0.8869185447692871,-0.0007176126237027347,0.5396315455436707,369148.59375,274107.4375,64.0,32.5,184.21688842773438,180.6119384765625,176.0,110.5,356.1408996582031,352.44921875,1.3906779289245605,0.8485597372055054,357.3663330078125,353.9219970703125,0.0,0.05535983294248581,0.0031408651266247034,0.999763011932373,0.9349064826965332,1.9730485689706256e-08,3.347233601402877e-08,0.06509098410606384,2.4881655917852186e-06,232.9715576171875,3579.16748046875,1.0,1.0,110.0,110.0,1.0,1.0,2048.0,1517.296875,554.796142578125,184.0,145.875,2048.0,1517.296875,2232.0,1663.171875,0.40625,8.0,0.0,0.0,0.0,0.0,1.0,0.171875,0.0,0.37727177143096924,11.0,0.171875,0.5,8.224043995141983e-06,1.395191065967083e-05,27.066877365112305,0.06429166346788406,416.8191223144531,389.6868896484375,3.410534620285034,0.4086952805519104,0.0,19.0,8.0,64.0,0.3165411651134491,0.0,0.0,0.2913639545440674,0.1865234375,9.999999974752427e-07,111.0,64.0,0.7745950818061829,1.734723475976807e-18,-1.2909917831420898,0.3535526692867279,1.1102230246251565e-16,2.55171537399292,-0.0029590174090117216,0.5975136756896973,532761.0625,379723.78125,64.0,32.5,264.98974609375,260.40252685546875,176.0,110.5,545.414306640625,539.7503662109375,4.2036590576171875,2.183203935623169,547.9290771484375,544.0809326171875,0.0,-0.002314256504178047,0.02025633119046688,0.9989697933197021,0.9335092306137085,1.0929635863021758e-08,2.1859269949686677e-08,0.0664893090724945,1.4268590575738926e-06,161.37599182128906,2427.096923828125,1.0,1.0,110.0,110.0,1.0,1.0,2048.0,1461.734375,560.9518432617188,184.0,145.875,2048.0,1461.734375,2232.0,1607.609375,0.34375,8.0,0.0,0.0,0.0,0.0,1.0,0.078125,0.0,0.2683681845664978,5.0,0.078125,0.875,6.336000296869315e-06,1.2671999684243929e-05,38.48725891113281,0.05714587867259979,579.708251953125,541.1630249023438,2.857020139694214,0.3476569354534149,0.0,19.0,8.0,64.0,0.33938759565353394,0.0,0.0,0.29205358028411865,0.040283203125,9.999999974752427e-07,111.0,64.0
112,2.6457433700561523,-1.734723475976807e-18,-0.7745950818061829,0.79056715965271,-1.1102230246251565e-16,0.7918537855148315,-0.0008067931630648673,0.573217511177063,357471.75,209615.625,64.0,32.5,176.98985290527344,175.425537109375,160.0,103.0,362.1129455566406,344.56561279296875,1.5098140239715576,0.8422284126281738,362.96270751953125,346.0238037109375,0.0,-0.028469854965806007,0.0034697765950113535,0.9997689127922058,0.9485803842544556,2.081018379840316e-08,2.834078216551461e-08,0.05141693353652954,2.611448735478916e-06,193.98611450195312,3772.80615234375,1.0,1.0,111.0,111.0,1.0,1.0,2048.0,1197.84375,582.4947509765625,170.0,137.5,2048.0,1197.84375,2218.0,1335.34375,0.171875,8.0,0.0,0.0,0.0,0.0,1.0,0.109375,0.0,0.3121091425418854,7.0,0.109375,0.375,8.224043995141983e-06,1.1200085282325745e-05,20.254247665405273,0.06537523865699768,395.1932373046875,374.87255859375,3.0946762561798096,0.40780529379844666,0.0,15.0,8.0,64.0,0.3050293028354645,0.0,0.0,0.3435344099998474,0.216796875,9.999999974752427e-07,112.0,64.0,2.6457433700561523,1.734723475976807e-18,-1.2909917831420898,0.6123707890510559,1.1102230246251565e-16,4.5528154373168945,-0.0040365103632211685,0.6200693845748901,533613.5,323151.25,64.0,32.5,263.0663757324219,261.462890625,160.0,103.0,550.2152709960938,533.177001953125,4.405226230621338,2.4133522510528564,552.7174682617188,537.7085571289062,0.0,0.0016819550655782223,0.0235004723072052,0.9982460737228394,0.9444701075553894,1.1931366117323705e-08,1.984844111291295e-08,0.0555284284055233,1.418093802385556e-06,138.1219482421875,2487.40966796875,1.0,1.0,111.0,111.0,1.0,1.0,2048.0,1238.671875,605.1088256835938,170.0,137.5,2048.0,1238.671875,2218.0,1376.171875,0.28125,8.0,0.0,0.0,0.0,0.0,1.0,0.109375,0.0,0.3121091425418854,7.0,0.109375,0.625,6.847999429737683e-06,1.1391999578336254e-05,31.816123962402344,0.05438061058521271,573.9493408203125,542.0780029296875,2.9044432640075684,0.33782732486724854,0.0,16.0,8.0,64.0,0.32852935791015625,0.0,0.0,0.3518892526626587,0.13671875,9.999999974752427e-07,112.0,64.0
113,2.6457433700561523,-1.734723475976807e-18,-0.9999979734420776,0.7071049809455872,-1.1102230246251565e-16,1.1216237545013428,-0.00027141961618326604,0.5528496503829956,379006.875,272153.125,64.0,32.5,186.25550842285156,183.1841583251953,192.0,115.0,366.7795104980469,353.46636962890625,1.2845350503921509,0.7699548006057739,367.9141845703125,354.835205078125,0.0,0.020149074494838715,0.0032892655581235886,1.0002423524856567,0.9471457600593567,1.774557389921938e-08,3.283707883383613e-08,0.052851803600788116,2.3594045615027426e-06,224.79299926757812,4253.27001953125,1.0,1.0,112.0,112.0,1.0,1.0,2048.0,1482.09375,494.9658508300781,207.0,153.75,2048.0,1482.09375,2255.0,1635.84375,0.25,8.0,0.0,0.0,0.0,0.0,1.0,0.140625,0.0,0.34763431549072266,9.0,0.140625,0.5,7.487949915230274e-06,1.3855984434485435e-05,22.237058639526367,0.06437019258737564,421.9615478515625,399.6590881347656,3.1495072841644287,0.42372357845306396,0.0,17.0,8.0,64.0,0.24869312345981598,0.0,0.0,0.3034379184246063,0.1650390625,9.999999974752427e-07,113.0,64.0,2.6457433700561523,-6.938893903907228e-18,-0.5773489475250244,0.7071047425270081,-4.440892098500626e-16,2.5101139545440674,-0.0024624003563076258,0.6053056120872498,543989.6875,405758.5,64.0,32.5,272.751708984375,267.1187438964844,192.0,115.0,551.9307861328125,551.6426391601562,4.215754985809326,2.270026206970215,556.6103515625,556.0342407226562,0.0,0.010048257187008858,0.020268673077225685,0.999480664730072,0.9349160194396973,1.2077125965959112e-08,2.085064210177734e-08,0.06508252769708633,1.3945458476882777e-06,164.6608428955078,2530.031494140625,1.0,1.0,112.0,112.0,1.0,1.0,2048.0,1520.203125,514.819580078125,207.0,153.75,2048.0,1520.203125,2255.0,1673.953125,0.359375,8.0,0.0,0.0,0.0,0.0,1.0,0.078125,0.0,0.2683681845664978,5.0,0.078125,0.5,7.136000022001099e-06,1.2319999768806156e-05,38.39773178100586,0.05752073973417282,590.8690795898438,552.4129638671875,2.8121819496154785,0.3367650508880615,0.0,19.0,8.0,64.0,0.3121080994606018,0.0,0.0,0.32687142491340637,0.119140625,9.999999974752427e-07,113.0,64.0
114,2.6457433700561523,-1.734723475976807e-18,-2.6457433700561523,0.6123707890510559,-1.1102230246251565e-16,1.3328386545181274,-0.0006096121505834162,0.595160722732544,364437.90625,272671.53125,64.0,32.5,181.88467407226562,179.1015167236328,176.0,106.0,360.9280090332031,336.4366149902344,1.7032520771026611,0.7798279523849487,363.0378112792969,337.8728942871094,0.0,0.0024381475523114204,0.0037713805213570595,0.9999818801879883,0.938591480255127,1.9206455093012664e-08,3.286939787017218e-08,0.06140606477856636,2.4077421585388947e-06,238.07257080078125,3877.0205078125,1.0,1.0,113.0,113.0,1.0,1.0,2048.0,1524.640625,506.0791320800781,185.0,140.25,2048.0,1524.640625,2225.0,1664.890625,0.40625,8.0,0.0,0.0,0.0,0.0,1.0,0.171875,0.0,0.37727177143096924,11.0,0.171875,0.625,7.872004061937332e-06,1.3471930287778378e-05,25.103374481201172,0.0646635964512825,409.8623962402344,384.693359375,3.1563727855682373,0.41279831528663635,0.0,19.0,8.0,64.0,0.3158344328403473,0.0,0.0,0.3543209433555603,0.1376953125,9.999999974752427e-07,114.0,64.0,2.6457433700561523,-8.673617379884035e-18,-0.7745950818061829,0.6123709082603455,-5.551115123125783e-16,4.924423694610596,-0.003312063869088888,0.6292722225189209,538081.625,397356.03125,64.0,32.5,267.7802734375,264.34967041015625,176.0,106.0,534.777099609375,531.8792724609375,5.394404888153076,2.240978956222534,540.8718872070312,536.223388671875,0.0,0.020844263955950737,0.023997845128178596,0.9989479780197144,0.9356682896614075,3.400827708333054e-08,1.9331595879634733e-08,0.06433023512363434,1.4224229971659952e-06,165.0904083251953,2566.2958984375,1.0,1.0,113.0,113.0,1.0,1.0,2048.0,1507.296875,533.3569946289062,185.0,140.25,2048.0,1507.296875,2233.0,1647.546875,0.40625,8.0,0.0,0.0,0.0,0.0,1.0,0.09375,0.0,0.2914806008338928,6.0,0.09375,0.625,1.9871999029419385e-05,1.1295998774585314e-05,37.5335578918457,0.05641936883330345,584.3283081054688,546.7374877929688,3.077061891555786,0.34131717681884766,0.0,19.0,8.0,64.0,0.32296591997146606,0.0,0.0,0.348874032497406,0.1650390625,9.999999974752427e-07,114.0,64.0
115,2.6457433700561523,0.0,-0.3779633343219757,0.4999984800815582,0.0,0.7318403720855713,-0.0006971516995690763,0.5849032998085022,370785.90625,242803.5,64.0,32.5,181.3811492919922,177.42384338378906,176.0,107.5,353.398193359375,343.99444580078125,1.2547107934951782,0.756733775138855,354.6643371582031,345.34869384765625,0.0,0.006827769801020622,0.0035164987202733755,0.9998334050178528,0.9401554465293884,1.8715235583499634e-08,3.063190590069098e-08,0.05984223261475563,2.2511640054290183e-06,207.047119140625,3459.8828125,1.0,1.0,114.0,114.0,1.0,1.0,2048.0,1355.21875,676.7830200195312,189.0,145.375,2048.0,1355.21875,2237.0,1500.59375,0.375,8.0,0.0,0.0,0.0,0.0,1.0,0.03125,0.0,0.17399263381958008,2.0,0.03125,0.75,7.839989848434925e-06,1.2831995263695717e-05,25.003507614135742,0.06497075408697128,418.90948486328125,393.84002685546875,3.181043863296509,0.41272976994514465,0.0,19.0,8.0,64.0,0.38339072465896606,0.0,0.0,0.32049310207366943,0.099609375,9.999999974752427e-07,115.0,64.0,0.0,0.0,0.0,0.0,0.0,1.7376312017440796,-0.0034768262412399054,0.6264087557792664,549248.0625,358741.6875,64.0,32.5,269.7267150878906,265.2933349609375,176.0,107.5,557.204833984375,541.7099609375,4.182057857513428,2.2547807693481445,559.8792724609375,546.0726928710938,0.0,0.0,0.022423608228564262,0.9985353350639343,0.9363002777099609,1.3422588374112365e-08,1.76641243854192e-08,0.06369827687740326,1.437817445548717e-06,144.41026306152344,2267.098388671875,1.0,1.0,114.0,114.0,1.0,1.0,2048.0,1344.84375,708.9486083984375,189.0,145.375,2048.0,1344.84375,2237.0,1490.21875,0.46875,8.0,0.0,0.0,0.0,0.0,0.0,0.0,0.0,0.0,0.0,0.0,1.0,8.000000889296643e-06,1.0527999620535411e-05,37.91100311279297,0.05382409319281578,596.0103149414062,558.0446166992188,3.0368640422821045,0.3455227017402649,0.0,19.0,8.0,64.0,0.3876567780971527,0.0,0.0,0.31985655426979065,0.0,9.999999974752427e-07,115.0,64.0
116,2.6457433700561523,0.0,-0.9999979734420776,0.7071048021316528,0.0,0.937833309173584,-0.000804044830147177,0.5218300819396973,367120.1875,239096.984375,64.0,32.5,184.28652954101562,180.81947326660156,160.0,112.0,378.4505310058594,374.8880310058594,1.5479880571365356,0.9028443098068237,380.300537109375,376.4533996582031,0.0,0.03167623281478882,0.003913549240678549,0.9997076392173767,0.9494165182113647,2.200285109665856e-08,3.011507843098116e-08,0.05058092623949051,2.4990440579131246e-06,207.47055053710938,4101.7548828125,1.0,1.0,115.0,115.0,1.0,1.0,2048.0,1329.515625,551.7633666992188,175.0,148.75,2048.0,1329.515625,2223.0,1478.265625,0.203125,8.0,0.0,0.0,0.0,0.0,1.0,0.109375,0.0,0.3121091425418854,7.0,0.109375,0.5,9.023933671414852e-06,1.2350967153906822e-05,20.679780960083008,0.06475408375263214,410.12567138671875,389.3800964355469,3.130035877227783,0.8480924367904663,0.0,16.0,8.0,64.0,0.27867889404296875,0.0,0.0,0.2469457983970642,0.16015625,9.999999974752427e-07,116.0,64.0,2.6457433700561523,-6.938893903907228e-18,-0.5773489475250244,0.49999865889549255,-4.440892098500626e-16,3.0313174724578857,-0.002925126114860177,0.5759695172309875,545411.75,376388.71875,64.0,32.5,269.6369934082031,265.7386169433594,160.0,112.0,553.7069091796875,542.5797119140625,4.229578018188477,2.151089668273926,556.7955932617188,547.0277709960938,0.0,-0.0012768893502652645,0.022843169048428535,0.9994188547134399,0.9400531053543091,1.9443200827140572e-08,2.335356441562908e-08,0.05994537100195885,1.4663221463706577e-06,154.09449768066406,2570.58203125,1.0,1.0,115.0,115.0,1.0,1.0,2048.0,1418.640625,578.8236083984375,175.0,148.75,2048.0,1418.640625,2223.0,1567.390625,0.28125,8.0,0.0,0.0,0.0,0.0,1.0,0.046875,0.0,0.21137107908725739,3.0,0.046875,0.75,1.1456000720500015e-05,1.3760000001639128e-05,35.26342010498047,0.05659770220518112,589.2034301757812,553.8825073242188,2.9704480171203613,0.33949336409568787,0.0,18.0,8.0,64.0,0.3201429545879364,0.0,0.0,0.2537528872489929,0.12109375,9.999999974752427e-07,116.0,64.0
117,1.7320468425750732,-5.204170427930421e-18,-2.6457433700561523,0.6123709082603455,-3.3306690738754696e-16,0.6850395202636719,-0.00048331310972571373,0.4631558954715729,384048.125,273043.46875,64.0,32.5,187.6378631591797,181.75474548339844,304.0,115.0,367.7186279296875,360.62109375,1.3420709371566772,0.8301824927330017,369.1864013671875,362.1049499511719,0.0,0.015520213171839714,0.0025547484401613474,0.9999018311500549,0.9414407014846802,1.6186836759857215e-08,2.945135513243713e-08,0.05855700373649597,2.257323785670451e-06,222.75167846679688,3804.01416015625,1.0,1.0,116.0,116.0,1.0,1.0,2048.0,1486.203125,545.9849243164062,305.0,150.5,2048.0,1486.203125,2280.0,1636.703125,0.375,8.0,0.0,0.0,0.0,0.0,1.0,0.21875,0.0,0.4133986532688141,14.0,0.21875,0.625,6.911926902830601e-06,1.2575997970998287e-05,24.93865394592285,0.0657222718000412,427.0091552734375,402.0037841796875,3.1351842880249023,0.40897074341773987,0.0,19.0,8.0,64.0,0.32742470502853394,0.0,0.0,0.2167554348707199,0.1259765625,9.999999974752427e-07,117.0,64.0,0.5773489475250244,6.938893903907228e-18,-1.7320468425750732,0.35355257987976074,4.440892098500626e-16,1.7504010200500488,-0.0019136675400659442,0.5221004486083984,539494.5625,389731.84375,64.0,32.5,267.162353515625,264.73675537109375,304.0,115.0,545.1551513671875,544.8969116210938,4.688808917999268,2.522138833999634,550.3284912109375,549.5675048828125,0.0,0.006512634456157684,0.017054971307516098,0.9997037053108215,0.938689649105072,1.3758363337501578e-08,1.8033873061540362e-08,0.06130886822938919,1.4797009271205752e-06,161.60255432128906,2635.875732421875,1.0,1.0,116.0,116.0,1.0,1.0,2048.0,1474.09375,504.58551025390625,305.0,150.5,2048.0,1474.09375,2353.0,1624.59375,0.3125,8.0,0.0,0.0,0.0,0.0,1.0,0.09375,0.0,0.2914806008338928,6.0,0.09375,0.875,8.031998731894419e-06,1.0527999620535411e-05,35.735496520996094,0.056025128811597824,583.790283203125,547.9978637695312,2.9707906246185303,0.33837074041366577,0.0,18.0,8.0,64.0,0.2953152060508728,0.0,0.0,0.22256675362586975,0.07421875,9.999999974752427e-07,117.0,64.0
118,2.6457433700561523,-6.938893903907228e-18,-0.5773489475250244,0.6123707294464111,-4.440892098500626e-16,0.8801892399787903,-0.0007240865379571915,0.5881432890892029,358172.90625,276343.28125,64.0,32.5,177.45201110839844,174.68882751464844,272.0,121.0,351.39459228515625,342.932373046875,1.3517669439315796,0.8096311688423157,352.9095764160156,344.3569641113281,0.0,0.011480756103992462,0.003513460047543049,0.9998267292976379,0.9312260150909424,1.9369499781873856e-08,4.2912237319114865e-08,0.06877144426107407,2.498727781130583e-06,248.61448669433594,3615.0830078125,1.0,1.0,117.0,117.0,1.0,1.0,2048.0,1578.75,564.1070556640625,280.0,158.125,2048.0,1578.75,2328.0,1736.875,0.46875,8.0,0.0,0.0,0.0,0.0,1.0,0.0625,0.0,0.24206146597862244,4.0,0.0625,0.625,7.872004061937332e-06,1.7440062947571278e-05,27.88302230834961,0.06654367595911026,406.412353515625,378.46173095703125,3.1912169456481934,0.4200458228588104,0.0,21.0,8.0,64.0,0.3542131781578064,0.0,0.0,0.319468230009079,0.125,9.999999974752427e-07,118.0,64.0,2.6457433700561523,0.0,-0.3779633343219757,0.35355231165885925,0.0,2.6631429195404053,-0.003623449709266424,0.6336055994033813,534550.9375,410791.90625,64.0,32.5,264.3644714355469,261.2053527832031,272.0,121.0,539.4227905273438,534.4151611328125,4.479241847991943,2.493784189224243,542.0482177734375,539.0553588867188,0.0,-0.0014867177233099937,0.022885385900735855,0.9984689950942993,0.9290449023246765,1.3086807193474215e-08,1.949332073536425e-08,0.07095370441675186,1.3818801107845502e-06,172.41973876953125,2430.031494140625,1.0,1.0,117.0,117.0,1.0,1.0,2048.0,1574.421875,552.30712890625,280.0,158.125,2048.0,1574.421875,2328.0,1732.546875,0.40625,8.0,0.0,0.0,0.0,0.0,1.0,0.015625,0.0,0.12401959300041199,1.0,0.015625,0.875,7.647999154869467e-06,1.1391999578336254e-05,41.40871047973633,0.05700628459453583,584.4052734375,542.938720703125,2.849606990814209,0.34059426188468933,0.0,21.0,8.0,64.0,0.3558233380317688,0.0,0.0,0.31874769926071167,0.031982421875,9.999999974752427e-07,118.0,64.0
119,1.7320468425750732,-8.673617379884035e-18,-0.7745950818061829,0.49999889731407166,-5.551115123125783e-16,0.7416903972625732,-0.0006499839364551008,0.4963158667087555,372156.5,272133.90625,64.0,32.5,186.17364501953125,182.3706512451172,208.0,106.0,358.1553649902344,354.0890808105469,1.3139739036560059,0.8012017011642456,359.6231994628906,355.4754943847656,0.0,-0.0076382774859666824,0.002696460112929344,0.9997650980949402,0.9410351514816284,1.8350119646015628e-08,4.759445459967537e-08,0.05896244943141937,2.332813437533332e-06,227.69517517089844,3861.697998046875,1.0,1.0,118.0,118.0,1.0,1.0,2048.0,1495.015625,612.1472778320312,209.0,140.375,2048.0,1495.015625,2257.0,1635.390625,0.46875,8.0,0.0,0.0,0.0,0.0,1.0,0.078125,0.0,0.2683681845664978,5.0,0.078125,0.75,7.711001671850681e-06,1.9999919459223747e-05,24.7130184173584,0.06390734016895294,420.21533203125,395.4373779296875,3.187770366668701,0.4051932394504547,0.0,19.0,8.0,64.0,0.3279643952846527,0.0,0.0,0.23436559736728668,0.115234375,9.999999974752427e-07,119.0,64.0,2.6457433700561523,0.0,-0.3779633343219757,0.35355231165885925,0.0,1.7406134605407715,-0.0025120587088167667,0.5303183794021606,531964.25,348017.34375,64.0,32.5,262.1476135253906,260.8642578125,208.0,106.0,551.1304321289062,535.4267578125,5.079141616821289,2.0935206413269043,556.7882080078125,539.6688842773438,0.0,0.009418242610991001,0.017177913337945938,0.9992323517799377,0.9409746527671814,1.2310605868037783e-08,2.6459449742333163e-08,0.05902384966611862,1.453922322980361e-06,148.96495056152344,2523.8095703125,1.0,1.0,118.0,118.0,1.0,1.0,2048.0,1337.109375,631.7396850585938,209.0,140.375,2048.0,1337.109375,2257.0,1477.484375,0.359375,8.0,0.0,0.0,0.0,0.0,1.0,0.015625,0.0,0.12401959300041199,1.0,0.015625,0.875,7.07199978933204e-06,1.5200001143966801e-05,33.8495979309082,0.05747610330581665,574.4639892578125,540.5560302734375,3.0451250076293945,0.3367059528827667,0.0,17.0,8.0,64.0,0.3214685916900635,0.0,0.0,0.21101583540439606,0.076171875,9.999999974752427e-07,119.0,64.0
120,2.6457433700561523,-6.938893903907228e-18,-0.5773489475250244,0.6123707294464111,-4.440892098500626e-16,1.1089729070663452,-0.00047720392467454076,0.5970642566680908,379705.5625,255480.59375,64.0,32.5,186.97605895996094,180.75315856933594,176.0,104.5,358.66900634765625,349.2310791015625,1.5718929767608643,0.8049290776252747,360.0823974609375,350.6607360839844,0.0,0.007778781466186047,0.004160531796514988,1.0001537799835205,0.9451260566711426,1.7282417275055195e-08,4.3998547027968016e-08,0.05487170070409775,2.182255911975517e-06,211.43617248535156,3853.28271484375,1.0,1.0,119.0,119.0,1.0,1.0,2048.0,1400.8125,579.87451171875,186.0,134.75,2048.0,1400.8125,2234.0,1535.5625,0.3125,8.0,0.0,0.0,0.0,0.0,1.0,0.0625,0.0,0.24206146597862244,4.0,0.0625,0.625,7.327995263040066e-06,1.8656020984053612e-05,23.20245361328125,0.0639423131942749,424.0144958496094,400.74713134765625,3.349719285964966,1.1369037628173828,0.0,18.0,8.0,64.0,0.3339572548866272,0.0,0.0,0.36427873373031616,0.1103515625,9.999999974752427e-07,120.0,64.0,2.6457433700561523,0.0,-0.3779633343219757,0.4999984800815582,0.0,3.1978445053100586,-0.0034301213454455137,0.652145504951477,555550.25,369352.78125,64.0,32.5,276.0941162109375,270.0743408203125,176.0,104.5,546.4584350585938,546.29296875,4.604744911193848,2.3632757663726807,551.502685546875,550.9755249023438,0.0,0.0017087096348404884,0.027280233800411224,0.9992755055427551,0.947211503982544,1.1065315774771989e-08,1.8800289325326958e-08,0.05278712511062622,1.3571560657510418e-06,146.38375854492188,2773.095947265625,1.0,1.0,119.0,119.0,1.0,1.0,2048.0,1362.59375,599.2756958007812,186.0,134.75,2048.0,1362.59375,2234.0,1497.34375,0.3125,8.0,0.0,0.0,0.0,0.0,1.0,0.03125,0.0,0.17399263381958008,2.0,0.03125,0.75,6.592001227545552e-06,1.1199999789823778e-05,31.390703201293945,0.056460682302713394,595.7354736328125,564.2874755859375,3.155078411102295,0.341408371925354,0.0,16.0,8.0,64.0,0.2693634033203125,0.0,0.0,0.36908936500549316,0.09521484375,9.999999974752427e-07,120.0,64.0
121,2.6457433700561523,-2.0816681711721685e-17,-1.2909917831420898,0.9354121685028076,-1.3322676295501878e-15,4.260085105895996,-0.0009501731256023049,0.5686925053596497,377760.0,272883.84375,64.0,32.5,188.96884155273438,184.64854431152344,240.0,115.0,366.6129150390625,352.4432373046875,1.4836050271987915,0.8394219875335693,368.082275390625,353.9287109375,0.0,0.05743679776787758,0.0037732648197561502,0.9996150135993958,0.9441930651664734,2.120289188667357e-08,5.1684263979723255e-08,0.055804669857025146,2.1690129869966768e-06,222.46914672851562,3986.568603515625,1.0,1.0,120.0,120.0,1.0,1.0,2048.0,1474.1875,540.3496704101562,245.0,153.25,2048.0,1474.1875,2293.0,1627.4375,0.296875,8.0,0.0,0.0,0.0,0.0,1.0,0.296875,0.0,0.45688098669052124,19.0,0.296875,0.125,8.992035873234272e-06,2.1919026039540768e-05,23.602415084838867,0.06405214220285416,424.09478759765625,400.4273681640625,3.4742074012756348,0.4101448655128479,0.0,18.0,8.0,64.0,0.2940809428691864,0.0,0.0,0.30167582631111145,0.21484375,9.999999974752427e-07,121.0,64.0,2.6457433700561523,-6.938893903907228e-18,-0.9999979734420776,0.7071051597595215,-4.440892098500626e-16,3.3563342094421387,-0.003598995739594102,0.5999267101287842,529408.1875,397475.09375,64.0,32.5,262.7541809082031,259.3004455566406,240.0,115.0,534.4881591796875,534.4031982421875,4.160906791687012,2.198577642440796,539.0467529296875,538.7205810546875,0.0,0.0010393410921096802,0.02165995165705681,0.9986026883125305,0.9346190094947815,1.573422458989171e-08,1.9125703687450368e-08,0.06537951529026031,1.4135124501990504e-06,170.776123046875,2612.07373046875,1.0,1.0,120.0,120.0,1.0,1.0,2048.0,1535.8125,512.96630859375,245.0,153.25,2048.0,1535.8125,2293.0,1689.0625,0.265625,8.0,0.0,0.0,0.0,0.0,1.0,0.171875,0.0,0.37727177143096924,11.0,0.171875,0.5,9.055998816620559e-06,1.1008000001311302e-05,37.573570251464844,0.056299977004528046,575.560546875,537.9298095703125,2.951643466949463,0.3413620591163635,0.0,19.0,8.0,64.0,0.3058953583240509,0.0,0.0,0.2968798279762268,0.185546875,9.999999974752427e-07,121.0,64.0
122,2.6457433700561523,-3.469446951953614e-18,-1.7320468425750732,0.9999976754188538,-2.220446049250313e-16,0.7477850914001465,-0.0006465132464654744,0.4599616229534149,363688.25,214789.71875,64.0,32.5,178.56069946289062,175.5412139892578,192.0,106.0,361.4136047363281,351.9040222167969,1.374358057975769,0.738013744354248,362.6949768066406,353.25677490234375,0.0,0.04104536771774292,0.002621483290567994,0.9997733235359192,0.956139087677002,2.172856028437309e-08,3.540068860274914e-08,0.0438586100935936,2.216719622083474e-06,198.87437438964844,4534.44287109375,1.0,1.0,121.0,121.0,1.0,1.0,2048.0,1221.875,413.0755615234375,204.0,142.5,2048.0,1221.875,2169.0,1364.375,0.078125,8.0,0.0,0.0,0.0,0.0,1.0,0.421875,0.0,0.49385878443717957,27.0,0.421875,0.0,8.5439532995224e-06,1.392001286149025e-05,17.181047439575195,0.06473037600517273,393.2130432128906,375.96636962890625,3.394257068634033,0.41538023948669434,0.0,13.0,8.0,64.0,0.1806640625,0.0,0.0,0.20939011871814728,0.2314453125,9.999999974752427e-07,122.0,64.0,1.7320468425750732,-1.5612511283791264e-17,-0.7745950818061829,0.6123710870742798,-9.992007221626409e-16,2.1474838256835938,-0.0022318982519209385,0.49488887190818787,545970.625,324041.4375,64.0,32.5,271.1876525878906,268.55609130859375,192.0,106.0,545.2689208984375,543.372802734375,4.715496063232422,2.552727699279785,548.442138671875,548.0675659179688,0.0,0.03940340131521225,0.0178696196526289,0.9996070861816406,0.9526109099388123,1.3744947402472008e-08,1.830654916545882e-08,0.0473877489566803,1.2958682873431826e-06,132.7796173095703,2801.98193359375,1.0,1.0,121.0,121.0,1.0,1.0,2048.0,1207.53125,466.7690124511719,204.0,142.5,2048.0,1207.53125,2252.0,1350.03125,0.09375,8.0,0.0,0.0,0.0,0.0,1.0,0.109375,0.0,0.3121091425418854,7.0,0.109375,0.625,8.000000889296643e-06,1.0654999641701579e-05,27.524919509887695,0.056271687150001526,582.0321655273438,554.4501953125,2.94445538520813,0.34564417600631714,0.0,14.0,8.0,64.0,0.2471923828125,0.0,0.0,0.19490841031074524,0.146484375,9.999999974752427e-07,122.0,64.0
123,2.6457433700561523,-1.0408340855860843e-17,-0.7745950818061829,0.7905674576759338,-6.661338147750939e-16,1.092803716659546,-0.0006891408120281994,0.4495759904384613,366193.75,265617.6875,64.0,32.5,181.2503204345703,178.70626831054688,224.0,127.0,381.54058837890625,360.3529357910156,1.429494023323059,0.74098140001297,382.7528991699219,361.73126220703125,0.0,0.02451779693365097,0.003191993571817875,0.9997459650039673,0.9461742639541626,2.2569670576899625e-08,5.556190174615949e-08,0.053823091089725494,2.5822457700996893e-06,232.46762084960938,4319.10595703125,1.0,1.0,122.0,122.0,1.0,1.0,2048.0,1483.203125,526.938720703125,236.0,168.0,2048.0,1483.203125,2284.0,1651.203125,0.265625,8.0,0.0,0.0,0.0,0.0,1.0,0.15625,0.0,0.36309218406677246,10.0,0.15625,0.375,9.216018952429295e-06,2.2687949240207672e-05,21.91386604309082,0.0640617087483406,408.33642578125,386.357421875,3.4997005462646484,0.41224241256713867,0.0,17.0,8.0,64.0,0.24163459241390228,0.0,0.0,0.19218763709068298,0.1806640625,9.999999974752427e-07,123.0,64.0,2.6457433700561523,-1.3877787807814457e-17,-0.5773489475250244,0.6123708486557007,-8.881784197001252e-16,5.608137130737305,-0.0030704750679433346,0.4911225438117981,567901.8125,401739.46875,64.0,32.5,283.50506591796875,276.6584777832031,224.0,127.0,550.4911499023438,550.3729858398438,4.473001956939697,2.3770573139190674,555.4232788085938,554.9329833984375,0.0,-0.009083680808544159,0.017549363896250725,0.9988110065460205,0.9446713328361511,1.5424959087795287e-08,2.0041955650640375e-08,0.05532730743288994,1.3379218444242724e-06,151.5361328125,2738.9033203125,1.0,1.0,122.0,122.0,1.0,1.0,2048.0,1444.140625,543.9472045898438,236.0,168.0,2048.0,1444.140625,2284.0,1612.140625,0.28125,8.0,0.0,0.0,0.0,0.0,1.0,0.078125,0.0,0.2683681845664978,5.0,0.078125,0.625,9.407998732058331e-06,1.2223999874549918e-05,33.6883659362793,0.05689318850636482,609.9205322265625,576.1744384765625,2.8617100715637207,0.34062039852142334,0.0,17.0,8.0,64.0,0.2595860958099365,0.0,0.0,0.19785356521606445,0.12890625,9.999999974752427e-07,123.0,64.0
124,2.6457433700561523,-1.734723475976807e-18,-0.7745950818061829,0.6123707890510559,-1.1102230246251565e-16,2.0952956676483154,-0.0006172236171551049,0.5193190574645996,365012.125,224007.0625,64.0,32.5,181.63406372070312,178.6519012451172,160.0,112.0,354.8568115234375,349.14129638671875,1.3982621431350708,0.7594749927520752,356.2049865722656,350.5218200683594,0.0,-0.006499398499727249,0.00289348978549242,0.9998636245727539,0.9469978213310242,1.756996681478995e-08,3.8731879925535395e-08,0.05300009250640869,2.001935854423209e-06,195.65960693359375,3691.684326171875,1.0,1.0,123.0,123.0,1.0,1.0,2048.0,1252.8125,712.3440551757812,176.0,149.75,2048.0,1252.8125,2224.0,1402.5625,0.34375,8.0,0.0,0.0,0.0,0.0,1.0,0.078125,0.0,0.2683681845664978,5.0,0.078125,0.625,7.200054824352264e-06,1.5872064977884293e-05,21.654281616210938,0.06480199098587036,409.7933044433594,388.0733947753906,3.5511372089385986,0.4038950502872467,0.0,17.0,8.0,64.0,0.3558995723724365,0.0,0.0,0.25999513268470764,0.1845703125,9.999999974752427e-07,124.0,64.0,2.6457433700561523,0.0,-0.3779633343219757,0.35355231165885925,0.0,4.248098373413086,-0.002875187434256077,0.5771170258522034,547906.25,322128.84375,64.0,32.5,278.9956359863281,268.99090576171875,160.0,112.0,548.9442138671875,539.3164672851562,4.355626106262207,2.2212765216827393,552.4318237304688,543.9098510742188,0.0,-0.010737603530287743,0.018655449151992798,0.9994801878929138,0.9490582942962646,1.2447400443704737e-08,2.2001328758847194e-08,0.05094018578529358,1.4779549246668466e-06,130.59194946289062,2563.633056640625,1.0,1.0,123.0,123.0,1.0,1.0,2048.0,1196.03125,712.532958984375,176.0,149.75,2048.0,1196.03125,2224.0,1345.78125,0.3125,8.0,0.0,0.0,0.0,0.0,1.0,0.015625,0.0,0.12401959300041199,1.0,0.015625,0.875,7.295999239431694e-06,1.2896000043838285e-05,29.801177978515625,0.05723107233643532,586.1464233398438,556.287109375,2.7915892601013184,0.3371832072734833,0.0,15.0,8.0,64.0,0.29959309101104736,0.0,0.0,0.25447162985801697,0.12060546875,9.999999974752427e-07,124.0,64.0
125,2.6457433700561523,0.0,-0.9999979734420776,0.4999987483024597,0.0,0.6710588932037354,-0.0006591710262000561,0.522957444190979,386924.25,250367.390625,64.0,32.5,216.8994598388672,197.7699737548828,304.0,134.5,466.3067321777344,369.7608337402344,1.392949104309082,0.7863526940345764,467.824951171875,371.24615478515625,0.0,0.006540253758430481,0.0028659161180257797,0.9997947216033936,0.9493741989135742,1.7422456366489314e-08,3.3206731586687965e-08,0.050623852759599686,1.892764544209058e-06,193.2205047607422,3816.78759765625,1.0,1.0,124.0,124.0,1.0,1.0,2048.0,1297.578125,645.0756225585938,315.0,177.875,2048.0,1297.578125,2292.0,1475.453125,0.28125,8.0,0.0,0.0,0.0,0.0,1.0,0.078125,0.0,0.2683681845664978,5.0,0.078125,0.75,7.488066330552101e-06,1.42720527946949e-05,21.692615509033203,0.06520967185497284,429.7939453125,408.0352783203125,3.4954216480255127,0.41314616799354553,0.0,17.0,8.0,64.0,0.32240206003189087,0.0,0.0,0.2748987674713135,0.087890625,9.999999974752427e-07,125.0,64.0,2.6457433700561523,0.0,-0.3779633343219757,0.35355231165885925,0.0,5.248507499694824,-0.00321793626062572,0.5884907841682434,543876.75,362084.125,64.0,32.5,281.2552490234375,270.6760559082031,304.0,134.5,549.7118530273438,546.0567016601562,5.044135093688965,2.703226089477539,552.4559326171875,550.9807739257812,0.0,-0.0020784707739949226,0.018565800040960312,0.9987162351608276,0.9424347281455994,1.3156771672129253e-08,1.9544081908406952e-08,0.05756378546357155,1.471746600145707e-06,147.6673583984375,2565.2822265625,1.0,1.0,124.0,124.0,1.0,1.0,2048.0,1352.453125,680.1061401367188,315.0,177.875,2048.0,1352.453125,2363.0,1530.328125,0.328125,8.0,0.0,0.0,0.0,0.0,1.0,0.015625,0.0,0.12401959300041199,1.0,0.015625,0.875,7.712000297033228e-06,1.1455998901510611e-05,33.68500518798828,0.056702885776758194,586.1620483398438,552.4194946289062,2.916435480117798,0.33967000246047974,0.0,17.0,8.0,64.0,0.2971837520599365,0.0,0.0,0.29422175884246826,0.03857421875,9.999999974752427e-07,125.0,64.0
126,2.6457433700561523,1.0408340855860843e-17,-1.7320468425750732,0.7905675768852234,6.661338147750939e-16,0.8654252290725708,-0.0008469881722703576,0.49782755970954895,382219.8125,281281.53125,64.0,32.5,187.53160095214844,183.5006561279297,176.0,106.0,9320.5615234375,8806.626953125,54.89191436767578,26.916614532470703,9355.1728515625,8861.525390625,0.0,0.02189357578754425,0.0026950587052851915,0.9995774030685425,0.9237370491027832,3.532857206778317e-08,3.598826125994492e-08,0.0762602686882019,2.5832262053882005e-06,223.5203399658203,2931.019775390625,1.0,1.0,125.0,125.0,1.0,1.0,2048.0,1524.78125,526.3773803710938,187.0,141.5,2048.0,1524.78125,2235.0,1666.28125,0.359375,8.0,0.0,0.0,0.0,0.0,1.0,0.296875,0.0,0.45688098669052124,19.0,0.296875,0.375,1.542398240417242e-05,1.5711993910372257e-05,31.295373916625977,1.9988410472869873,436.586669921875,403.2912902832031,0.0,0.0,0.0,19.0,8.0,64.0,0.31526264548301697,0.0,0.0,0.2566218972206116,0.16015625,9.999999974752427e-07,126.0,64.0,2.6457433700561523,0.0,-2.6457433700561523,0.4999984800815582,0.0,8.123327255249023,-0.002570568351075053,0.5510724186897278,542470.8125,407324.375,64.0,32.5,276.74920654296875,268.0238037109375,176.0,106.0,552.1146240234375,552.047119140625,4.858664035797119,2.597095012664795,557.373046875,556.9180297851562,0.0,-0.00121275894343853,0.017499718815088272,0.9993141889572144,0.932411253452301,1.4236983147952742e-08,1.7918026173902035e-08,0.0675872415304184,1.4563304375769803e-06,165.3983612060547,2447.18310546875,1.0,1.0,125.0,125.0,1.0,1.0,2048.0,1527.703125,542.0105590820312,187.0,141.5,2048.0,1527.703125,2235.0,1669.203125,0.375,8.0,0.0,0.0,0.0,0.0,1.0,0.125,0.0,0.33071890473365784,8.0,0.125,0.75,8.416000127908774e-06,1.0591998943709768e-05,39.8963737487793,0.05690905824303627,591.136474609375,551.1823120117188,2.8566017150878906,0.3444098234176636,0.0,20.0,8.0,64.0,0.348358154296875,0.0,0.0,0.2573406994342804,0.09765625,9.999999974752427e-07,126.0,64.0
127,2.6457433700561523,-5.204170427930421e-18,-1.2909917831420898,0.7071051001548767,-3.3306690738754696e-16,0.6711170673370361,-0.0007340519223362207,0.585153341293335,398650.46875,255143.71875,64.0,32.5,197.3603057861328,194.84922790527344,336.0,128.5,422.6968994140625,421.16778564453125,4.1684250831604,2.259089946746826,427.24395751953125,425.47906494140625,0.0,-0.006698107346892357,0.0036836585495620966,0.9998460412025452,0.9607130289077759,2.8597433754384838e-08,5.097473376736161e-08,0.039284344762563705,2.5449339773331303e-06,198.84503173828125,5061.6865234375,1.0,1.0,126.0,126.0,1.0,1.0,2048.0,1310.6875,434.62872314453125,342.0,168.5,2048.0,1310.6875,2390.0,1479.1875,0.171875,8.0,0.0,0.0,0.0,0.0,1.0,0.1875,0.0,0.3903123736381531,12.0,0.1875,0.5,1.2064003385603428e-05,2.1504005417227745e-05,16.511205673217773,0.06113667041063309,421.85614013671875,405.2826843261719,2.6309196949005127,0.31922638416290283,0.0,14.0,8.0,64.0,0.1751185804605484,0.0,0.0,0.34253430366516113,0.189453125,9.999999974752427e-07,127.0,64.0,2.6457433700561523,1.734723475976807e-18,-2.6457433700561523,0.6123707890510559,1.1102230246251565e-16,3.386356830596924,-0.003491149516776204,0.615367591381073,540585.6875,357051.1875,64.0,32.5,275.34814453125,267.6427307128906,336.0,128.5,538.1055908203125,537.9083862304688,4.266410827636719,2.15970778465271,542.887939453125,542.3810424804688,0.0,-0.00945811253041029,0.024811608716845512,0.9988793730735779,0.9487844705581665,1.4482339771859642e-08,2.0673260436865348e-08,0.05121399462223053,1.4828264056632179e-06,148.0812225341797,2891.421142578125,1.0,1.0,126.0,126.0,1.0,1.0,2048.0,1339.46875,454.4594421386719,342.0,168.5,2048.0,1339.46875,2390.0,1507.96875,0.125,8.0,0.0,0.0,0.0,0.0,1.0,0.203125,0.0,0.4023247957229614,13.0,0.203125,0.625,8.384000466321595e-06,1.1967998943873681e-05,29.592172622680664,0.05622385814785957,578.9119873046875,549.2626953125,2.8417763710021973,0.6593654751777649,0.0,15.0,8.0,64.0,0.21512044966220856,0.0,0.0,0.3299573063850403,0.1982421875,9.999999974752427e-07,127.0,64.0
128,2.6457433700561523,-5.204170427930421e-18,-2.6457433700561523,0.7071049213409424,-3.3306690738754696e-16,0.51407790184021,-0.0007519598002545536,0.4906289279460907,347557.9375,240924.53125,64.0,32.5,184.2055206298828,176.39572143554688,240.0,119.5,360.5877990722656,347.96417236328125,4.248136043548584,2.2991318702697754,362.2319641113281,352.3077697753906,0.0,-0.014778118580579758,0.0028130188584327698,0.9996654391288757,0.9391036629676819,2.2917131303756832e-08,3.7686032072770104e-08,0.06089365854859352,2.6412299121147953e-06,234.78665161132812,3855.68310546875,1.0,1.0,127.0,127.0,1.0,1.0,2048.0,1383.078125,548.0040283203125,247.0,159.375,2048.0,1383.078125,2295.0,1542.453125,0.296875,8.0,0.0,0.0,0.0,0.0,1.0,0.234375,0.0,0.42360755801200867,15.0,0.234375,0.5,8.639995940029621e-06,1.4208024367690086e-05,22.895334243774414,0.06220565736293793,377.0103454589844,354.0517883300781,2.569166421890259,0.31195494532585144,0.0,19.0,8.0,64.0,0.36617881059646606,0.0,0.0,0.2562428414821625,0.1494140625,9.999999974752427e-07,128.0,64.0,2.6457433700561523,-2.0816681711721685e-17,-0.5773489475250244,0.7905673384666443,-1.3322676295501878e-15,1.5791336297988892,-0.0028061929624527693,0.5338873863220215,541080.4375,356815.96875,64.0,32.5,264.8873596191406,262.7987365722656,240.0,119.5,542.9236450195312,542.7816162109375,4.235307216644287,2.2761616706848145,547.4033203125,547.1788940429688,0.0,0.01587257720530033,0.017589155584573746,0.998833417892456,0.9349121451377869,1.4802160386295782e-08,2.1171691955146343e-08,0.06508636474609375,1.4555572533936356e-06,147.55894470214844,2267.125244140625,1.0,1.0,127.0,127.0,1.0,1.0,2048.0,1355.59375,555.6845092773438,247.0,159.375,2048.0,1355.59375,2295.0,1514.96875,0.25,8.0,0.0,0.0,0.0,0.0,1.0,0.125,0.0,0.33071890473365784,8.0,0.125,0.375,8.703002094989643e-06,1.2447999324649572e-05,38.20873260498047,0.05911426991224289,587.9548950195312,549.6861572265625,2.9708356857299805,0.3425619304180145,0.0,16.0,8.0,64.0,0.2607574462890625,0.0,0.0,0.2441990077495575,0.169921875,9.999999974752427e-07,128.0,64.0
129,2.6457433700561523,8.673617379884035e-18,-1.7320468425750732,0.7905676364898682,5.551115123125783e-16,0.8595829606056213,-0.0004913209122605622,0.5180456638336182,359008.625,229754.828125,64.0,32.5,182.35568237304688,175.32945251464844,256.0,118.0,353.2210693359375,323.8005676269531,4.094536781311035,2.1573288440704346,354.90155029296875,328.0767517089844,0.0,0.007613408379256725,0.0031679999083280563,0.9999779462814331,0.9542303085327148,1.9057468492178486e-08,3.309985530108861e-08,0.045767173171043396,2.4724490685912315e-06,218.49539184570312,4774.0634765625,1.0,1.0,128.0,128.0,1.0,1.0,2048.0,1307.015625,528.2616577148438,264.0,157.375,2048.0,1307.015625,2312.0,1464.390625,0.140625,8.0,0.0,0.0,0.0,0.0,1.0,0.4375,0.0,0.49607837200164795,28.0,0.4375,0.375,7.295981049537659e-06,1.2671982403844595e-05,17.46027183532715,0.0612809881567955,382.8410339355469,365.3185119628906,2.6474826335906982,0.3253393769264221,0.0,15.0,8.0,64.0,0.23781737685203552,0.0,0.0,0.2601689398288727,0.2236328125,9.999999974752427e-07,129.0,64.0,1.7320468425750732,-8.673617379884035e-18,-1.7320468425750732,0.7905676960945129,-5.551115123125783e-16,3.8293917179107666,-0.0023448585998266935,0.5530853271484375,543033.125,359063.46875,64.0,32.5,270.0742492675781,267.20458984375,256.0,118.0,544.5128784179688,544.4147338867188,4.596713066101074,2.295109272003174,549.5550537109375,549.0778198242188,0.0,0.016879456117749214,0.018576964735984802,0.9995184540748596,0.942523717880249,1.3886737981749775e-08,2.0119372834415117e-08,0.05747472867369652,1.4946186865927302e-06,147.24252319335938,2561.865478515625,1.0,1.0,128.0,128.0,1.0,1.0,2048.0,1346.59375,547.586669921875,264.0,157.375,2048.0,1346.59375,2312.0,1503.96875,0.203125,8.0,0.0,0.0,0.0,0.0,1.0,0.265625,0.0,0.4416654407978058,17.0,0.265625,0.375,8.127997716655955e-06,1.1775999155361205e-05,33.5806999206543,0.059630103409290314,585.3064575195312,551.6652221679688,3.083716630935669,0.33921629190444946,0.0,16.0,8.0,64.0,0.2661285400390625,0.0,0.0,0.24840359389781952,0.1865234375,9.999999974752427e-07,129.0,64.0
130,2.6457433700561523,-8.673617379884035e-18,-0.7745950818061829,0.7071049213409424,-5.551115123125783e-16,2.0140907764434814,-0.0006559717585332692,0.5761862397193909,380609.34375,320493.03125,64.0,32.5,192.39089965820312,184.89920043945312,208.0,118.0,341.63818359375,341.3763122558594,4.405415058135986,2.3726863861083984,346.212158203125,345.921630859375,0.0,0.05727079510688782,0.003074315609410405,0.9998672008514404,0.9341123700141907,5.433950178712621e-08,3.658651337445917e-08,0.06588496267795563,2.607435590107343e-06,267.54638671875,4060.81103515625,1.0,1.0,129.0,129.0,1.0,1.0,2048.0,1733.109375,499.2801208496094,220.0,157.125,2048.0,1733.109375,2268.0,1890.234375,0.609375,8.0,0.0,0.0,0.0,0.0,1.0,0.109375,0.0,0.3121091425418854,7.0,0.109375,0.5,2.2527994588017464e-05,1.516798511147499e-05,27.254409790039062,0.06008336693048477,414.5785827636719,387.2629699707031,2.7268595695495605,0.31699657440185547,0.0,23.0,8.0,64.0,0.3582763671875,0.0,0.0,0.31954142451286316,0.1708984375,9.999999974752427e-07,130.0,64.0,2.6457433700561523,-5.204170427930421e-18,-1.2909917831420898,0.6123709082603455,-3.3306690738754696e-16,3.2628984451293945,-0.0027336475905030966,0.6209443211555481,539002.4375,455134.03125,64.0,32.5,264.3349304199219,263.39031982421875,208.0,118.0,541.484130859375,541.3563232421875,5.486021041870117,2.779806613922119,546.8518676757812,546.3421020507812,0.0,0.014881708659231663,0.021193716675043106,0.9993582963943481,0.9198567867279053,9.890321450711781e-09,1.8651849842399315e-08,0.08014189451932907,1.3127680631441763e-06,185.8566436767578,2319.094482421875,1.0,1.0,129.0,129.0,1.0,1.0,2048.0,1728.84375,528.4160766601562,220.0,157.125,2048.0,1728.84375,2268.0,1885.96875,0.59375,8.0,0.0,0.0,0.0,0.0,1.0,0.125,0.0,0.33071890473365784,8.0,0.125,0.625,5.88800321565941e-06,1.1104002624051645e-05,47.654823303222656,0.05603736266493797,595.329833984375,547.6181640625,2.965705633163452,0.3438037633895874,0.0,24.0,8.0,64.0,0.3864034116268158,0.0,0.0,0.32396140694618225,0.1513671875,9.999999974752427e-07,130.0,64.0
131,2.6457433700561523,-3.469446951953614e-18,-2.6457433700561523,0.9354121088981628,-2.220446049250313e-16,0.7272283434867859,-0.0005141099100001156,0.47930023074150085,360778.15625,238357.046875,64.0,32.5,177.5060272216797,174.07589721679688,192.0,101.5,348.39459228515625,331.314697265625,4.146697044372559,2.237780809402466,349.8139343261719,335.5779724121094,0.0,0.05012788251042366,0.0028851437382400036,0.9999113082885742,0.9459416270256042,2.275470833978943e-08,3.066928755401932e-08,0.05405572056770325,2.5810682018345688e-06,225.03195190429688,4162.962890625,1.0,1.0,130.0,130.0,1.0,1.0,2048.0,1364.75,613.6464233398438,208.0,137.625,2048.0,1364.75,2256.0,1502.375,0.25,8.0,0.0,0.0,0.0,0.0,1.0,0.40625,0.0,0.49113228917121887,26.0,0.40625,0.125,8.83202301338315e-06,1.1903990525752306e-05,20.919721603393555,0.06148889288306236,388.14044189453125,367.158203125,2.74479341506958,0.32288941740989685,0.0,17.0,8.0,64.0,0.31002986431121826,0.0,0.0,0.2444542944431305,0.236328125,9.999999974752427e-07,131.0,64.0,2.6457433700561523,-1.734723475976807e-18,-1.2909917831420898,0.8660234808921814,-1.1102230246251565e-16,4.781156539916992,-0.002962724305689335,0.5469022393226624,539415.8125,369516.125,64.0,32.5,263.71575927734375,262.14361572265625,192.0,101.5,563.33984375,540.3424072265625,4.108395099639893,2.115605354309082,566.211669921875,544.60546875,0.0,0.02247677743434906,0.019406279549002647,0.9989660382270813,0.9454982876777649,1.4521673641354482e-08,2.1257969606836014e-08,0.05450020357966423,1.4595578932130593e-06,155.59901428222656,2855.01708984375,1.0,1.0,130.0,130.0,1.0,1.0,2048.0,1409.015625,562.0249633789062,208.0,137.625,2048.0,1409.015625,2256.0,1546.640625,0.25,8.0,0.0,0.0,0.0,0.0,1.0,0.3125,0.0,0.4635123908519745,20.0,0.3125,0.25,8.41599830891937e-06,1.2320000678300858e-05,31.531129837036133,0.05432054400444031,579.5474243164062,547.9610595703125,2.9563326835632324,0.34520423412323,0.0,16.0,8.0,64.0,0.24529266357421875,0.0,0.0,0.2699483036994934,0.2041015625,9.999999974752427e-07,131.0,64.0
132,2.6457433700561523,-8.673617379884035e-18,-1.7320468425750732,0.8660232424736023,-5.551115123125783e-16,0.6037014722824097,-0.0006731947069056332,0.4762285351753235,397147.8125,297195.25,64.0,32.5,198.2972412109375,195.32867431640625,160.0,95.5,343.7130432128906,324.09765625,3.8929381370544434,2.0912883281707764,345.3326110839844,328.1494445800781,0.0,-0.018250206485390663,0.0025313859805464745,0.9997342824935913,0.943818211555481,2.1853214349221162e-08,2.9786198396664076e-08,0.05617932230234146,2.385653488090611e-06,228.20240783691406,4062.03564453125,1.0,1.0,131.0,131.0,1.0,1.0,2048.0,1524.609375,535.5625,172.0,127.625,2048.0,1524.609375,2220.0,1652.234375,0.359375,8.0,0.0,0.0,0.0,0.0,1.0,0.234375,0.0,0.42360755801200867,15.0,0.234375,0.25,9.34401759877801e-06,1.2736010830849409e-05,23.960126876831055,0.061081696301698685,427.5809326171875,403.5586853027344,2.6426899433135986,0.3193466365337372,0.0,20.0,8.0,64.0,0.3549865782260895,0.0,0.0,0.2369566708803177,0.1943359375,9.999999974752427e-07,132.0,64.0,2.6457433700561523,-1.734723475976807e-18,-0.7745950818061829,0.79056715965271,-1.1102230246251565e-16,4.789594650268555,-0.002166931750252843,0.5199147462844849,538035.6875,384195.84375,64.0,32.5,265.1969909667969,263.7237854003906,160.0,95.5,532.5064086914062,532.1574096679688,4.1168437004089355,2.2114806175231934,536.9093627929688,536.4190673828125,0.0,-0.005516339093446732,0.017467575147747993,0.9996440410614014,0.9383122324943542,1.3842262447383291e-08,1.9280285812328657e-08,0.061686303466558456,1.4289850014392869e-06,160.2794189453125,2598.29833984375,1.0,1.0,131.0,131.0,1.0,1.0,2048.0,1458.953125,518.259765625,172.0,127.625,2048.0,1458.953125,2220.0,1586.578125,0.3125,8.0,0.0,0.0,0.0,0.0,1.0,0.109375,0.0,0.3121091425418854,7.0,0.109375,0.375,8.064002031460404e-06,1.1231997632421553e-05,35.88032150268555,0.05588987469673157,582.5638427734375,546.6268310546875,3.0952341556549072,0.340315580368042,0.0,18.0,8.0,64.0,0.3118150532245636,0.0,0.0,0.221380814909935,0.169921875,9.999999974752427e-07,132.0,64.0
133,2.6457433700561523,-6.938893903907228e-18,-1.7320468425750732,0.7071050405502319,-4.440892098500626e-16,0.6531984806060791,-0.0007720770081505179,0.569776713848114,382219.34375,230440.3125,64.0,32.5,186.72171020507812,183.8642120361328,432.0,137.5,346.9630126953125,330.48974609375,5.240225791931152,2.8311233520507812,348.5162353515625,335.5278015136719,0.0,0.04441153630614281,0.003566422965377569,0.9997862577438354,0.9558873176574707,2.1654130932802218e-08,3.732377251708385e-08,0.04411014914512634,2.481784804331255e-06,196.6389923095703,4457.908203125,1.0,1.0,132.0,132.0,1.0,1.0,2048.0,1248.625,564.3050537109375,435.0,182.625,2048.0,1248.625,2223.0,1431.25,0.21875,8.0,0.0,0.0,0.0,0.0,1.0,0.296875,0.0,0.45688098669052124,19.0,0.296875,0.5,8.800008799880743e-06,1.516798511147499e-05,17.865081787109375,0.060815006494522095,406.389404296875,388.46246337890625,2.5690605640411377,0.31861424446105957,0.0,15.0,8.0,64.0,0.25507813692092896,0.0,0.0,0.3245692849159241,0.2216796875,9.999999974752427e-07,133.0,64.0,2.6457433700561523,-1.9081958235744878e-17,-1.2909917831420898,0.7905675172805786,-1.2212453270876722e-15,3.5116004943847656,-0.003734742756932974,0.6122754812240601,541610.375,329539.65625,64.0,32.5,268.0610656738281,265.22442626953125,432.0,137.5,539.140869140625,538.9395141601562,5.5099568367004395,2.5238962173461914,544.269775390625,543.74951171875,0.0,0.029589679092168808,0.02553716115653515,0.998794674873352,0.9450138807296753,1.4566941430871339e-08,2.0558626800948332e-08,0.05498458817601204,1.4962056411604863e-06,136.55137634277344,2483.447998046875,1.0,1.0,132.0,132.0,1.0,1.0,2048.0,1242.0625,604.9122314453125,435.0,182.625,2048.0,1242.0625,2223.0,1424.6875,0.25,8.0,0.0,0.0,0.0,0.0,1.0,0.1875,0.0,0.3903123736381531,12.0,0.1875,0.375,8.479997632093728e-06,1.1967997124884278e-05,31.951705932617188,0.057016972452402115,582.139892578125,550.1303100585938,2.960505485534668,0.34202754497528076,0.0,16.0,8.0,64.0,0.304840087890625,0.0,0.0,0.3309781551361084,0.203125,9.999999974752427e-07,133.0,64.0
134,2.6457433700561523,-2.0816681711721685e-17,-0.9999979734420776,0.7905675172805786,-1.3322676295501878e-15,0.7486696243286133,-0.0006330979522317648,0.48638904094696045,378655.25,215215.53125,64.0,32.5,189.61917114257812,182.8912811279297,160.0,98.5,354.2184753417969,336.9070739746094,3.9871459007263184,2.136482000350952,355.68548583984375,341.0089111328125,0.0,0.029977373778820038,0.003256979864090681,0.9998446702957153,0.9594137072563171,2.4317387214978226e-08,3.3964724366342125e-08,0.04058374837040901,2.46992181018868e-06,185.89157104492188,4580.44384765625,1.0,1.0,133.0,133.0,1.0,1.0,2048.0,1165.765625,574.43896484375,164.0,129.0,2048.0,1165.765625,2206.0,1294.765625,0.1875,8.0,0.0,0.0,0.0,0.0,1.0,0.171875,0.0,0.37727177143096924,11.0,0.171875,0.375,9.759969543665648e-06,1.3632001355290413e-05,16.226743698120117,0.061853498220443726,401.3576354980469,385.0680236816406,2.550917625427246,0.31440699100494385,0.0,14.0,8.0,64.0,0.2780325710773468,0.0,0.0,0.23784299194812775,0.166015625,9.999999974752427e-07,134.0,64.0,1.2909917831420898,-1.734723475976807e-18,-0.7745950818061829,0.3535526692867279,-1.1102230246251565e-16,3.4539873600006104,-0.0026966447476297617,0.5425622463226318,532747.625,315406.1875,64.0,32.5,260.72174072265625,260.3500671386719,160.0,98.5,547.242431640625,541.7597045898438,3.910508871078491,1.950408697128296,550.0776977539062,545.9352416992188,0.0,-0.010949411429464817,0.019264470785856247,0.9992347955703735,0.9516307711601257,1.5639011863299856e-08,2.047697833518214e-08,0.04836772382259369,1.4799556993239094e-06,136.4264678955078,2820.609619140625,1.0,1.0,133.0,133.0,1.0,1.0,2048.0,1212.5625,562.267578125,164.0,129.0,2048.0,1212.5625,2206.0,1341.5625,0.1875,8.0,0.0,0.0,0.0,0.0,1.0,0.046875,0.0,0.21137107908725739,3.0,0.046875,0.875,8.896000508684665e-06,1.164800050901249e-05,27.456256866455078,0.05694568157196045,568.8339233398438,541.3198852539062,2.9816372394561768,0.33781129121780396,0.0,14.0,8.0,64.0,0.2519182562828064,0.0,0.0,0.2487853765487671,0.0791015625,9.999999974752427e-07,134.0,64.0
135,2.6457433700561523,-1.9081958235744878e-17,-0.7745950818061829,0.8660234212875366,-1.2212453270876722e-15,0.6240806579589844,-0.0006480378215201199,0.461378812789917,389739.9375,198967.640625,64.0,32.5,194.411376953125,191.67440795898438,848.0,172.0,353.3565673828125,341.4833679199219,4.565765857696533,2.292116641998291,355.0705871582031,346.2401428222656,0.0,-0.011000939644873142,0.00395536283031106,0.9998329877853394,0.9620975852012634,2.456335046474578e-08,3.085721189677315e-08,0.03789990767836571,2.472799678798765e-06,161.51748657226562,4261.685546875,1.0,1.0,134.0,134.0,1.0,1.0,2048.0,1038.9375,468.0055847167969,859.0,231.0,2048.0,1038.9375,2187.0,1269.9375,0.046875,8.0,0.0,0.0,0.0,0.0,1.0,0.21875,0.0,0.4133986532688141,14.0,0.21875,0.25,1.0112009476870298e-05,1.2703007087111473e-05,15.540090560913086,0.06218680739402771,411.67059326171875,396.0672912597656,2.546687126159668,0.6435972452163696,0.0,13.0,8.0,64.0,0.23741737008094788,0.0,0.0,0.21683214604854584,0.240234375,9.999999974752427e-07,135.0,64.0,1.7320468425750732,-1.5612511283791264e-17,-0.7745950818061829,0.6123710870742798,-9.992007221626409e-16,6.928563117980957,-0.0032962430268526077,0.504660427570343,535720.9375,270203.4375,64.0,32.5,265.109619140625,262.7488708496094,848.0,172.0,546.0252075195312,545.5758056640625,5.7963547706604,3.019559144973755,552.07373046875,551.2943115234375,0.0,-0.0021740375086665154,0.019673923030495644,0.9989105463027954,0.9583825469017029,1.5329069569247622e-08,4.2211286910287527e-08,0.041615914553403854,1.462166324017744e-06,116.01410675048828,2787.734375,1.0,1.0,134.0,134.0,1.0,1.0,2048.0,1029.28125,508.15625,859.0,231.0,2048.0,1029.28125,2187.0,1260.28125,0.078125,8.0,0.0,0.0,0.0,0.0,1.0,0.109375,0.0,0.3121091425418854,7.0,0.109375,0.625,8.704002539161593e-06,2.3968001187313348e-05,23.575763702392578,0.05417884886264801,567.8102416992188,544.179443359375,3.0382120609283447,0.3349147140979767,0.0,12.0,8.0,64.0,0.1801554411649704,0.0,0.0,0.2250128537416458,0.2080078125,9.999999974752427e-07,135.0,64.0
136,1.2909917831420898,-1.734723475976807e-18,-0.9999979734420776,0.6123712062835693,-1.1102230246251565e-16,0.694087028503418,-0.0006426924373954535,0.514167845249176,385994.40625,275522.0,64.0,32.5,188.56590270996094,187.13436889648438,144.0,86.5,348.8435974121094,348.30865478515625,3.952584981918335,2.1580307483673096,352.47802734375,352.3878479003906,0.0,0.005017807707190514,0.002679397352039814,0.9997681379318237,0.9459061026573181,2.221391071088874e-08,3.308950979885594e-08,0.05408954992890358,4.304297817725455e-06,226.69664001464844,4191.13525390625,1.0,1.0,135.0,135.0,1.0,1.0,2048.0,1469.546875,605.0225219726562,151.0,116.0,2048.0,1469.546875,2199.0,1585.546875,0.4375,8.0,0.0,0.0,0.0,0.0,1.0,0.171875,0.0,0.37727177143096924,11.0,0.171875,0.625,9.216018952429295e-06,1.3728043995797634e-05,22.381784439086914,0.05867450684309006,414.87603759765625,392.43377685546875,2.583341121673584,0.3186098039150238,0.0,19.0,8.0,64.0,0.3484593331813812,0.0,0.0,0.25310230255126953,0.1416015625,9.999999974752427e-07,136.0,64.0,2.6457433700561523,-1.734723475976807e-18,-0.9999979734420776,0.6123709678649902,-1.1102230246251565e-16,1.9762778282165527,-0.002117491327226162,0.552619457244873,531943.1875,388803.46875,64.0,32.5,261.4117736816406,260.4063720703125,144.0,86.5,542.4476928710938,539.997314453125,4.050796031951904,2.166591167449951,545.2115478515625,544.1990966796875,0.0,0.006732914596796036,0.017825422808527946,0.9995174407958984,0.9348083734512329,1.5115331208903626e-08,2.286678579821455e-08,0.06519018113613129,1.3965800462756306e-06,165.59388732910156,2540.166015625,1.0,1.0,135.0,135.0,1.0,1.0,2048.0,1495.40625,623.6297607421875,151.0,116.0,2048.0,1495.40625,2199.0,1611.40625,0.5,8.0,0.0,0.0,0.0,0.0,1.0,0.125,0.0,0.33071890473365784,8.0,0.125,0.625,8.735998562769964e-06,1.3215998478699476e-05,37.62067794799805,0.05638836696743965,577.9561157226562,540.2781982421875,2.7399187088012695,0.341467022895813,0.0,19.0,8.0,64.0,0.33782637119293213,0.0,0.0,0.25261563062667847,0.1328125,9.999999974752427e-07,136.0,64.0
137,2.6457433700561523,0.0,-1.7320468425750732,0.6123708486557007,0.0,0.6772226691246033,-0.0004383379709906876,0.5135300159454346,348215.0625,269464.5,64.0,32.5,171.2510528564453,169.24038696289062,352.0,133.0,343.1662902832031,329.47308349609375,4.19904899597168,2.219259023666382,344.6741027832031,333.792236328125,0.0,0.0031248298473656178,0.002933388575911522,1.0000091791152954,0.9350101947784424,2.293783829543372e-08,3.878911059018719e-08,0.06498703360557556,2.699307515285909e-06,267.71893310546875,4119.57421875,1.0,1.0,136.0,136.0,1.0,1.0,2048.0,1587.328125,544.9625244140625,356.0,177.75,2048.0,1587.328125,2404.0,1765.078125,0.46875,8.0,0.0,0.0,0.0,0.0,1.0,0.140625,0.0,0.34763431549072266,9.0,0.140625,0.625,8.704024367034435e-06,1.4718971215188503e-05,24.59917640686035,0.060895197093486786,379.4613952636719,354.80029296875,2.584014415740967,0.3210744559764862,0.0,21.0,8.0,64.0,0.343720942735672,0.0,0.0,0.2804255187511444,0.12353515625,9.999999974752427e-07,137.0,64.0,2.6457433700561523,-6.938893903907228e-18,-0.5773489475250244,0.49999865889549255,-4.440892098500626e-16,1.6648504734039307,-0.002875011647120118,0.5720941424369812,536880.5,406811.875,64.0,32.5,263.1051025390625,262.17840576171875,352.0,133.0,540.0614624023438,509.03985595703125,4.475402355194092,2.442952871322632,543.1263427734375,513.6484375,0.0,0.01735709421336651,0.018394598737359047,0.9988454580307007,0.9285604953765869,1.4060516306813042e-08,1.9673825235599907e-08,0.07143811881542206,1.3791193396173185e-06,169.24563598632812,2369.122314453125,1.0,1.0,136.0,136.0,1.0,1.0,2048.0,1552.765625,554.3444213867188,356.0,177.75,2048.0,1552.765625,2404.0,1730.515625,0.453125,8.0,0.0,0.0,0.0,0.0,1.0,0.046875,0.0,0.21137107908725739,3.0,0.046875,0.75,8.256000000983477e-06,1.1552001524250954e-05,41.8900260925293,0.05673415586352348,587.1761474609375,545.2285766601562,2.7912707328796387,0.34014028310775757,0.0,21.0,8.0,64.0,0.3565790057182312,0.0,0.0,0.28850051760673523,0.10986328125,9.999999974752427e-07,137.0,64.0
138,2.6457433700561523,-1.734723475976807e-18,-0.7745950818061829,0.6123707890510559,-1.1102230246251565e-16,1.0616860389709473,-0.0007579971570521593,0.5117340087890625,373356.125,253644.546875,64.0,32.5,183.0272979736328,178.6974334716797,272.0,124.0,356.28857421875,326.6419982910156,4.2802958488464355,2.202667236328125,357.9042053222656,331.21307373046875,0.0,0.012376569211483002,0.0031157154589891434,0.9997116327285767,0.9435537457466125,2.036498969459899e-08,3.174054796772907e-08,0.05644363909959793,2.558409505581949e-06,223.40501403808594,3958.019287109375,1.0,1.0,137.0,137.0,1.0,1.0,2048.0,1404.171875,631.35498046875,279.0,165.125,2048.0,1404.171875,2254.0,1569.296875,0.34375,8.0,0.0,0.0,0.0,0.0,1.0,0.078125,0.0,0.2683681845664978,5.0,0.078125,0.625,8.192029781639576e-06,1.2767966836690903e-05,22.64311408996582,0.06193004176020622,402.26043701171875,379.5543518066406,2.4234516620635986,0.31560903787612915,0.0,19.0,8.0,64.0,0.3551410734653473,0.0,0.0,0.2494082748889923,0.140625,9.999999974752427e-07,138.0,64.0,1.2909917831420898,-1.734723475976807e-18,-0.7745950818061829,0.3535526692867279,-1.1102230246251565e-16,2.837367057800293,-0.0030557631980627775,0.5484005212783813,533296.1875,371248.90625,64.0,32.5,264.2735290527344,261.4119873046875,272.0,124.0,545.7487182617188,545.582763671875,4.249866962432861,2.2449190616607666,550.2953491210938,550.0255126953125,0.0,0.02184952422976494,0.01945243403315544,0.9989579319953918,0.9308878183364868,1.710631813978125e-08,2.4366874740167077e-08,0.0691106766462326,1.4353252026921837e-06,156.57986450195312,2265.639404296875,1.0,1.0,137.0,137.0,1.0,1.0,2048.0,1423.34375,642.5634765625,279.0,165.125,2048.0,1423.34375,2327.0,1588.46875,0.390625,8.0,0.0,0.0,0.0,0.0,1.0,0.046875,0.0,0.21137107908725739,3.0,0.046875,0.875,9.952000254997984e-06,1.4175999240251258e-05,40.14937210083008,0.05738205835223198,581.7733764648438,541.5657958984375,2.7072408199310303,0.3359065353870392,0.0,20.0,8.0,64.0,0.37989503145217896,0.0,0.0,0.2436964064836502,0.09130859375,9.999999974752427e-07,138.0,64.0
139,2.6457433700561523,-6.938893903907228e-18,-0.5773489475250244,0.6123707294464111,-4.440892098500626e-16,1.0749595165252686,-0.0008149881032295525,0.6069162487983704,385699.65625,279997.40625,64.0,32.5,189.89340209960938,187.92507934570312,240.0,119.5,336.7569885253906,322.38787841796875,5.091267108917236,2.735924243927002,338.48309326171875,327.2458801269531,0.0,0.0032608993351459503,0.0038377249147742987,0.9997661113739014,0.9477218389511108,2.4839030388079664e-08,3.350329436102584e-08,0.05227568373084068,2.432521796436049e-06,230.61544799804688,4411.5244140625,1.0,1.0,138.0,138.0,1.0,1.0,2048.0,1490.140625,453.3533630371094,241.0,155.625,2048.0,1490.140625,2289.0,1645.765625,0.21875,8.0,0.0,0.0,0.0,0.0,1.0,0.0625,0.0,0.24206146597862244,4.0,0.0625,0.625,1.0271964129060507e-05,1.3854994904249907e-05,21.556663513183594,0.0614883154630661,413.541259765625,391.92205810546875,2.5271990299224854,0.3191455602645874,0.0,18.0,8.0,64.0,0.2861260175704956,0.0,0.0,0.35472679138183594,0.1826171875,9.999999974752427e-07,139.0,64.0,1.7320468425750732,-8.673617379884035e-18,-0.7745950818061829,0.49999889731407166,-5.551115123125783e-16,2.3599953651428223,-0.0036645757500082254,0.6192874908447266,553267.375,402435.0625,64.0,32.5,271.8034973144531,266.351806640625,240.0,119.5,541.5953979492188,538.75439453125,4.94644021987915,2.62778639793396,544.0962524414062,543.5965576171875,0.0,-0.012769278138875961,0.02383672632277012,0.9986310601234436,0.9408990144729614,1.597469712066868e-08,2.0209597551001934e-08,0.059099599719047546,1.3740801705353078e-06,161.28814697265625,2729.09033203125,1.0,1.0,138.0,138.0,1.0,1.0,2048.0,1504.375,481.2724914550781,241.0,155.625,2048.0,1504.375,2289.0,1660.0,0.28125,8.0,0.0,0.0,0.0,0.0,1.0,0.078125,0.0,0.2683681845664978,5.0,0.078125,0.75,9.536001016385853e-06,1.206399974762462e-05,35.22360610961914,0.05555000901222229,596.944091796875,561.6640625,2.7243223190307617,0.3320229649543762,0.0,18.0,8.0,64.0,0.2799479067325592,0.0,0.0,0.33581334352493286,0.09326171875,9.999999974752427e-07,139.0,64.0
140,2.6457433700561523,0.0,-1.7320468425750732,0.7071049213409424,0.0,1.3592394590377808,-0.0004748684586957097,0.5990209579467773,390599.0625,246232.03125,64.0,32.5,192.80662536621094,189.83604431152344,208.0,112.0,350.4775390625,331.0948181152344,4.304134845733643,2.236114978790283,352.0653381347656,335.602783203125,0.0,0.011127810925245285,0.0031548412516713142,1.0000553131103516,0.9511098861694336,2.4214550364831666e-08,8.015353358814536e-08,0.048887625336647034,2.3605325623066165e-06,198.109130859375,4052.3369140625,1.0,1.0,139.0,139.0,1.0,1.0,2048.0,1292.65625,630.8904418945312,210.0,147.25,2048.0,1292.65625,2258.0,1439.90625,0.25,8.0,0.0,0.0,0.0,0.0,1.0,0.15625,0.0,0.36309218406677246,10.0,0.15625,0.5,1.0111951269209385e-05,3.347196616232395e-05,20.352069854736328,0.06331083178520203,417.59814453125,397.1817321777344,2.6264803409576416,0.31621837615966797,0.0,16.0,8.0,64.0,0.2974090576171875,0.0,0.0,0.34595945477485657,0.2158203125,9.999999974752427e-07,140.0,64.0,2.6457433700561523,0.0,-0.3779633343219757,0.35355231165885925,0.0,3.481973648071289,-0.003058201400563121,0.6592060923576355,535793.625,348397.59375,64.0,32.5,265.927001953125,263.1042785644531,208.0,112.0,556.7559814453125,540.8392944335938,4.692682266235352,2.62174129486084,559.7886962890625,545.6205444335938,0.0,0.0033324947580695152,0.02233460731804371,0.9990645051002502,0.9420170783996582,1.6615890885418594e-08,1.9994450539684294e-08,0.05798131600022316,1.5765589296279359e-06,147.1631317138672,2538.113037109375,1.0,1.0,139.0,139.0,1.0,1.0,2048.0,1328.515625,635.4307861328125,210.0,147.25,2048.0,1328.515625,2258.0,1475.765625,0.296875,8.0,0.0,0.0,0.0,0.0,1.0,0.015625,0.0,0.12401959300041199,1.0,0.015625,0.875,9.60000033956021e-06,1.1551997886272147e-05,33.442745208740234,0.05655297636985779,577.7601928710938,544.2599487304688,2.7739508152008057,0.336857408285141,0.0,17.0,8.0,64.0,0.32225844264030457,0.0,0.0,0.3589968979358673,0.0634765625,9.999999974752427e-07,140.0,64.0
141,2.6457433700561523,-1.734723475976807e-18,-0.7745950818061829,0.6123707890510559,-1.1102230246251565e-16,0.9361210465431213,-0.0007364084594883025,0.4979768395423889,381520.25,221198.359375,64.0,32.5,188.552734375,185.32675170898438,144.0,91.0,368.4354553222656,367.6977233886719,3.837641954421997,2.074882745742798,372.7002258300781,371.70367431640625,0.0,-0.002383932936936617,0.003678499022498727,0.9997492432594299,0.9583236575126648,2.2283947131995774e-08,3.184558394764281e-08,0.04167377948760986,2.522496060919366e-06,187.96664428710938,4510.42919921875,1.0,1.0,140.0,140.0,1.0,1.0,2048.0,1189.34375,639.1240844726562,152.0,121.125,2048.0,1189.34375,2200.0,1310.46875,0.265625,8.0,0.0,0.0,0.0,0.0,1.0,0.078125,0.0,0.2683681845664978,5.0,0.078125,0.625,9.023991879075766e-06,1.2896023690700531e-05,16.814212799072266,0.06178633123636246,404.954833984375,388.0777893066406,2.730257511138916,0.3157212436199188,0.0,14.0,8.0,64.0,0.2692696750164032,0.0,0.0,0.2406391203403473,0.11181640625,9.999999974752427e-07,141.0,64.0,1.7320468425750732,-8.673617379884035e-18,-0.7745950818061829,0.49999889731407166,-5.551115123125783e-16,3.932206153869629,-0.003065546276047826,0.5394816994667053,541799.625,304247.0625,64.0,32.5,265.8484191894531,263.9351806640625,144.0,91.0,561.6923828125,542.3259887695312,4.27156400680542,2.2615513801574707,564.5158081054688,546.7901611328125,0.0,0.0112744877114892,0.02093758061528206,0.9992152452468872,0.9520180225372314,1.3346615368448056e-08,1.9327679012803856e-08,0.04798053950071335,1.415395672665909e-06,127.6218490600586,2659.866943359375,1.0,1.0,140.0,140.0,1.0,1.0,2048.0,1152.234375,645.0565795898438,152.0,121.125,2048.0,1152.234375,2200.0,1273.359375,0.234375,8.0,0.0,0.0,0.0,0.0,1.0,0.078125,0.0,0.2683681845664978,5.0,0.078125,0.75,7.711998478043824e-06,1.1168001947226003e-05,27.668088912963867,0.056231189519166946,577.8242797851562,550.09912109375,2.7207448482513428,0.33681169152259827,0.0,14.0,8.0,64.0,0.28997802734375,0.0,0.0,0.22852112352848053,0.1259765625,9.999999974752427e-07,141.0,64.0
142,2.6457433700561523,-6.938893903907228e-18,-0.9999979734420776,0.7071049213409424,-4.440892098500626e-16,0.7273359298706055,-0.00042095049866475165,0.5120890140533447,393237.34375,292885.4375,64.0,32.5,204.95042419433594,194.12759399414062,160.0,95.5,391.5806884765625,390.9970703125,4.480262756347656,2.4139397144317627,396.4378967285156,395.60247802734375,0.0,0.0025283684954047203,0.003465759102255106,1.000062346458435,0.9461016058921814,1.762615120526334e-08,3.064181086642748e-08,0.05389604717493057,2.2803451429354027e-06,229.90115356445312,4265.64013671875,1.0,1.0,141.0,141.0,1.0,1.0,2048.0,1519.328125,540.5654296875,163.0,127.375,2048.0,1519.328125,2201.0,1646.703125,0.34375,8.0,0.0,0.0,0.0,0.0,1.0,0.125,0.0,0.33071890473365784,8.0,0.125,0.5,7.455004379153252e-06,1.2959993910044432e-05,22.73308753967285,0.06231832876801491,422.9513244628906,400.1549377441406,2.7064990997314453,0.32193484902381897,0.0,19.0,8.0,64.0,0.3233128488063812,0.0,0.0,0.25662583112716675,0.1728515625,9.999999974752427e-07,142.0,64.0,0.0,0.0,0.0,0.0,0.0,11.141016006469727,-0.0036876576486974955,0.5582780838012695,535292.25,358749.375,64.0,32.5,262.12774658203125,261.73675537109375,160.0,95.5,538.3345336914062,538.0787353515625,4.423851013183594,2.0393002033233643,542.4475708007812,542.4066772460938,0.0,0.0,0.02013988606631756,0.9982855319976807,0.9446170926094055,1.217570488876163e-08,2.0070444861630676e-08,0.055381473153829575,1.4139258155410062e-06,152.51942443847656,2753.97900390625,1.0,1.0,141.0,141.0,1.0,1.0,2048.0,1371.65625,503.5973205566406,163.0,127.375,2048.0,1371.65625,2182.0,1499.03125,0.25,8.0,0.0,0.0,0.0,0.0,0.0,0.0,0.0,0.0,0.0,0.0,1.0,7.008002285147086e-06,1.1551997886272147e-05,31.818796157836914,0.05726372450590134,575.5726318359375,543.6957397460938,2.865039587020874,0.3413717448711395,0.0,16.0,8.0,64.0,0.2685394287109375,0.0,0.0,0.26309099793434143,0.0,9.999999974752427e-07,142.0,64.0
143,2.6457433700561523,0.0,-1.2909917831420898,0.7071051597595215,0.0,1.140617847442627,-0.0006001578876748681,0.5030821561813354,365939.125,310579.0625,64.0,32.5,182.40390014648438,177.92091369628906,208.0,118.0,357.30169677734375,324.9034118652344,4.068745136260986,2.105430841445923,358.87884521484375,329.1070861816406,0.0,0.021299518644809723,0.002800318645313382,0.9998376369476318,0.9346985220909119,1.9257395678096145e-08,3.0330532752032013e-08,0.06529884785413742,2.5893152724165702e-06,280.2686767578125,4292.09228515625,1.0,1.0,142.0,142.0,1.0,1.0,2048.0,1746.453125,400.351806640625,209.0,154.5,2048.0,1746.453125,2257.0,1900.953125,0.453125,8.0,0.0,0.0,0.0,0.0,1.0,0.203125,0.0,0.4023247957229614,13.0,0.203125,0.5,7.679976988583803e-06,1.2096017599105835e-05,25.983293533325195,0.058317963033914566,398.8066101074219,372.7639465332031,2.7725396156311035,0.31818437576293945,0.0,22.0,8.0,64.0,0.3253007233142853,0.0,0.0,0.2541182339191437,0.1640625,9.999999974752427e-07,143.0,64.0,2.6457433700561523,-1.734723475976807e-18,-0.7745950818061829,0.49999871850013733,-1.1102230246251565e-16,4.927911758422852,-0.002077109180390835,0.5609052777290344,542431.9375,463294.21875,64.0,32.5,264.9887390136719,264.8518371582031,208.0,118.0,549.6591186523438,540.3763427734375,4.834409236907959,2.561457872390747,552.5810546875,545.1480102539062,0.0,0.007056656293570995,0.017391305416822433,0.9995834231376648,0.9061746001243591,1.2845567276542624e-08,2.0268627665132044e-08,0.09382390975952148,1.4702272892463952e-06,184.27670288085938,1964.0697021484375,1.0,1.0,142.0,142.0,1.0,1.0,2048.0,1750.15625,448.7776794433594,209.0,154.5,2048.0,1750.15625,2257.0,1904.65625,0.546875,8.0,0.0,0.0,0.0,0.0,1.0,0.0625,0.0,0.24206146597862244,4.0,0.0625,0.75,7.80799746280536e-06,1.2320000678300858e-05,56.9702262878418,0.05931932479143143,607.8359375,550.8054809570312,2.7315170764923096,0.3364101052284241,0.0,24.0,8.0,64.0,0.3803202211856842,0.0,0.0,0.261036217212677,0.11572265625,9.999999974752427e-07,143.0,64.0
144,2.6457433700561523,-8.673617379884035e-18,-1.2909917831420898,0.8660233020782471,-5.551115123125783e-16,0.7012729644775391,-0.0005328507395461202,0.5174177885055542,384915.5625,241305.203125,64.0,32.5,204.6846923828125,193.33924865722656,176.0,107.5,414.69097900390625,413.6913757324219,4.0949530601501465,2.0996501445770264,419.2438049316406,417.9991149902344,0.0,0.013517817482352257,0.003611754858866334,0.999934732913971,0.9536358714103699,2.0383099652576675e-08,3.532031911390732e-08,0.046361714601516724,2.371118398514227e-06,197.22792053222656,4254.11181640625,1.0,1.0,143.0,143.0,1.0,1.0,2048.0,1267.5625,650.9266967773438,180.0,141.375,2048.0,1267.5625,2228.0,1408.9375,0.328125,8.0,0.0,0.0,0.0,0.0,1.0,0.234375,0.0,0.42360755801200867,15.0,0.234375,0.25,8.383998647332191e-06,1.4527991879731417e-05,19.00775146484375,0.06180012226104736,411.3210754394531,392.2505187988281,3.0502817630767822,0.32363444566726685,0.0,16.0,8.0,64.0,0.312530517578125,0.0,0.0,0.24560794234275818,0.19921875,9.999999974752427e-07,144.0,64.0,2.6457433700561523,0.0,-0.9999979734420776,0.79056715965271,0.0,3.6834285259246826,-0.002296565333381295,0.5556747913360596,549968.75,339727.09375,64.0,32.5,268.7150573730469,263.43292236328125,176.0,107.5,546.2857055664062,544.7984008789062,4.929544925689697,2.6433324813842773,550.0657348632812,549.6536254882812,0.0,0.0018610376864671707,0.019188102334737778,0.9996328949928284,0.9462748765945435,1.078843858692835e-08,1.848502328982704e-08,0.053723737597465515,1.3731046237808187e-06,138.97227478027344,2586.79443359375,1.0,1.0,143.0,143.0,1.0,1.0,2048.0,1281.71875,648.0684814453125,180.0,141.375,2048.0,1281.71875,2228.0,1423.09375,0.28125,8.0,0.0,0.0,0.0,0.0,1.0,0.125,0.0,0.33071890473365784,8.0,0.125,0.375,6.3680017774458975e-06,1.0911000572377816e-05,31.654199600219727,0.05686081573367119,590.2616577148438,558.5497436523438,3.025636672973633,0.34386083483695984,0.0,16.0,8.0,64.0,0.3056182861328125,0.0,0.0,0.24020886421203613,0.162109375,9.999999974752427e-07,144.0,64.0
145,2.6457433700561523,1.734723475976807e-18,-1.2909917831420898,0.49999871850013733,1.1102230246251565e-16,0.9040762782096863,-0.0008129505440592766,0.5001317262649536,386030.125,269265.53125,64.0,32.5,192.38827514648438,189.62411499023438,192.0,127.0,363.1765441894531,344.2018127441406,4.858788013458252,2.6429977416992188,364.6788635253906,348.9971923828125,0.0,-0.0015010163187980652,0.0031062718480825424,0.9996691942214966,0.9484919905662537,2.257033848707124e-08,3.548264260189171e-08,0.05150548741221428,2.465687657604576e-06,220.08990478515625,4273.134765625,1.0,1.0,144.0,144.0,1.0,1.0,2048.0,1423.53125,554.8001098632812,196.0,169.375,2048.0,1423.53125,2244.0,1592.90625,0.375,8.0,0.0,0.0,0.0,0.0,1.0,0.21875,0.0,0.4133986532688141,14.0,0.21875,0.75,9.342969860881567e-06,1.4688004739582539e-05,21.258867263793945,0.06178069859743118,413.94903564453125,392.6273498535156,2.6943037509918213,0.31530559062957764,0.0,18.0,8.0,64.0,0.3090684711933136,0.0,0.0,0.26010745763778687,0.13671875,9.999999974752427e-07,145.0,64.0,2.6457433700561523,0.0,-1.2909917831420898,0.6123709678649902,0.0,3.09237003326416,-0.0034522004425525665,0.5241867303848267,538834.1875,364517.78125,64.0,32.5,269.07965087890625,265.3736572265625,192.0,127.0,540.645263671875,540.4577026367188,4.272907257080078,2.296011447906494,545.1905517578125,544.8496704101562,0.0,0.01471688598394394,0.019773148000240326,0.998726487159729,0.9418095946311951,1.5150078525039135e-08,2.2091564133575048e-08,0.05818887799978256,1.4727406778547447e-06,151.93289184570312,2611.02978515625,1.0,1.0,144.0,144.0,1.0,1.0,2048.0,1378.921875,564.7967529296875,196.0,169.375,2048.0,1378.921875,2244.0,1548.296875,0.34375,8.0,0.0,0.0,0.0,0.0,1.0,0.140625,0.0,0.34763431549072266,9.0,0.140625,0.625,8.800001523923129e-06,1.2831998901674524e-05,33.74195861816406,0.05734874680638313,580.8551635742188,547.054931640625,2.674339532852173,0.3436020314693451,0.0,17.0,8.0,64.0,0.28892606496810913,0.0,0.0,0.24600999057292938,0.1435546875,9.999999974752427e-07,145.0,64.0
146,2.6457433700561523,0.0,-0.9999979734420776,0.4999987483024597,0.0,0.7029169797897339,-0.0005647149519063532,0.5989329218864441,389349.8125,280335.65625,64.0,32.5,190.32308959960938,185.97927856445312,208.0,112.0,362.29888916015625,324.8836669921875,4.228360176086426,2.315037965774536,363.79742431640625,329.28155517578125,0.0,0.0018777977675199509,0.003529004054144025,0.9999894499778748,0.9400146007537842,1.3295344380992447e-08,3.0769296444077554e-08,0.05998307093977928,2.3108038931241026e-06,226.04759216308594,3768.5234375,1.0,1.0,145.0,145.0,1.0,1.0,2048.0,1487.671875,638.8038940429688,210.0,148.75,2048.0,1487.671875,2258.0,1636.421875,0.453125,8.0,0.0,0.0,0.0,0.0,1.0,0.078125,0.0,0.2683681845664978,5.0,0.078125,0.75,5.599984433501959e-06,1.2959993910044432e-05,25.20322036743164,0.06158348545432091,421.19891357421875,395.93310546875,2.753406286239624,0.31478607654571533,0.0,21.0,8.0,64.0,0.3915841281414032,0.0,0.0,0.3512061536312103,0.10498046875,9.999999974752427e-07,146.0,64.0,0.9999979734420776,0.0,-0.9999979734420776,0.3535526692867279,0.0,2.7586252689361572,-0.0028693275526165962,0.6523168683052063,548346.6875,404666.46875,64.0,32.5,268.56524658203125,266.80230712890625,208.0,112.0,569.7970581054688,569.2164916992188,4.82407283782959,2.6060469150543213,574.8674926757812,574.0504760742188,0.0,-0.0030832334887236357,0.024318333715200424,0.9994531869888306,0.9307907223701477,1.588320586165537e-08,1.866409782280698e-08,0.06920783221721649,1.4105468153502443e-06,162.115966796875,2342.451171875,1.0,1.0,145.0,145.0,1.0,1.0,2048.0,1515.703125,635.3580932617188,210.0,148.75,2048.0,1515.703125,2258.0,1664.453125,0.515625,8.0,0.0,0.0,0.0,0.0,1.0,0.0625,0.0,0.24206146597862244,4.0,0.0625,0.875,9.504001354798675e-06,1.1167998309247196e-05,41.35738754272461,0.05436262488365173,598.3679809570312,556.955322265625,2.7756216526031494,0.3415883183479309,0.0,21.0,8.0,64.0,0.3811558187007904,0.0,0.0,0.3798787593841553,0.1025390625,9.999999974752427e-07,146.0,64.0
147,2.6457433700561523,0.0,-2.6457433700561523,0.6123707890510559,0.0,4.304973602294922,-0.0006512243999168277,0.5984975099563599,391500.875,263533.25,64.0,32.5,192.11508178710938,189.61061096191406,192.0,118.0,366.47119140625,334.4943542480469,4.066280841827393,2.000870943069458,367.8727111816406,338.790771484375,0.0,-0.01492756512016058,0.003456846112385392,0.9999422430992126,0.9510399103164673,1.926025383625074e-08,3.1871216776835354e-08,0.04895767569541931,2.380166051807464e-06,211.4240264892578,4318.50634765625,1.0,1.0,146.0,146.0,1.0,1.0,2048.0,1383.125,578.4185180664062,205.0,154.375,2048.0,1383.125,2243.0,1537.5,0.28125,8.0,0.0,0.0,0.0,0.0,1.0,0.3125,0.0,0.4635123908519745,20.0,0.3125,0.625,8.063972927629948e-06,1.3343989849090576e-05,20.439565658569336,0.05826154723763466,418.6846618652344,398.1858215332031,2.7660529613494873,0.3201008439064026,0.0,17.0,8.0,64.0,0.2938878536224365,0.0,0.0,0.3367861211299896,0.1396484375,9.999999974752427e-07,147.0,64.0,1.2909917831420898,-1.734723475976807e-18,-0.9999979734420776,0.6123712062835693,-1.1102230246251565e-16,2.0971755981445312,-0.0028884264174848795,0.6459757685661316,537624.3125,365914.21875,64.0,32.5,266.4376220703125,263.5481262207031,192.0,118.0,555.2036743164062,545.0520629882812,4.739177227020264,2.5563676357269287,558.4187622070312,549.7810668945312,0.0,-0.0013743601739406586,0.0250244177877903,0.9995262026786804,0.9381421208381653,1.4847090668013152e-08,2.287552014479388e-08,0.06185631826519966,1.5094439049789798e-06,153.06422424316406,2474.512451171875,1.0,1.0,146.0,146.0,1.0,1.0,2048.0,1391.765625,602.6810913085938,205.0,154.375,2048.0,1391.765625,2243.0,1546.140625,0.296875,8.0,0.0,0.0,0.0,0.0,1.0,0.171875,0.0,0.37727177143096924,11.0,0.171875,0.625,8.639999578008428e-06,1.3312001101439819e-05,35.940364837646484,0.05581669136881828,581.9321899414062,545.9351196289062,2.827432632446289,0.33983156085014343,0.0,18.0,8.0,64.0,0.3293660581111908,0.0,0.0,0.35705965757369995,0.1240234375,9.999999974752427e-07,147.0,64.0
148,1.7320468425750732,-6.938893903907228e-18,-0.5773489475250244,0.35355257987976074,-4.440892098500626e-16,1.0574045181274414,-0.0009533859556540847,0.5507321953773499,394430.5625,280614.40625,64.0,32.5,192.69224548339844,190.8616485595703,240.0,127.0,333.2318420410156,321.8755187988281,4.246471881866455,2.1981465816497803,334.920166015625,326.2362365722656,0.0,0.02121347188949585,0.003442542627453804,0.999573290348053,0.9463028907775879,1.8177253480189393e-08,3.236117507299241e-08,0.0536947138607502,2.3618310933670728e-06,221.1773681640625,4119.16455078125,1.0,1.0,147.0,147.0,1.0,1.0,2048.0,1466.03125,584.048095703125,255.0,166.875,2048.0,1466.03125,2303.0,1632.90625,0.421875,8.0,0.0,0.0,0.0,0.0,1.0,0.03125,0.0,0.17399263381958008,2.0,0.03125,0.875,7.711001671850681e-06,1.372798578813672e-05,22.716827392578125,0.06109129264950752,424.2115783691406,401.4326477050781,2.722615957260132,0.321917861700058,0.0,19.0,8.0,64.0,0.32898592948913574,0.0,0.0,0.3142220675945282,0.06591796875,9.999999974752427e-07,148.0,64.0,2.6457433700561523,0.0,-0.3779633343219757,0.4999984800815582,0.0,2.6475658416748047,-0.0036210736725479364,0.596585214138031,527514.875,362058.875,64.0,32.5,257.7014465332031,254.48370361328125,240.0,127.0,9198.5390625,9182.65234375,37.66231155395508,18.51032829284668,9236.4189453125,9221.134765625,0.0,0.014674978330731392,0.022607970982789993,0.9985458254814148,0.9145068526268005,1.975348773441965e-08,2.6518199192082648e-08,0.08549118041992188,1.9304643501527607e-06,154.324951171875,1805.1563720703125,1.0,1.0,147.0,147.0,1.0,1.0,2048.0,1425.796875,578.399169921875,255.0,166.875,2048.0,1425.796875,2303.0,1592.671875,0.34375,8.0,0.0,0.0,0.0,0.0,1.0,0.03125,0.0,0.17399263381958008,2.0,0.03125,0.75,1.1680065654218197e-05,1.567997969686985e-05,48.60271453857422,1.9474749565124512,591.291259765625,540.7399291992188,0.0,0.0,0.0,19.0,8.0,64.0,0.3455296456813812,0.0,0.0,0.32366684079170227,0.0771484375,9.999999974752427e-07,148.0,64.0
149,1.2909917831420898,5.204170427930421e-18,-1.7320468425750732,0.49999889731407166,3.3306690738754696e-16,0.6472246646881104,-0.0005938962567597628,0.5544570684432983,401484.09375,328346.1875,64.0,32.5,196.13291931152344,195.5587615966797,192.0,110.5,360.1325378417969,341.6241455078125,4.10781717300415,2.0215840339660645,361.77325439453125,345.9326477050781,0.0,0.004696378484368324,0.0025971848517656326,0.9998584389686584,0.9341340661048889,1.647183545117059e-08,3.697526196333456e-08,0.0658634603023529,2.449944531690562e-06,245.79368591308594,3731.8671875,1.0,1.0,148.0,148.0,1.0,1.0,2048.0,1678.5,575.2320556640625,197.0,146.875,2048.0,1678.5,2245.0,1825.375,0.625,8.0,0.0,0.0,0.0,0.0,1.0,0.140625,0.0,0.34763431549072266,9.0,0.140625,0.75,7.199007086455822e-06,1.6160018276423216e-05,28.7247257232666,0.060863200575113297,437.0494689941406,408.2627868652344,2.764716148376465,0.31642675399780273,0.0,24.0,8.0,64.0,0.4061279296875,0.0,0.0,0.291445791721344,0.09326171875,9.999999974752427e-07,149.0,64.0,0.9999979734420776,0.0,-0.9999979734420776,0.3535526692867279,0.0,1.790266513824463,-0.002891804790124297,0.6031167507171631,522108.90625,421360.21875,64.0,32.5,259.93499755859375,255.87368774414062,192.0,110.5,522.7238159179688,521.656005859375,4.176268100738525,2.125676393508911,526.1077880859375,525.9507446289062,0.0,0.010032416321337223,0.018300939351320267,0.9989203810691833,0.9235199093818665,1.85559354548559e-08,2.8054804701582725e-08,0.07647816836833954,1.8574619389255531e-06,182.2854461669922,2383.496337890625,1.0,1.0,148.0,148.0,1.0,1.0,2048.0,1650.359375,559.0482788085938,197.0,146.875,2048.0,1650.359375,2245.0,1797.234375,0.5,8.0,0.0,0.0,0.0,0.0,1.0,0.0625,0.0,0.24206146597862244,4.0,0.0625,0.875,1.0752002708613873e-05,1.6256002709269524e-05,44.25687026977539,0.057441625744104385,579.4373779296875,535.1219482421875,4.769482135772705,2.8115384578704834,0.0,22.0,8.0,64.0,0.3621326684951782,0.0,0.0,0.28945672512054443,0.062255859375,9.999999974752427e-07,149.0,64.0
150,2.6457433700561523,1.734723475976807e-18,-1.2909917831420898,0.7071048021316528,1.1102230246251565e-16,0.6759896278381348,-0.0005504059372469783,0.49564018845558167,376846.53125,282849.53125,64.0,32.5,184.14878845214844,181.94500732421875,192.0,113.5,365.6147155761719,331.3766784667969,4.346887111663818,2.3074593544006348,367.14984130859375,335.7543029785156,0.0,0.01415346097201109,0.003242176491767168,0.9998921155929565,0.9412875175476074,2.3160765749707934e-08,3.6036585271403965e-08,0.0587097629904747,2.6382731448393315e-06,243.6688690185547,4150.3974609375,1.0,1.0,149.0,149.0,1.0,1.0,2048.0,1551.8125,488.24591064453125,198.0,153.0,2048.0,1551.8125,2246.0,1704.8125,0.34375,8.0,0.0,0.0,0.0,0.0,1.0,0.125,0.0,0.33071890473365784,8.0,0.125,0.5,9.440002031624317e-06,1.4688004739582539e-05,23.867610931396484,0.06166166067123413,407.5859375,383.6555480957031,2.7488956451416016,0.3209832012653351,0.0,20.0,8.0,64.0,0.3344482481479645,0.0,0.0,0.22949765622615814,0.146484375,9.999999974752427e-07,150.0,64.0,1.2909917831420898,-1.734723475976807e-18,-0.7745950818061829,0.3535526692867279,-1.1102230246251565e-16,3.1629831790924072,-0.0025849570520222187,0.5366259813308716,520638.9375,379628.3125,64.0,32.5,257.0931396484375,255.0050811767578,192.0,113.5,540.9659423828125,540.4677734375,4.204074859619141,2.2473256587982178,545.176025390625,544.8416748046875,0.0,0.0027770809829235077,0.01895749382674694,0.9992948174476624,0.9361718893051147,1.4217784283232504e-08,2.3677554139567292e-08,0.06382626295089722,1.8128533838535077e-06,168.91494750976562,2646.480224609375,1.0,1.0,149.0,149.0,1.0,1.0,2048.0,1491.0,511.2830505371094,198.0,153.0,2048.0,1491.0,2246.0,1644.0,0.265625,8.0,0.0,0.0,0.0,0.0,1.0,0.046875,0.0,0.21137107908725739,3.0,0.046875,0.875,8.03195871412754e-06,1.3376004062592983e-05,36.00053787231445,0.056408096104860306,564.9234008789062,528.8654174804688,2.6870033740997314,0.3203136622905731,0.0,18.0,8.0,64.0,0.2868923544883728,0.0,0.0,0.22615471482276917,0.060791015625,9.999999974752427e-07,150.0,64.0
151,1.7320468425750732,-5.204170427930421e-18,-1.2909917831420898,0.49999889731407166,-3.3306690738754696e-16,0.6486377716064453,-0.0006124214269220829,0.47266101837158203,391927.6875,272684.71875,64.0,32.5,194.5193634033203,191.2978515625,208.0,103.0,350.8920593261719,332.0228271484375,4.101929187774658,2.1355512142181396,352.54669189453125,336.3394470214844,0.0,0.014345639385282993,0.0024739198852330446,0.9997588396072388,0.9490618705749512,2.216673244959111e-08,3.5954307975316624e-08,0.05093571916222572,2.377464170422172e-06,217.4609832763672,4269.322265625,1.0,1.0,150.0,150.0,1.0,1.0,2048.0,1427.390625,637.0005493164062,215.0,135.125,2048.0,1427.390625,2263.0,1562.515625,0.421875,8.0,0.0,0.0,0.0,0.0,1.0,0.109375,0.0,0.3121091425418854,7.0,0.109375,0.75,9.312003385275602e-06,1.510401489213109e-05,21.336490631103516,0.061052579432725906,420.0891418457031,398.6905822753906,2.7382876873016357,0.31988435983657837,0.0,18.0,8.0,64.0,0.3222588300704956,0.0,0.0,0.22999311983585358,0.09228515625,9.999999974752427e-07,151.0,64.0,2.6457433700561523,0.0,-0.3779633343219757,0.6123706102371216,0.0,8.89732551574707,-0.0020393787417560816,0.5072016716003418,510117.46875,349457.46875,64.0,32.5,251.21188354492188,249.41416931152344,208.0,103.0,530.64599609375,525.5512084960938,4.260234832763672,2.2790863513946533,532.0658569335938,529.9191284179688,0.0,0.008149692788720131,0.016274742782115936,0.9997102618217468,0.9188185930252075,1.427199958214942e-08,2.4579636104249403e-08,0.08117962628602982,1.7456568457419053e-06,158.88095092773438,1957.1529541015625,1.0,1.0,150.0,150.0,1.0,1.0,2048.0,1402.671875,679.4329223632812,215.0,135.125,2048.0,1402.671875,2263.0,1537.796875,0.421875,8.0,0.0,0.0,0.0,0.0,1.0,0.046875,0.0,0.21137107908725739,3.0,0.046875,0.625,8.063972927629948e-06,1.3887998647987843e-05,45.80814743041992,0.06001002714037895,565.0205078125,519.1513671875,2.910010576248169,0.848438560962677,0.0,19.0,8.0,64.0,0.3680934011936188,0.0,0.0,0.2356971949338913,0.1298828125,9.999999974752427e-07,151.0,64.0
152,1.2909917831420898,-1.734723475976807e-18,-0.9999979734420776,0.4999989867210388,-1.1102230246251565e-16,1.153465986251831,-0.0007992751197889447,0.5853369235992432,395772.8125,257513.546875,64.0,32.5,193.623291015625,190.17127990722656,224.0,112.0,359.1414489746094,338.6106262207031,4.019049167633057,2.0247786045074463,360.5890197753906,342.8127746582031,0.0,0.07133615761995316,0.004115704447031021,0.999815821647644,0.9541195631027222,1.6002736913378612e-08,1.3439213830679364e-07,0.04587794467806816,2.34812773669546e-06,203.85385131835938,4443.39501953125,1.0,1.0,151.0,151.0,1.0,1.0,2048.0,1343.9375,623.3624267578125,234.0,147.125,2048.0,1343.9375,2282.0,1491.0625,0.328125,8.0,0.0,0.0,0.0,0.0,1.0,0.234375,0.0,0.42360755801200867,15.0,0.234375,0.75,6.752030458301306e-06,5.670404061675072e-05,19.29496955871582,0.06229916214942932,421.92974853515625,402.5714111328125,2.8619565963745117,0.31819266080856323,0.0,16.0,8.0,64.0,0.272430419921875,0.0,0.0,0.36417385935783386,0.1416015625,9.999999974752427e-07,152.0,64.0,2.6457433700561523,3.469446951953614e-18,-1.2909917831420898,0.6123709678649902,2.220446049250313e-16,2.793975830078125,-0.0037354559171944857,0.6228591203689575,518049.78125,326137.375,64.0,32.5,255.14328002929688,253.67465209960938,224.0,112.0,533.1712036132812,532.9107055664062,4.438474178314209,2.391242027282715,537.6505737304688,537.4281005859375,0.0,0.045326974242925644,0.025811459869146347,0.9988047480583191,0.9450002312660217,1.0054924892699546e-08,2.4246450180953616e-08,0.054997995495796204,1.7628643718126114e-06,148.02891540527344,2691.532958984375,1.0,1.0,151.0,151.0,1.0,1.0,2048.0,1288.1875,612.7095336914062,234.0,147.125,2048.0,1288.1875,2282.0,1435.3125,0.28125,8.0,0.0,0.0,0.0,0.0,1.0,0.171875,0.0,0.37727177143096924,11.0,0.171875,0.625,5.600042641162872e-06,1.3503944501280785e-05,30.572856903076172,0.058015286922454834,556.9452514648438,526.3133544921875,2.680053949356079,0.33172038197517395,0.0,15.0,8.0,64.0,0.25296223163604736,0.0,0.0,0.36036747694015503,0.173828125,9.999999974752427e-07,152.0,64.0
153,1.7320468425750732,-1.3877787807814457e-17,-0.5773489475250244,0.4999988377094269,-8.881784197001252e-16,0.7767835855484009,-0.0005821241647936404,0.5501394867897034,381899.75,294723.6875,64.0,32.5,194.7951202392578,187.12359619140625,160.0,106.0,346.0331726074219,334.28106689453125,3.980746030807495,2.142443895339966,347.5153503417969,338.3963928222656,0.0,0.0021337680518627167,0.0029970919713377953,0.99989914894104,0.9414503574371338,2.038326130104906e-08,3.7666303853711725e-08,0.05854717642068863,2.4241198843810707e-06,244.85549926757812,4182.19140625,1.0,1.0,152.0,152.0,1.0,1.0,2048.0,1579.65625,451.68817138671875,162.0,140.5,2048.0,1579.65625,2210.0,1720.15625,0.34375,8.0,0.0,0.0,0.0,0.0,1.0,0.1875,0.0,0.3903123736381531,12.0,0.1875,0.75,8.416012860834599e-06,1.5551981050521135e-05,24.111106872558594,0.06234549731016159,412.888427734375,388.7139587402344,2.8671655654907227,0.32216116786003113,0.0,20.0,8.0,64.0,0.3284545838832855,0.0,0.0,0.29090258479118347,0.1259765625,9.999999974752427e-07,153.0,64.0,2.6457433700561523,0.0,-0.9999979734420776,0.4999987483024597,0.0,2.63631534576416,-0.0023172826040536165,0.5643793940544128,558229.875,420117.59375,64.0,32.5,276.3116455078125,270.3161926269531,160.0,106.0,535.0945434570312,534.8765869140625,4.239049911499023,2.3033976554870605,539.4732666015625,539.295654296875,0.0,0.003490234725177288,0.01917383447289467,0.9995004534721375,0.939447820186615,1.1833028779051347e-08,1.8360045928034197e-08,0.06055057793855667,1.5754495734654483e-06,164.66624450683594,2719.482421875,1.0,1.0,152.0,152.0,1.0,1.0,2048.0,1551.59375,458.2379455566406,162.0,140.5,2048.0,1551.59375,2210.0,1692.09375,0.328125,8.0,0.0,0.0,0.0,0.0,1.0,0.078125,0.0,0.2683681845664978,5.0,0.078125,0.75,7.135909982025623e-06,1.1072028428316116e-05,36.45855712890625,0.056477244943380356,603.0501708984375,566.5341796875,2.725785493850708,0.333797425031662,0.0,18.0,8.0,64.0,0.2660183310508728,0.0,0.0,0.2578277289867401,0.08935546875,9.999999974752427e-07,153.0,64.0
154,2.6457433700561523,-6.938893903907228e-18,-2.6457433700561523,0.7905674576759338,-4.440892098500626e-16,0.6244074106216431,-0.0005404464318417013,0.43306228518486023,372576.25,242645.546875,64.0,32.5,187.2024688720703,182.1278076171875,160.0,100.0,344.79351806640625,328.4381103515625,4.685092926025391,2.31437611579895,346.41265869140625,333.0614929199219,0.0,0.007338019087910652,0.002515355357900262,0.9998120665550232,0.9490512609481812,2.2737600247069167e-08,3.610788468222381e-08,0.050945986062288284,2.7111148028780008e-06,213.85255432128906,4197.6328125,1.0,1.0,153.0,153.0,1.0,1.0,2048.0,1335.546875,534.6184692382812,172.0,130.625,2048.0,1335.546875,2193.0,1466.171875,0.28125,8.0,0.0,0.0,0.0,0.0,1.0,0.28125,0.0,0.4496092200279236,18.0,0.28125,0.375,9.08802030608058e-06,1.4432007446885109e-05,20.30089569091797,0.06177087873220444,399.6912841796875,379.3275146484375,2.8511106967926025,0.3195941746234894,0.0,17.0,8.0,64.0,0.32666733860969543,0.0,0.0,0.177460715174675,0.1357421875,9.999999974752427e-07,154.0,64.0,2.6457433700561523,0.0,-0.9999979734420776,0.4999987483024597,0.0,1.4028019905090332,-0.001539641059935093,0.49518314003944397,524591.5,355042.28125,64.0,32.5,257.8028259277344,257.0613708496094,160.0,100.0,537.4705200195312,522.3500366210938,4.367082118988037,2.2618203163146973,538.8827514648438,526.8951416015625,0.0,0.002598090097308159,0.01572117581963539,0.9998639822006226,0.9393385648727417,1.4101588341475235e-08,2.3972843266051314e-08,0.06065960228443146,1.7881430949273636e-06,156.07569885253906,2572.97607421875,1.0,1.0,153.0,153.0,1.0,1.0,2048.0,1383.484375,552.371826171875,172.0,130.625,2048.0,1383.484375,2200.0,1514.109375,0.28125,8.0,0.0,0.0,0.0,0.0,1.0,0.078125,0.0,0.2683681845664978,5.0,0.078125,0.75,7.999944500625134e-06,1.3599987141788006e-05,34.35562515258789,0.05705375224351883,567.3080444335938,532.8943481445312,2.635378837585449,0.3254910409450531,0.0,17.0,8.0,64.0,0.30463722348213196,0.0,0.0,0.18744879961013794,0.07666015625,9.999999974752427e-07,154.0,64.0
155,1.7320468425750732,-2.0816681711721685e-17,-1.2909917831420898,0.7905676960945129,-1.3322676295501878e-15,1.016770601272583,-0.0004992772010155022,0.469914048910141,399861.0625,317062.875,64.0,32.5,195.9935760498047,194.42591857910156,144.0,88.0,369.6795654296875,347.9711608886719,3.7794339656829834,2.015610456466675,371.25946044921875,351.90325927734375,0.0,-0.0028798505663871765,0.0028867917135357857,0.9999340176582336,0.9445561766624451,2.1021367757612097e-08,3.067778564513901e-08,0.055441368371248245,2.3846098429203266e-06,242.03341674804688,4365.57421875,1.0,1.0,154.0,154.0,1.0,1.0,2048.0,1629.1875,448.97283935546875,157.0,117.375,2048.0,1629.1875,2205.0,1746.5625,0.390625,8.0,0.0,0.0,0.0,0.0,1.0,0.34375,0.0,0.4749588668346405,22.0,0.34375,0.375,9.056006092578173e-06,1.3215991202741861e-05,23.82294464111328,0.06119830533862114,430.8000183105469,406.9148254394531,2.8157291412353516,0.32767820358276367,0.0,20.0,8.0,64.0,0.3181396424770355,0.0,0.0,0.22584213316440582,0.1826171875,9.999999974752427e-07,155.0,64.0,2.6457433700561523,8.673617379884035e-18,-1.7320468425750732,0.7071049213409424,5.551115123125783e-16,1.498716115951538,-0.0019407004583626986,0.5237791538238525,545909.3125,418086.84375,64.0,32.5,281.8727111816406,271.9822692871094,144.0,88.0,525.7958374023438,519.5946044921875,4.139082908630371,2.1563167572021484,527.2295532226562,523.8922119140625,0.0,-0.00776896346360445,0.017038563266396523,0.9996681213378906,0.9379087686538696,1.6393626012245477e-08,2.3860000197828413e-08,0.0620894730091095,1.719535248412285e-06,167.3042755126953,2694.5673828125,1.0,1.0,154.0,154.0,1.0,1.0,2048.0,1546.125,438.9577941894531,157.0,117.375,2048.0,1546.125,2205.0,1663.5,0.328125,8.0,0.0,0.0,0.0,0.0,1.0,0.203125,0.0,0.4023247957229614,13.0,0.203125,0.5,9.695999324321747e-06,1.4111981727182865e-05,36.66843795776367,0.05433863028883934,591.4493408203125,554.7255249023438,3.0521984100341797,0.3276987671852112,0.0,18.0,8.0,64.0,0.2784288227558136,0.0,0.0,0.2264925092458725,0.1533203125,9.999999974752427e-07,155.0,64.0
156,2.6457433700561523,-1.5612511283791264e-17,-2.6457433700561523,0.7905673980712891,-9.992007221626409e-16,0.668695330619812,-0.0006439856952056289,0.5116857290267944,405635.84375,333386.1875,64.0,32.5,200.87904357910156,198.98182678222656,208.0,122.5,348.66998291015625,333.3605651855469,4.055400848388672,2.0355143547058105,350.1246032714844,337.63079833984375,0.0,0.00024391431361436844,0.0026723528280854225,0.9997574687004089,0.9397962689399719,2.340663840527668e-08,3.5000532250251126e-08,0.06020118668675423,2.4770761228865013e-06,244.72097778320312,4065.052490234375,1.0,1.0,155.0,155.0,1.0,1.0,2048.0,1678.0625,403.3047180175781,213.0,163.0,2048.0,1678.0625,2261.0,1841.0625,0.40625,8.0,0.0,0.0,0.0,0.0,1.0,0.234375,0.0,0.42360755801200867,15.0,0.234375,0.375,1.027202233672142e-05,1.536001218482852e-05,26.357830047607422,0.06150883436203003,438.8507995605469,412.43035888671875,2.8408164978027344,0.3191201090812683,0.0,22.0,8.0,64.0,0.3465687036514282,0.0,0.0,0.24794422090053558,0.1357421875,9.999999974752427e-07,156.0,64.0,2.6457433700561523,1.734723475976807e-18,-1.2909917831420898,0.49999871850013733,1.1102230246251565e-16,2.735326051712036,-0.002004121895879507,0.559174120426178,526674.625,436939.0625,64.0,32.5,257.2909851074219,256.41180419921875,208.0,122.5,535.7205200195312,535.627197265625,4.3070502281188965,2.2890267372131348,540.3284912109375,540.1112670898438,0.0,-0.008184131234884262,0.01605420559644699,0.9995558857917786,0.9226235151290894,1.544659866681286e-08,2.460425463368665e-08,0.07737462967634201,1.8131413526134565e-06,188.0273895263672,2430.091064453125,1.0,1.0,155.0,155.0,1.0,1.0,2048.0,1704.1875,392.6290283203125,213.0,163.0,2048.0,1704.1875,2261.0,1867.1875,0.421875,8.0,0.0,0.0,0.0,0.0,1.0,0.09375,0.0,0.2914806008338928,6.0,0.09375,0.75,8.960021659731865e-06,1.42720527946949e-05,44.82500457763672,0.05726242437958717,580.0643920898438,535.1810913085938,2.843228816986084,0.32755276560783386,0.0,22.0,8.0,64.0,0.3372913599014282,0.0,0.0,0.24369844794273376,0.080078125,9.999999974752427e-07,156.0,64.0
157,2.6457433700561523,3.469446951953614e-18,-1.2909917831420898,0.7905675172805786,2.220446049250313e-16,1.4564106464385986,-0.0005503226420842111,0.5402941703796387,384936.71875,313661.75,64.0,32.5,188.04920959472656,186.02723693847656,224.0,109.0,346.26934814453125,328.4567565917969,4.121767997741699,2.0334417819976807,347.8739318847656,332.8098449707031,0.0,0.012095723301172256,0.0028247276786714792,0.9999295473098755,0.9372045397758484,1.8290807091148054e-08,8.647995741739578e-08,0.06279315054416656,2.229947085652384e-06,257.3855285644531,4098.94287109375,1.0,1.0,156.0,156.0,1.0,1.0,2048.0,1681.578125,437.1094665527344,240.0,143.625,2048.0,1681.578125,2288.0,1825.203125,0.46875,8.0,0.0,0.0,0.0,0.0,1.0,0.25,0.0,0.4330126941204071,16.0,0.25,0.375,7.647962775081396e-06,3.6159995943307877e-05,26.194379806518555,0.061412643641233444,418.1315002441406,391.8747253417969,2.937729597091675,0.3240676522254944,0.0,22.0,8.0,64.0,0.35220059752464294,0.0,0.0,0.279825896024704,0.177734375,9.999999974752427e-07,157.0,64.0,2.6457433700561523,0.0,-0.3779633343219757,0.4999984800815582,0.0,2.2605276107788086,-0.0033675404265522957,0.5920661687850952,560839.0,466474.03125,64.0,32.5,276.353271484375,273.93170166015625,224.0,109.0,549.5813598632812,530.1065063476562,4.330473899841309,2.2774744033813477,551.1450805664062,534.6144409179688,0.0,0.0011206772178411484,0.01961449719965458,0.9985097646713257,0.9212280511856079,1.558204765217397e-08,2.4385359509437876e-08,0.0787702202796936,1.6771390392023022e-06,176.43722534179688,2239.897705078125,1.0,1.0,156.0,156.0,1.0,1.0,2048.0,1703.9375,439.7606201171875,240.0,143.625,2048.0,1703.9375,2288.0,1847.5625,0.578125,8.0,0.0,0.0,0.0,0.0,1.0,0.03125,0.0,0.17399263381958008,2.0,0.03125,0.75,9.63092315942049e-06,1.5072058886289597e-05,48.62874984741211,0.05740395933389664,618.0781860351562,569.3909912109375,2.870023012161255,0.3299039304256439,0.0,24.0,8.0,64.0,0.3989054262638092,0.0,0.0,0.28768259286880493,0.076171875,9.999999974752427e-07,157.0,64.0
158,2.6457433700561523,1.734723475976807e-18,-1.2909917831420898,0.6123709678649902,1.1102230246251565e-16,1.2170768976211548,-0.00061422138242051,0.4924536347389221,386849.90625,290896.03125,64.0,32.5,194.64462280273438,190.83111572265625,240.0,116.5,371.6529541015625,371.5358581542969,4.421831130981445,2.3934271335601807,376.62506103515625,376.171142578125,0.0,0.03866497427225113,0.0033187647350132465,0.9998362064361572,0.9453314542770386,1.4208578313912312e-08,2.7879437425326614e-08,0.05466628819704056,2.226350943601574e-06,235.036376953125,4299.4755859375,1.0,1.0,157.0,157.0,1.0,1.0,2048.0,1530.125,542.9988403320312,249.0,155.625,2048.0,1530.125,2235.0,1685.75,0.375,8.0,0.0,0.0,0.0,0.0,1.0,0.15625,0.0,0.36309218406677246,10.0,0.15625,0.625,5.920010153204203e-06,1.161597901955247e-05,22.71562385559082,0.06110726669430733,416.6504211425781,393.87274169921875,2.844252347946167,0.3169170022010803,0.0,19.0,8.0,64.0,0.30725741386413574,0.0,0.0,0.2617877125740051,0.1767578125,9.999999974752427e-07,158.0,64.0,2.6457433700561523,-1.3877787807814457e-17,-0.5773489475250244,0.7071049213409424,-8.881784197001252e-16,4.992551803588867,-0.002485548844560981,0.5064471364021301,533241.25,369240.0,64.0,32.5,265.76287841796875,262.2548522949219,240.0,116.5,553.2055053710938,552.909423828125,4.488040924072266,2.337745428085327,557.7631225585938,557.512451171875,0.0,0.05615285411477089,0.017704693600535393,0.9992327094078064,0.9328018426895142,1.5540591036256046e-08,2.127178078126235e-08,0.06719622761011124,1.8952683831230388e-06,155.72882080078125,2317.523193359375,1.0,1.0,157.0,157.0,1.0,1.0,2048.0,1412.9375,594.775634765625,249.0,155.625,2048.0,1412.9375,2235.0,1568.5625,0.359375,8.0,0.0,0.0,0.0,0.0,1.0,0.09375,0.0,0.2914806008338928,6.0,0.09375,0.5,9.024050086736679e-06,1.2352014891803265e-05,38.96141815185547,0.05782482028007507,580.6760864257812,541.6557006835938,2.683530807495117,0.32849642634391785,0.0,19.0,8.0,64.0,0.3554430603981018,0.0,0.0,0.2260517030954361,0.1708984375,9.999999974752427e-07,158.0,64.0
159,2.6457433700561523,1.734723475976807e-18,-1.2909917831420898,0.8660233616828918,1.1102230246251565e-16,0.958489179611206,-0.0009029685170389712,0.6576501131057739,396291.375,296622.875,64.0,32.5,198.62046813964844,194.85340881347656,400.0,137.5,351.76171875,342.4029846191406,4.181416034698486,2.0700907707214355,353.54302978515625,346.85308837890625,0.0,0.04021609574556351,0.004412728361785412,0.9997698664665222,0.9436268210411072,1.819520534240837e-08,3.384910485237924e-08,0.056370820850133896,2.310937361471588e-06,228.57472229003906,4054.841064453125,1.0,1.0,158.0,158.0,1.0,1.0,2048.0,1526.125,518.6240844726562,407.0,182.0,2048.0,1526.125,2314.0,1708.125,0.34375,8.0,0.0,0.0,0.0,0.0,1.0,0.296875,0.0,0.45688098669052124,19.0,0.296875,0.25,7.774971891194582e-06,1.4464021660387516e-05,24.026100158691406,0.061650048941373825,427.308837890625,403.2200927734375,2.9896438121795654,0.31666991114616394,0.0,19.0,8.0,64.0,0.2980571687221527,0.0,0.0,0.4206595718860626,0.2890625,9.999999974752427e-07,159.0,64.0,2.6457433700561523,-1.3877787807814457e-17,-2.6457433700561523,0.7071049213409424,-8.881784197001252e-16,2.2232558727264404,-0.0037081046029925346,0.7053602337837219,568333.25,383475.5625,64.0,32.5,280.0455627441406,273.0397644042969,400.0,137.5,538.837890625,536.7825927734375,4.365257740020752,2.17470645904541,541.554443359375,541.311767578125,0.0,0.04129784554243088,0.029649775475263596,0.999027669429779,0.9469495415687561,1.1824234036339476e-08,2.1335928579446772e-08,0.05304872989654541,1.6809103726700414e-06,146.7228546142578,2765.8125,1.0,1.0,158.0,158.0,1.0,1.0,2048.0,1395.984375,499.5733947753906,407.0,182.0,2048.0,1395.984375,2207.0,1577.984375,0.203125,8.0,0.0,0.0,0.0,0.0,1.0,0.1875,0.0,0.3903123736381531,12.0,0.1875,0.5,7.200054824352264e-06,1.2991949915885925e-05,32.245121002197266,0.05750107765197754,608.923583984375,576.6199340820312,2.707130193710327,0.3273446261882782,0.0,16.0,8.0,64.0,0.22998809814453125,0.0,0.0,0.4439648389816284,0.2451171875,9.999999974752427e-07,159.0,64.0
160,2.6457433700561523,-5.204170427930421e-18,-1.2909917831420898,0.7071049213409424,-3.3306690738754696e-16,1.3139914274215698,-0.0008104758453555405,0.5181606411933899,388246.34375,244753.90625,64.0,32.5,195.03248596191406,190.9165496826172,176.0,97.0,371.4558410644531,360.5419006347656,4.01600980758667,2.0298666954040527,373.0862121582031,364.75396728515625,0.0,0.011019018478691578,0.0028770514763891697,0.9996336102485657,0.9333776235580444,1.512275460413548e-08,4.045337931302129e-08,0.06662001460790634,2.3130169211071916e-06,194.6490478515625,2921.780029296875,1.0,1.0,159.0,159.0,1.0,1.0,2048.0,1287.125,633.5630493164062,187.0,130.25,2048.0,1287.125,2235.0,1417.375,0.375,8.0,0.0,0.0,0.0,0.0,1.0,0.140625,0.0,0.34763431549072266,9.0,0.140625,0.5,6.399990525096655e-06,1.711997902020812e-05,28.13296127319336,0.06080915778875351,423.20269775390625,395.0079345703125,2.702831268310547,0.31824660301208496,0.0,18.0,8.0,64.0,0.38525390625,0.0,0.0,0.2457733154296875,0.146484375,9.999999974752427e-07,160.0,64.0,2.6457433700561523,-1.734723475976807e-18,-0.7745950818061829,0.49999871850013733,-1.1102230246251565e-16,4.485383033752441,-0.0021321584936231375,0.5586079955101013,529308.375,331623.8125,64.0,32.5,268.1734313964844,261.7940673828125,176.0,97.0,559.8781127929688,551.9095458984375,4.108234882354736,2.1265430450439453,561.3765869140625,556.1802978515625,0.0,-0.013376956805586815,0.017289547249674797,0.9995802640914917,0.9397097229957581,1.504429469889601e-08,2.2706425184537693e-08,0.060288481414318085,1.731878569444234e-06,142.63099670410156,2365.808349609375,1.0,1.0,159.0,159.0,1.0,1.0,2048.0,1275.15625,648.4552612304688,187.0,130.25,2048.0,1275.15625,2235.0,1405.40625,0.375,8.0,0.0,0.0,0.0,0.0,1.0,0.0625,0.0,0.24206146597862244,4.0,0.0625,0.75,8.607981726527214e-06,1.2992066331207752e-05,34.438018798828125,0.057591572403907776,572.17578125,537.67919921875,2.680555582046509,0.32802391052246094,0.0,17.0,8.0,64.0,0.3545927107334137,0.0,0.0,0.24041055142879486,0.1025390625,9.999999974752427e-07,160.0,64.0
161,1.7320468425750732,-1.214306433183765e-17,-1.2909917831420898,0.6123710870742798,-7.771561172376096e-16,1.0768957138061523,-0.0006665648543275893,0.4545636475086212,378343.15625,276844.34375,64.0,32.5,192.60475158691406,187.08294677734375,256.0,121.0,338.56719970703125,330.5559387207031,4.647911071777344,2.435015916824341,340.16229248046875,335.3053894042969,0.0,-0.006622328422963619,0.0032142142299562693,0.999789834022522,0.9465064406394958,1.8030014814485185e-08,3.401290271654034e-08,0.05349113792181015,2.3423951915901853e-06,233.47259521484375,4364.69677734375,1.0,1.0,160.0,160.0,1.0,1.0,2048.0,1482.671875,485.4594421386719,263.0,161.0,2048.0,1482.671875,2255.0,1643.671875,0.296875,8.0,0.0,0.0,0.0,0.0,1.0,0.140625,0.0,0.34763431549072266,9.0,0.140625,0.625,7.327995263040066e-06,1.3823970220983028e-05,21.67840576171875,0.062163613736629486,406.4331359863281,384.69158935546875,2.688499689102173,0.3174407184123993,0.0,18.0,8.0,64.0,0.2870347797870636,0.0,0.0,0.22003009915351868,0.12060546875,9.999999974752427e-07,161.0,64.0,2.6457433700561523,0.0,-0.3779633343219757,0.35355231165885925,0.0,8.51423454284668,-0.003037827555090189,0.4923940598964691,526183.25,375395.71875,64.0,32.5,259.3288879394531,257.7938232421875,256.0,121.0,560.3970947265625,559.9899291992188,5.102437973022461,2.4817698001861572,565.8237915039062,565.0404052734375,0.0,-0.003713790327310562,0.018307838588953018,0.9988295435905457,0.9366191625595093,3.219605915205648e-08,2.7652736989125515e-08,0.06337887793779373,1.9049423372052843e-06,163.6234893798828,2581.672119140625,1.0,1.0,160.0,160.0,1.0,1.0,2048.0,1458.5625,481.6528015136719,263.0,161.0,2048.0,1458.5625,2311.0,1619.5625,0.265625,8.0,0.0,0.0,0.0,0.0,1.0,0.015625,0.0,0.12401959300041199,1.0,0.015625,0.875,1.8368009477853775e-05,1.577602233737707e-05,36.100685119628906,0.057277046144008636,570.5048828125,534.3458251953125,2.582555055618286,0.3365982472896576,0.0,18.0,8.0,64.0,0.2974989116191864,0.0,0.0,0.2116401642560959,0.06005859375,9.999999974752427e-07,161.0,64.0
162,1.2909917831420898,1.734723475976807e-18,-1.2909917831420898,0.7071053385734558,1.1102230246251565e-16,0.7273362874984741,-0.00031225490965880454,0.4794941544532776,377619.125,303428.5,64.0,32.5,186.345947265625,183.74166870117188,192.0,106.0,367.7166442871094,337.8042907714844,4.608133792877197,2.3693253993988037,369.1515808105469,342.4120178222656,0.0,-0.018681630492210388,0.002288935473188758,1.0000641345977783,0.9360892176628113,2.4161030509617376e-08,3.390327307783991e-08,0.0639081597328186,2.553249942138791e-06,257.50390625,4029.2802734375,1.0,1.0,161.0,161.0,1.0,1.0,2048.0,1651.96875,443.3752136230469,199.0,141.25,2048.0,1651.96875,2247.0,1793.21875,0.453125,8.0,0.0,0.0,0.0,0.0,1.0,0.265625,0.0,0.4416654407978058,17.0,0.265625,0.5,9.920040611177683e-06,1.392001286149025e-05,26.177858352661133,0.0615684799849987,410.5802001953125,384.3396911621094,2.825286865234375,0.32803377509117126,0.0,22.0,8.0,64.0,0.36355867981910706,0.0,0.0,0.24288608133792877,0.125,9.999999974752427e-07,162.0,64.0,2.6457433700561523,0.0,-1.7320468425750732,0.7905673980712891,0.0,1.911714792251587,-0.0019970035646110773,0.5073046684265137,535084.1875,435910.125,64.0,32.5,262.82012939453125,261.7110595703125,192.0,106.0,537.7120361328125,537.4489135742188,4.307849884033203,2.3208134174346924,542.3410034179688,541.8700561523438,0.0,0.027764342725276947,0.015583856031298637,0.9994181990623474,0.9201081395149231,1.4084860389118603e-08,2.2102438990145856e-08,0.0798901617527008,1.670949700383062e-06,180.6542205810547,2261.282470703125,1.0,1.0,161.0,161.0,1.0,1.0,2048.0,1667.390625,453.3059387207031,199.0,141.25,2048.0,1667.390625,2247.0,1808.640625,0.484375,8.0,0.0,0.0,0.0,0.0,1.0,0.21875,0.0,0.4133986532688141,14.0,0.21875,0.375,8.319970220327377e-06,1.305597834289074e-05,47.133888244628906,0.05747528746724129,590.7030639648438,543.5106811523438,2.7973575592041016,0.3413867652416229,0.0,23.0,8.0,64.0,0.385991632938385,0.0,0.0,0.22642530500888824,0.1533203125,9.999999974752427e-07,162.0,64.0
163,2.6457433700561523,-6.938893903907228e-18,-0.5773489475250244,0.49999865889549255,-4.440892098500626e-16,0.8482095003128052,-0.0007707998156547546,0.5922545194625854,384818.0,276308.90625,64.0,32.5,188.0432586669922,185.40684509277344,304.0,130.0,346.727783203125,335.467529296875,5.08160400390625,2.7067174911499023,348.33526611328125,340.35791015625,0.0,-0.004082870669662952,0.0037924405187368393,0.9997947216033936,0.9425220489501953,2.1327920762814756e-08,3.3108403130199804e-08,0.057475533336400986,2.3417530883307336e-06,227.7694549560547,3962.89404296875,1.0,1.0,162.0,162.0,1.0,1.0,2048.0,1479.09375,653.3900146484375,305.0,174.25,2048.0,1479.09375,2353.0,1653.34375,0.40625,8.0,0.0,0.0,0.0,0.0,1.0,0.046875,0.0,0.21137107908725739,3.0,0.046875,0.75,8.863979019224644e-06,1.3760000001639128e-05,23.826047897338867,0.061039939522743225,415.6044616699219,391.71636962890625,2.917686700820923,0.31626707315444946,0.0,20.0,8.0,64.0,0.35455322265625,0.0,0.0,0.34430286288261414,0.1572265625,9.999999974752427e-07,163.0,64.0,2.6457433700561523,0.0,-0.3779633343219757,0.35355231165885925,0.0,1.8741192817687988,-0.0027505261823534966,0.6443606615066528,557650.75,397168.40625,64.0,32.5,276.6761474609375,270.2435302734375,304.0,130.0,543.5302734375,537.1267700195312,4.2827301025390625,2.208441734313965,544.94140625,541.5657958984375,0.0,0.0011555962264537811,0.02340521104633808,0.9994511604309082,0.9394547939300537,1.391400239469931e-08,2.5066379194527144e-08,0.06054334342479706,1.822512331273174e-06,155.00241088867188,2560.189208984375,1.0,1.0,162.0,162.0,1.0,1.0,2048.0,1459.34375,651.6822509765625,305.0,174.25,2048.0,1459.34375,2353.0,1633.59375,0.40625,8.0,0.0,0.0,0.0,0.0,1.0,0.015625,0.0,0.12401959300041199,1.0,0.015625,0.875,8.383998647332191e-06,1.5103956684470177e-05,36.42329406738281,0.05760641768574715,602.558349609375,566.0763549804688,2.6836957931518555,0.33356210589408875,0.0,18.0,8.0,64.0,0.2914089560508728,0.0,0.0,0.340975284576416,0.0751953125,9.999999974752427e-07,163.0,64.0
164,2.6457433700561523,-1.734723475976807e-18,-0.9999979734420776,0.6123709678649902,-1.1102230246251565e-16,0.6709270477294922,-0.0006986143416725099,0.5418096780776978,365385.5625,233524.21875,64.0,32.5,191.59095764160156,181.38473510742188,208.0,113.5,364.05865478515625,341.77215576171875,5.093379974365234,2.6482794284820557,365.5765075683594,346.6986083984375,0.0,-0.010924454778432846,0.0031915789004415274,0.999795138835907,0.9507312178611755,2.003959842511449e-08,4.138773590511846e-08,0.04926609992980957,2.613707238197094e-06,212.2318572998047,4307.8681640625,1.0,1.0,163.0,163.0,1.0,1.0,2048.0,1297.359375,672.1146240234375,219.0,149.0,2048.0,1297.359375,2253.0,1446.359375,0.375,8.0,0.0,0.0,0.0,0.0,1.0,0.125,0.0,0.33071890473365784,8.0,0.125,0.625,7.840048056095839e-06,1.6192032489925623e-05,19.212074279785156,0.0621931217610836,391.227783203125,371.9524841308594,2.679121732711792,0.31729233264923096,0.0,16.0,8.0,64.0,0.29425811767578125,0.0,0.0,0.2896871566772461,0.1376953125,9.999999974752427e-07,164.0,64.0,1.7320468425750732,-6.938893903907228e-18,-0.5773489475250244,0.35355257987976074,-4.440892098500626e-16,4.514800071716309,-0.003575848415493965,0.5856555104255676,542642.5,331068.46875,64.0,32.5,279.75030517578125,268.8077087402344,208.0,113.5,540.732421875,540.4988403320312,4.081226825714111,2.027935743331909,545.0213012695312,544.8970947265625,0.0,0.005102537572383881,0.021694684401154518,0.9986075758934021,0.9439153671264648,1.2063916976501332e-08,2.4400341303021378e-08,0.056082870811223984,1.7443833257857477e-06,135.78106689453125,2421.0791015625,1.0,1.0,163.0,163.0,1.0,1.0,2048.0,1238.0625,680.6135864257812,219.0,149.0,2048.0,1238.0625,2253.0,1387.0625,0.328125,8.0,0.0,0.0,0.0,0.0,1.0,0.03125,0.0,0.17399263381958008,2.0,0.03125,0.875,7.039983756840229e-06,1.4238990843296051e-05,32.66897964477539,0.05857611075043678,583.5570678710938,550.8284912109375,2.6558539867401123,0.32867997884750366,0.0,15.0,8.0,64.0,0.2780924439430237,0.0,0.0,0.2816183865070343,0.0810546875,9.999999974752427e-07,164.0,64.0
165,1.7320468425750732,-1.734723475976807e-17,-0.9999979734420776,0.7905676960945129,-1.1102230246251565e-15,1.0082662105560303,-0.0005353375454433262,0.4671420454978943,377432.46875,254375.859375,64.0,32.5,191.76629638671875,188.35272216796875,208.0,112.5,370.9188232421875,370.77197265625,3.964777946472168,2.1120617389678955,375.3468933105469,374.9199523925781,0.0,0.012605862691998482,0.002760207047685981,0.9998825788497925,0.9492372870445251,1.732049348390774e-08,3.701877560047251e-08,0.05076014623045921,2.4969331207103096e-06,214.92916870117188,4234.2109375,1.0,1.0,164.0,164.0,1.0,1.0,2048.0,1358.59375,501.708740234375,210.0,149.875,2048.0,1358.59375,2258.0,1508.46875,0.25,8.0,0.0,0.0,0.0,0.0,1.0,0.21875,0.0,0.4133986532688141,14.0,0.21875,0.375,7.0070382207632065e-06,1.4976016245782375e-05,20.473623275756836,0.061489444226026535,404.5519104003906,384.0157470703125,2.6600708961486816,0.32109570503234863,0.0,17.0,8.0,64.0,0.3072294294834137,0.0,0.0,0.2454887330532074,0.1572265625,9.999999974752427e-07,165.0,64.0,2.6457433700561523,-1.734723475976807e-18,-0.7745950818061829,0.49999871850013733,-1.1102230246251565e-16,2.1048128604888916,-0.0026637555565685034,0.519258975982666,523661.71875,345201.25,64.0,32.5,262.23358154296875,258.3040771484375,208.0,112.5,561.4666748046875,538.2749633789062,5.003814220428467,2.5538086891174316,562.8995971679688,543.1077880859375,0.0,-0.01754635199904442,0.01560280378907919,0.9989185333251953,0.9394618272781372,1.7296754251105995e-08,2.922350184064726e-08,0.06053618714213371,1.9488636553433025e-06,151.70277404785156,2505.98486328125,1.0,1.0,164.0,164.0,1.0,1.0,2048.0,1341.90625,545.9713745117188,210.0,149.875,2048.0,1341.90625,2258.0,1491.78125,0.3125,8.0,0.0,0.0,0.0,0.0,1.0,0.0625,0.0,0.24206146597862244,4.0,0.0625,0.75,9.792041964828968e-06,1.654401421546936e-05,34.21477127075195,0.05598438158631325,566.1201782226562,531.8483276367188,2.598235845565796,0.32814568281173706,0.0,17.0,8.0,64.0,0.3148983120918274,0.0,0.0,0.2407747060060501,0.0869140625,9.999999974752427e-07,165.0,64.0
166,2.6457433700561523,-1.3877787807814457e-17,-1.2909917831420898,0.9354119896888733,-8.881784197001252e-16,0.7733453512191772,-0.0006269608857110143,0.5473504066467285,395710.3125,288124.09375,64.0,32.5,200.350830078125,195.6702117919922,448.0,122.5,346.630126953125,328.4911804199219,5.082275867462158,2.7216358184814453,348.1376037597656,333.33612060546875,0.0,0.005024057812988758,0.0028284662403166294,0.9998437166213989,0.9484243988990784,2.12776214425503e-08,3.040746321403276e-08,0.05157315731048584,2.3739494281471707e-06,223.41287231445312,4331.96044921875,1.0,1.0,165.0,165.0,1.0,1.0,2048.0,1480.484375,526.973876953125,457.0,162.5,2048.0,1480.484375,2185.0,1642.984375,0.328125,8.0,0.0,0.0,0.0,0.0,1.0,0.234375,0.0,0.42360755801200867,15.0,0.234375,0.125,9.023991879075766e-06,1.2896023690700531e-05,21.811111450195312,0.06143539771437645,424.107177734375,402.2336120605469,2.68711519241333,0.3166307508945465,0.0,18.0,8.0,64.0,0.2873331606388092,0.0,0.0,0.3099851608276367,0.2099609375,9.999999974752427e-07,166.0,64.0,2.6457433700561523,0.0,-0.9999979734420776,0.7071049809455872,0.0,1.8636434078216553,-0.002231404185295105,0.5771151781082153,565822.0625,413187.71875,64.0,32.5,284.1515197753906,279.0950927734375,448.0,122.5,547.3101806640625,534.4540405273438,4.273673057556152,2.2464263439178467,548.6962890625,538.8720092773438,0.0,0.012394055724143982,0.01917077787220478,0.9996544718742371,0.9429404139518738,1.3194491721435497e-08,2.0448737814149354e-08,0.057057786732912064,1.7895353039421025e-06,155.8683319091797,2731.7626953125,1.0,1.0,165.0,165.0,1.0,1.0,2048.0,1482.5625,500.4795227050781,457.0,162.5,2048.0,1482.5625,2185.0,1645.0625,0.25,8.0,0.0,0.0,0.0,0.0,1.0,0.15625,0.0,0.36309218406677246,10.0,0.15625,0.5,8.032075129449368e-06,1.2448057532310486e-05,34.67583084106445,0.05778609588742256,608.7445678710938,574.0098266601562,2.6738383769989014,0.3307948708534241,0.0,17.0,8.0,64.0,0.24445657432079315,0.0,0.0,0.29766538739204407,0.15234375,9.999999974752427e-07,166.0,64.0
167,2.6457433700561523,-5.204170427930421e-18,-2.6457433700561523,0.7905674576759338,-3.3306690738754696e-16,0.9461952447891235,-0.0005743824294768274,0.48947349190711975,396142.5,270161.46875,64.0,32.5,193.5234375,192.54660034179688,176.0,100.0,397.3877258300781,396.4585266113281,4.737926006317139,2.463078498840332,402.4672546386719,401.15802001953125,0.0,0.048062268644571304,0.003050511470064521,0.9998868107795715,0.9566326141357422,1.9615724156096803e-08,3.3148978673125384e-08,0.043364908546209335,2.41621955865412e-06,213.40890502929688,4921.2353515625,1.0,1.0,166.0,166.0,1.0,1.0,2048.0,1403.453125,462.0413513183594,184.0,133.375,2048.0,1403.453125,2232.0,1536.828125,0.1875,8.0,0.0,0.0,0.0,0.0,1.0,0.421875,0.0,0.49385878443717957,27.0,0.421875,0.375,8.256000000983477e-06,1.3951968867331743e-05,18.189552307128906,0.06216656044125557,420.8868408203125,402.6340637207031,2.618548631668091,0.3174861669540405,0.0,15.0,8.0,64.0,0.20008951425552368,0.0,0.0,0.24367794394493103,0.201171875,9.999999974752427e-07,167.0,64.0,2.6457433700561523,-1.9081958235744878e-17,-1.2909917831420898,0.8660233616828918,-1.2212453270876722e-15,4.145232200622559,-0.0037390843499451876,0.5401347279548645,559509.9375,385803.1875,64.0,32.5,278.277587890625,273.5340881347656,176.0,100.0,549.4854736328125,532.0031127929688,4.1938347816467285,2.243504762649536,550.8959350585938,536.3688354492188,0.0,0.05480528250336647,0.020106256008148193,0.998367428779602,0.9528760313987732,1.3143057309150663e-08,1.9580413734843205e-08,0.04712213948369026,1.7979107269638916e-06,150.83018493652344,3200.8349609375,1.0,1.0,166.0,166.0,1.0,1.0,2048.0,1405.8125,453.7357177734375,184.0,133.375,2048.0,1405.8125,2232.0,1539.1875,0.125,8.0,0.0,0.0,0.0,0.0,1.0,0.25,0.0,0.4330126941204071,16.0,0.25,0.25,7.839989848434925e-06,1.167994923889637e-05,28.051515579223633,0.05740158632397652,596.5119018554688,568.40185546875,2.809006929397583,0.8511984944343567,0.0,14.0,8.0,64.0,0.1416364461183548,0.0,0.0,0.2607143223285675,0.228515625,9.999999974752427e-07,167.0,64.0
168,2.6457433700561523,-8.673617379884035e-18,-0.7745950818061829,0.7071049213409424,-5.551115123125783e-16,0.8136417865753174,-0.0006885146722197533,0.6202971339225769,396299.625,273710.625,64.0,32.5,206.94822692871094,198.9290008544922,192.0,119.5,416.48284912109375,415.64874267578125,4.868196964263916,2.7035608291625977,421.8451843261719,420.4766540527344,0.0,0.03384721279144287,0.003674652660265565,0.9998989701271057,0.9543750882148743,2.2269929900176066e-08,3.423573957661574e-08,0.04562247171998024,2.365456566622015e-06,210.6461639404297,4617.158203125,1.0,1.0,167.0,167.0,1.0,1.0,2048.0,1390.4375,559.801513671875,204.0,159.0,2048.0,1390.4375,2252.0,1549.4375,0.296875,8.0,0.0,0.0,0.0,0.0,1.0,0.109375,0.0,0.3121091425418854,7.0,0.109375,0.5,9.40798781812191e-06,1.4462973922491074e-05,19.211336135864258,0.06199091300368309,422.4525146484375,403.17816162109375,2.635892629623413,0.3201952576637268,0.0,16.0,8.0,64.0,0.243927001953125,0.0,0.0,0.3711768388748169,0.2236328125,9.999999974752427e-07,168.0,64.0,1.7320468425750732,-1.3877787807814457e-17,-0.5773489475250244,0.4999988377094269,-8.881784197001252e-16,5.05001163482666,-0.004107191693037748,0.6643158197402954,525487.0625,354685.375,64.0,32.5,258.0595397949219,257.35687255859375,192.0,119.5,560.7203979492188,533.6024780273438,4.259242057800293,2.2206742763519287,562.1514282226562,538.0435791015625,0.0,0.007930809631943703,0.026569010689854622,0.9986288547515869,0.9380177855491638,1.1189770887654049e-08,2.0692514368647608e-08,0.06198028102517128,1.8836842627933947e-06,155.22207641601562,2504.37841796875,1.0,1.0,167.0,167.0,1.0,1.0,2048.0,1380.25,583.9963989257812,204.0,159.0,2048.0,1380.25,2252.0,1539.25,0.28125,8.0,0.0,0.0,0.0,0.0,1.0,0.0625,0.0,0.24206146597862244,4.0,0.0625,0.75,6.368034519255161e-06,1.1775991879403591e-05,35.2154541015625,0.05717093124985695,569.0942993164062,533.820556640625,2.611839771270752,0.3317410945892334,0.0,17.0,8.0,64.0,0.29308363795280457,0.0,0.0,0.383806973695755,0.11279296875,9.999999974752427e-07,168.0,64.0
169,2.6457433700561523,0.0,-1.2909917831420898,0.6123709678649902,0.0,1.1102702617645264,-0.0004930751747451723,0.5223479866981506,373363.28125,248779.890625,64.0,32.5,188.87841796875,181.00656127929688,224.0,113.5,349.3716735839844,324.76629638671875,4.95802116394043,2.653043508529663,351.00030517578125,329.5824279785156,0.0,0.043570153415203094,0.003540608799085021,1.0000104904174805,0.9517617225646973,2.781393604323057e-08,4.152049726258156e-08,0.04823607578873634,2.112569745804649e-06,220.02197265625,4561.357421875,1.0,1.0,168.0,168.0,1.0,1.0,2048.0,1372.46875,571.321533203125,236.0,147.625,2048.0,1372.46875,2284.0,1520.09375,0.25,8.0,0.0,0.0,0.0,0.0,1.0,0.265625,0.0,0.4416654407978058,17.0,0.265625,0.625,1.110398443415761e-05,1.6575970221310854e-05,19.195547103881836,0.06144057959318161,399.2237854003906,379.9659118652344,2.7664589881896973,0.31605470180511475,0.0,16.0,8.0,64.0,0.2582550048828125,0.0,0.0,0.28274521231651306,0.1630859375,9.999999974752427e-07,169.0,64.0,2.6457433700561523,-1.734723475976807e-18,-0.9999979734420776,0.7071051597595215,-1.1102230246251565e-16,3.2617740631103516,-0.0027252123691141605,0.5652636289596558,526230.125,341462.53125,64.0,32.5,262.8857727050781,259.1626892089844,224.0,113.5,568.5296020507812,568.4798583984375,5.1090288162231445,2.641947031021118,574.1663208007812,573.5606689453125,0.0,-0.013541320338845253,0.02077992632985115,0.9992645382881165,0.9430245757102966,1.1005861999535682e-08,2.2350517880909138e-08,0.056973688304424286,1.7025211036525434e-06,149.30105590820312,2620.5263671875,1.0,1.0,168.0,168.0,1.0,1.0,2048.0,1322.640625,595.8134765625,236.0,147.625,2048.0,1322.640625,2284.0,1470.265625,0.234375,8.0,0.0,0.0,0.0,0.0,1.0,0.1875,0.0,0.3903123736381531,12.0,0.1875,0.5,6.239977665245533e-06,1.2672040611505508e-05,32.24532699584961,0.056962452828884125,566.9685668945312,534.665283203125,2.7438042163848877,0.32544752955436707,0.0,16.0,8.0,64.0,0.28258514404296875,0.0,0.0,0.2665998041629791,0.1689453125,9.999999974752427e-07,169.0,64.0
170,2.6457433700561523,0.0,-0.9999979734420776,0.6123707890510559,0.0,1.369933843612671,-0.0009286818094551563,0.6122341156005859,392732.375,235104.828125,64.0,32.5,192.05809020996094,186.4010009765625,160.0,98.5,344.7823486328125,329.183349609375,4.733190059661865,2.5552141666412354,346.4090881347656,333.7901611328125,0.0,-0.007076816633343697,0.0042767832055687904,0.999703586101532,0.9539344310760498,2.5157772753914287e-08,6.14035542412239e-08,0.046062834560871124,2.6413347313791746e-06,189.9720001220703,4124.1923828125,1.0,1.0,169.0,169.0,1.0,1.0,2048.0,1242.171875,735.8265380859375,164.0,130.5,2048.0,1242.171875,2212.0,1372.671875,0.296875,8.0,0.0,0.0,0.0,0.0,1.0,0.09375,0.0,0.2914806008338928,6.0,0.09375,0.625,1.0527961421757936e-05,2.569600474089384e-05,19.214656829833984,0.0616011880338192,418.47747802734375,399.2000732421875,2.6822574138641357,0.32102081179618835,0.0,16.0,8.0,64.0,0.33023834228515625,0.0,0.0,0.35077300667762756,0.1884765625,9.999999974752427e-07,170.0,64.0,2.6457433700561523,-1.734723475976807e-18,-0.7745950818061829,0.49999871850013733,-1.1102230246251565e-16,3.5725619792938232,-0.004159834235906601,0.6384576559066772,555115.0,343786.15625,64.0,32.5,283.43951416015625,271.50067138671875,160.0,98.5,546.9396362304688,529.68505859375,4.407528877258301,2.2786331176757812,548.4046630859375,534.2737426757812,0.0,-0.02262960374355316,0.023603901267051697,0.9984179139137268,0.9446702003479004,8.366063397602375e-09,2.145138822129411e-08,0.05532810091972351,1.6970669776128489e-06,135.2562255859375,2444.62109375,1.0,1.0,169.0,169.0,1.0,1.0,2048.0,1261.046875,762.8446044921875,164.0,130.5,2048.0,1261.046875,2212.0,1391.546875,0.3125,8.0,0.0,0.0,0.0,0.0,1.0,0.0625,0.0,0.24206146597862244,4.0,0.0625,0.75,4.992005415260792e-06,1.279998105019331e-05,32.95713806152344,0.056976307183504105,596.6970825195312,563.6819458007812,2.770108222961426,0.6611658930778503,0.0,16.0,8.0,64.0,0.32102203369140625,0.0,0.0,0.3364512622356415,0.125,9.999999974752427e-07,170.0,64.0
171,2.6457433700561523,-1.734723475976807e-18,-2.6457433700561523,0.7071048021316528,-1.1102230246251565e-16,0.6920808553695679,-0.0005260629113763571,0.45048633217811584,367412.1875,241847.21875,64.0,32.5,182.911376953125,179.0222930908203,400.0,125.5,350.24554443359375,320.15380859375,5.121699810028076,2.664766311645508,351.7999572753906,325.06365966796875,0.0,-0.009703527204692364,0.0029990735929459333,0.9998944997787476,0.9485378265380859,2.5316715834833303e-08,3.700136375073271e-08,0.05145970731973648,2.4270623271149816e-06,218.98529052734375,4255.470703125,1.0,1.0,170.0,170.0,1.0,1.0,2048.0,1349.375,539.0466918945312,409.0,167.625,2048.0,1349.375,2237.0,1517.0,0.28125,8.0,0.0,0.0,0.0,0.0,1.0,0.28125,0.0,0.4496092200279236,18.0,0.28125,0.5,9.984010830521584e-06,1.4592020306736231e-05,20.231849670410156,0.06202736124396324,394.3643798828125,374.06951904296875,2.653813123703003,0.31820225715637207,0.0,17.0,8.0,64.0,0.3033088147640228,0.0,0.0,0.21658168733119965,0.142578125,9.999999974752427e-07,171.0,64.0,0.7745950818061829,8.673617379884035e-18,-1.7320468425750732,0.49999889731407166,5.551115123125783e-16,4.331227779388428,-0.0023327935487031937,0.5096124410629272,548078.625,374019.0,64.0,32.5,286.12640380859375,274.89434814453125,400.0,125.5,556.9848022460938,535.6234130859375,4.287049770355225,2.1469368934631348,558.37939453125,540.0847778320312,0.0,0.027474969625473022,0.01824713684618473,0.99948650598526,0.9371141195297241,1.5731682623254528e-08,2.1603941746661803e-08,0.06288402527570724,1.8453208667779109e-06,148.08773803710938,2354.93408203125,1.0,1.0,170.0,170.0,1.0,1.0,2048.0,1374.359375,547.7916870117188,409.0,167.625,2048.0,1374.359375,2227.0,1541.984375,0.265625,8.0,0.0,0.0,0.0,0.0,1.0,0.171875,0.0,0.37727177143096924,11.0,0.171875,0.75,9.344075806438923e-06,1.2831995263695717e-05,37.29390335083008,0.05703576281666756,593.9654541015625,556.6134033203125,2.7492146492004395,0.3327528238296509,0.0,18.0,8.0,64.0,0.3311699628829956,0.0,0.0,0.2318863570690155,0.09228515625,9.999999974752427e-07,171.0,64.0
172,2.6457433700561523,0.0,-1.2909917831420898,0.7071049809455872,0.0,1.0536127090454102,-0.0007350707892328501,0.5746864080429077,381504.5625,244670.625,64.0,32.5,194.91921997070312,189.5031280517578,448.0,133.0,341.443603515625,336.8351135253906,5.25315523147583,2.858910083770752,343.4560241699219,341.8758850097656,0.0,0.012383520603179932,0.0036247973330318928,0.9998136162757874,0.9539421796798706,1.8085431818803954e-08,3.507009793679572e-08,0.04605530574917793,2.452366743455059e-06,204.72633361816406,4445.22802734375,1.0,1.0,171.0,171.0,1.0,1.0,2048.0,1301.796875,548.9327392578125,460.0,177.75,2048.0,1301.796875,2289.0,1479.546875,0.171875,8.0,0.0,0.0,0.0,0.0,1.0,0.15625,0.0,0.36309218406677246,10.0,0.15625,0.5,7.360009476542473e-06,1.42720527946949e-05,18.68178367614746,0.06078746169805527,406.9578857421875,388.21429443359375,2.614548921585083,0.6421723365783691,0.0,16.0,8.0,64.0,0.27805328369140625,0.0,0.0,0.28544309735298157,0.19140625,9.999999974752427e-07,172.0,64.0,1.2909917831420898,-1.734723475976807e-18,-0.7745950818061829,0.3535526692867279,-1.1102230246251565e-16,3.622403860092163,-0.003922598902136087,0.6163802146911621,559975.9375,362314.21875,64.0,32.5,308.9482116699219,285.485107421875,448.0,133.0,676.5195922851562,674.1436767578125,4.498857021331787,2.5122954845428467,681.0023803710938,678.8165893554688,0.0,0.010380962863564491,0.02220982313156128,0.9982801675796509,0.9491224884986877,1.617512523921505e-08,2.3381957703350054e-08,0.050875719636678696,1.7600357296032598e-06,137.5302734375,2703.259521484375,1.0,1.0,171.0,171.0,1.0,1.0,2048.0,1288.140625,520.6926879882812,460.0,177.75,2048.0,1288.140625,2289.0,1465.890625,0.1875,8.0,0.0,0.0,0.0,0.0,1.0,0.046875,0.0,0.21137107908725739,3.0,0.046875,0.875,9.695999324321747e-06,1.4016055501997471e-05,30.439435958862305,0.057451408356428146,599.4389038085938,568.94091796875,2.7280428409576416,0.3278684616088867,0.0,15.0,8.0,64.0,0.23703613877296448,0.0,0.0,0.2875845432281494,0.07470703125,9.999999974752427e-07,172.0,64.0
173,2.6457433700561523,8.673617379884035e-18,-2.6457433700561523,0.7905672788619995,5.551115123125783e-16,1.1444058418273926,-0.0006536580040119588,0.6056143045425415,393761.25,238911.484375,64.0,32.5,195.82177734375,192.51437377929688,304.0,119.5,364.71978759765625,342.3907470703125,4.847525119781494,2.406585693359375,366.26434326171875,347.1982727050781,0.0,0.02529715932905674,0.003556080162525177,0.999943196773529,0.9573473334312439,1.7298088295092384e-08,2.985067126815011e-08,0.042650360614061356,2.25593316827144e-06,190.35043334960938,4463.0439453125,1.0,1.0,172.0,172.0,1.0,1.0,2048.0,1243.46875,608.8675537109375,311.0,155.75,2048.0,1243.46875,2359.0,1399.21875,0.234375,8.0,0.0,0.0,0.0,0.0,1.0,0.3125,0.0,0.4635123908519745,20.0,0.3125,0.375,7.232010830193758e-06,1.248001353815198e-05,17.76967430114746,0.06165235489606857,418.0815124511719,400.2492370605469,2.658675193786621,0.3209999203681946,0.0,15.0,8.0,64.0,0.27176105976104736,0.0,0.0,0.37281063199043274,0.19140625,9.999999974752427e-07,173.0,64.0,1.2909917831420898,5.204170427930421e-18,-1.7320468425750732,0.49999889731407166,3.3306690738754696e-16,3.5859601497650146,-0.003078189678490162,0.6553320288658142,528086.1875,305668.0625,64.0,32.5,264.3846740722656,260.8528137207031,304.0,119.5,543.2962646484375,543.17138671875,4.168362140655518,2.1747896671295166,547.9573974609375,547.5851440429688,0.0,0.02117566578090191,0.02500862255692482,0.999330461025238,0.9458953142166138,1.1624997853232344e-08,2.4378518759249346e-08,0.05410286784172058,1.80253834969335e-06,132.92176818847656,2456.833984375,1.0,1.0,172.0,172.0,1.0,1.0,2048.0,1177.71875,588.5147705078125,311.0,155.75,2048.0,1177.71875,2359.0,1333.46875,0.21875,8.0,0.0,0.0,0.0,0.0,1.0,0.140625,0.0,0.34763431549072266,9.0,0.140625,0.75,6.592017598450184e-06,1.3823970220983028e-05,30.621728897094727,0.05759355425834656,567.0553588867188,536.375,2.728236675262451,0.33000773191452026,0.0,15.0,8.0,64.0,0.3060058653354645,0.0,0.0,0.3757260739803314,0.13671875,9.999999974752427e-07,173.0,64.0
174,2.6457433700561523,-1.734723475976807e-18,-0.7745950818061829,0.7071048021316528,-1.1102230246251565e-16,1.3761301040649414,-0.001012886525131762,0.5330021381378174,390107.34375,210703.328125,64.0,32.5,190.9250030517578,188.2034912109375,304.0,119.5,346.7704772949219,326.5827331542969,4.954916954040527,2.5016791820526123,348.4077453613281,331.391357421875,0.0,-0.017578747123479843,0.003677038010209799,0.9995527267456055,0.9615380764007568,2.335471549486101e-08,3.0725811228649036e-08,0.038459569215774536,2.3166755909187486e-06,172.76666259765625,4492.1630859375,1.0,1.0,173.0,173.0,1.0,1.0,2048.0,1113.328125,646.8179321289062,317.0,160.0,2048.0,1113.328125,2203.0,1273.328125,0.203125,8.0,0.0,0.0,0.0,0.0,1.0,0.09375,0.0,0.2914806008338928,6.0,0.09375,0.5,9.632029104977846e-06,1.2672040611505508e-05,15.799386024475098,0.06223718449473381,412.4233093261719,396.5606994628906,2.740039110183716,0.3170812129974365,0.0,13.0,8.0,64.0,0.23537972569465637,0.0,0.0,0.27181217074394226,0.2001953125,9.999999974752427e-07,174.0,64.0,0.0,0.0,0.0,0.0,0.0,2.4473581314086914,-0.003101764479652047,0.5514358282089233,561403.625,300788.78125,64.0,32.5,290.6637878417969,281.651611328125,304.0,119.5,549.8285522460938,549.5838623046875,4.34263277053833,2.3341434001922607,554.423828125,554.0701293945312,0.0,0.0,0.0226607546210289,0.9991838932037354,0.9556877613067627,9.178217297289848e-09,2.0181573745503556e-08,0.0443105474114418,1.6649013332425966e-06,115.76459503173828,2612.57421875,1.0,1.0,173.0,173.0,1.0,1.0,2048.0,1078.40625,649.8058471679688,317.0,160.0,2048.0,1078.40625,2203.0,1238.40625,0.15625,8.0,0.0,0.0,0.0,0.0,0.0,0.0,0.0,0.0,0.0,0.0,1.0,5.471985787153244e-06,1.2032105587422848e-05,26.359981536865234,0.05764107406139374,596.192626953125,569.7740478515625,2.8593058586120605,0.33380126953125,0.0,13.0,8.0,64.0,0.25636643171310425,0.0,0.0,0.2647400498390198,0.0,9.999999974752427e-07,174.0,64.0
175,2.6457433700561523,-8.673617379884035e-18,-0.7745950818061829,0.6123709082603455,-5.551115123125783e-16,1.0222917795181274,-0.0006551517290063202,0.4821378290653229,374304.6875,297522.84375,64.0,32.5,192.45492553710938,185.16551208496094,208.0,115.0,354.0368347167969,328.9965515136719,4.793829917907715,2.434148073196411,355.7372131347656,333.7065124511719,0.0,-0.007188012823462486,0.002776299836114049,0.9997842311859131,0.9406819939613342,2.2197724547368125e-08,3.388910130297518e-08,0.059315361082553864,2.6019417873612838e-06,255.19300842285156,4302.30859375,1.0,1.0,174.0,174.0,1.0,1.0,2048.0,1615.234375,498.7397155761719,210.0,150.75,2048.0,1615.234375,2258.0,1765.984375,0.4375,8.0,0.0,0.0,0.0,0.0,1.0,0.09375,0.0,0.2914806008338928,6.0,0.09375,0.625,8.991977665573359e-06,1.372798578813672e-05,23.9658260345459,0.06196966394782066,405.0855407714844,381.0566711425781,2.6909685134887695,0.3156449496746063,0.0,20.0,8.0,64.0,0.3105529844760895,0.0,0.0,0.26670435070991516,0.11572265625,9.999999974752427e-07,175.0,64.0,0.0,0.0,0.0,0.0,0.0,3.5519134998321533,-0.0019243134884163737,0.5368165373802185,538606.8125,460061.53125,64.0,32.5,263.1200866699219,261.1361083984375,208.0,115.0,545.54443359375,528.2470092773438,4.199787139892578,2.1673028469085693,546.9946899414062,532.626953125,0.0,0.0,0.01648327335715294,0.9996626377105713,0.9181428551673889,1.8477782859349645e-08,2.637380092096464e-08,0.08185527473688126,1.8147322862205328e-06,189.00616455078125,2309.0283203125,1.0,1.0,174.0,174.0,1.0,1.0,2048.0,1759.359375,458.1575012207031,210.0,150.75,2048.0,1759.359375,2258.0,1910.109375,0.578125,8.0,0.0,0.0,0.0,0.0,0.0,0.0,0.0,0.0,0.0,0.0,1.0,1.1008000001311302e-05,1.5711993910372257e-05,48.70718765258789,0.057478100061416626,595.7424926757812,546.9767456054688,2.547128200531006,0.3372821807861328,0.0,24.0,8.0,64.0,0.3785451352596283,0.0,0.0,0.27430230379104614,0.0,9.999999974752427e-07,175.0,64.0
176,2.6457433700561523,-1.5612511283791264e-17,-0.7745950818061829,0.7905673980712891,-9.992007221626409e-16,0.6759471893310547,-0.00035489205038174987,0.5212294459342957,387466.09375,288274.6875,64.0,32.5,192.36355590820312,189.0614471435547,176.0,100.0,416.9814453125,416.1739501953125,4.255945205688477,2.216874122619629,421.6671142578125,420.76385498046875,0.0,0.009576580487191677,0.0033070205245167017,1.000105381011963,0.9478476047515869,1.8773322452148022e-08,2.9468127493714746e-08,0.0521499328315258,2.437986040604301e-06,234.83798217773438,4503.13134765625,1.0,1.0,175.0,175.0,1.0,1.0,2048.0,1526.109375,490.73101806640625,179.0,131.125,2048.0,1526.109375,2227.0,1657.234375,0.328125,8.0,0.0,0.0,0.0,0.0,1.0,0.140625,0.0,0.34763431549072266,9.0,0.140625,0.375,7.807975634932518e-06,1.2256030458956957e-05,21.62802505493164,0.06154966726899147,415.90802001953125,394.2174072265625,2.7230417728424072,0.32151472568511963,0.0,18.0,8.0,64.0,0.2811482846736908,0.0,0.0,0.2577838897705078,0.1728515625,9.999999974752427e-07,176.0,64.0,1.7320468425750732,-6.938893903907228e-18,-0.5773489475250244,0.35355257987976074,-4.440892098500626e-16,2.687991142272949,-0.0024630329571664333,0.556649386882782,561148.625,414226.65625,64.0,32.5,274.1322326660156,271.5672607421875,176.0,100.0,537.2788696289062,529.8226928710938,4.148971080780029,2.2341113090515137,538.6886596679688,534.1329345703125,0.0,0.015259918756783009,0.019617101177573204,0.999464750289917,0.9350078701972961,1.407956951027245e-08,2.069916682501116e-08,0.06499037146568298,1.7426622207494802e-06,159.9307861328125,2460.838134765625,1.0,1.0,175.0,175.0,1.0,1.0,2048.0,1522.109375,526.377685546875,179.0,131.125,2048.0,1522.109375,2227.0,1653.234375,0.359375,8.0,0.0,0.0,0.0,0.0,1.0,0.03125,0.0,0.17399263381958008,2.0,0.03125,0.875,8.575967513024807e-06,1.2608012184500694e-05,39.52870559692383,0.057398322969675064,609.1072387695312,569.52001953125,2.715895175933838,0.33275076746940613,0.0,19.0,8.0,64.0,0.3206273019313812,0.0,0.0,0.25932425260543823,0.07958984375,9.999999974752427e-07,176.0,64.0
177,1.7320468425750732,-1.734723475976807e-18,-1.7320468425750732,0.6123710870742798,-1.1102230246251565e-16,0.7320249080657959,-0.0007580239325761795,0.5869765877723694,392659.59375,290804.59375,64.0,32.5,193.68252563476562,190.21136474609375,192.0,104.5,348.69476318359375,325.4745178222656,4.816260814666748,2.4919285774230957,350.9521484375,330.28863525390625,0.0,0.006456164643168449,0.0035287118516862392,0.9997780919075012,0.9434298276901245,1.2924464165564586e-08,2.909901652969893e-08,0.05656781792640686,2.2820311187388143e-06,230.2554168701172,4070.43115234375,1.0,1.0,176.0,176.0,1.0,1.0,2048.0,1523.21875,563.426513671875,198.0,137.125,2048.0,1523.21875,2246.0,1660.34375,0.4375,8.0,0.0,0.0,0.0,0.0,1.0,0.171875,0.0,0.37727177143096924,11.0,0.171875,0.625,5.471985787153244e-06,1.2320000678300858e-05,23.888795852661133,0.061001256108284,423.38201904296875,399.4312438964844,2.841132640838623,0.3252300024032593,0.0,20.0,8.0,64.0,0.35181885957717896,0.0,0.0,0.313602477312088,0.140625,9.999999974752427e-07,177.0,64.0,2.6457433700561523,-8.673617379884035e-18,-0.7745950818061829,0.6123709082603455,-5.551115123125783e-16,4.051170349121094,-0.002642374951392412,0.6089096665382385,551187.125,399983.53125,64.0,32.5,285.51666259765625,273.8138732910156,192.0,104.5,563.9896850585938,543.004150390625,4.2215142250061035,2.2256834506988525,565.451171875,547.3536376953125,0.0,0.01031583547592163,0.021770264953374863,0.9995224475860596,0.9352362155914307,1.1925537890533633e-08,2.2300122637375352e-08,0.06476201862096786,1.7336269593215548e-06,157.51980590820312,2432.28662109375,1.0,1.0,176.0,176.0,1.0,1.0,2048.0,1472.765625,574.9840698242188,198.0,137.125,2048.0,1472.765625,2246.0,1609.890625,0.40625,8.0,0.0,0.0,0.0,0.0,1.0,0.09375,0.0,0.2914806008338928,6.0,0.09375,0.625,7.13602639734745e-06,1.3343989849090576e-05,38.69551086425781,0.0569116435945034,598.3818969726562,559.62841796875,2.691709280014038,0.33041641116142273,0.0,19.0,8.0,64.0,0.3384495675563812,0.0,0.0,0.30028969049453735,0.119140625,9.999999974752427e-07,177.0,64.0
178,1.2909917831420898,0.0,-1.2909917831420898,0.7071053385734558,0.0,1.6582651138305664,-0.0006723856786265969,0.5192337036132812,379911.28125,245472.515625,64.0,32.5,187.9936981201172,184.6016387939453,240.0,124.5,359.1940612792969,325.9309387207031,4.11693811416626,2.169635057449341,360.89849853515625,330.17095947265625,0.0,0.0343141183257103,0.003475617617368698,0.999847948551178,0.9545770287513733,2.971382961902691e-08,5.1999343497755035e-08,0.045420367270708084,2.5436834221181925e-06,209.609619140625,4614.8818359375,1.0,1.0,177.0,177.0,1.0,1.0,2048.0,1326.203125,530.6455688476562,252.0,165.75,2048.0,1326.203125,2300.0,1491.953125,0.15625,8.0,0.0,0.0,0.0,0.0,1.0,0.375,0.0,0.4841229319572449,24.0,0.375,0.5,1.203198917210102e-05,2.10560392588377e-05,18.330224990844727,0.06179561838507652,404.9289245605469,386.5358581542969,2.7522265911102295,0.32244256138801575,0.0,15.0,8.0,64.0,0.22346191108226776,0.0,0.0,0.25798916816711426,0.2080078125,9.999999974752427e-07,178.0,64.0,2.6457433700561523,0.0,-1.2909917831420898,0.7071049809455872,0.0,2.9034266471862793,-0.002087457338348031,0.5521372556686401,573691.3125,368832.34375,64.0,32.5,290.64630126953125,284.6407165527344,240.0,124.5,583.8619384765625,579.2503051757812,5.2154622077941895,2.732861280441284,585.3416748046875,584.34423828125,0.0,0.0041186753660440445,0.02095123566687107,0.9999522566795349,0.9500217437744141,9.969864933623285e-09,2.667372278608582e-08,0.04997658729553223,1.661323722146335e-06,135.47251892089844,2710.7197265625,1.0,1.0,177.0,177.0,1.0,1.0,2048.0,1297.65625,488.9020690917969,252.0,165.75,2048.0,1297.65625,2300.0,1463.40625,0.109375,8.0,0.0,0.0,0.0,0.0,1.0,0.28125,0.0,0.4496092200279236,18.0,0.28125,0.5,6.111920811235905e-06,1.6352045349776745e-05,30.580238342285156,0.057382937520742416,613.0394897460938,582.4008178710938,2.6969501972198486,0.3315073549747467,0.0,15.0,8.0,64.0,0.23833008110523224,0.0,0.0,0.24583542346954346,0.2041015625,9.999999974752427e-07,178.0,64.0
179,1.7320468425750732,-3.469446951953614e-18,-2.6457433700561523,0.7905675768852234,-2.220446049250313e-16,0.45752859115600586,-0.0006251750746741891,0.5043371319770813,382540.53125,236145.75,64.0,32.5,188.8805389404297,185.3738250732422,160.0,106.0,343.57275390625,322.40496826171875,4.737157821655273,2.4840314388275146,345.41510009765625,327.0301818847656,0.0,-0.007019050884991884,0.0032728391233831644,0.999850869178772,0.9555476903915405,2.2482032235870975e-08,3.898962575021869e-08,0.044450096786022186,2.16485432247282e-06,199.65225219726562,4491.6044921875,1.0,1.0,178.0,178.0,1.0,1.0,2048.0,1269.921875,482.44305419921875,174.0,137.875,2048.0,1269.921875,2193.0,1407.796875,0.203125,8.0,0.0,0.0,0.0,0.0,1.0,0.328125,0.0,0.4695306122303009,21.0,0.328125,0.375,9.152048733085394e-06,1.587200677022338e-05,18.032093048095703,0.06277766078710556,407.0827941894531,388.9870300292969,2.70346999168396,0.3232896625995636,0.0,15.0,8.0,64.0,0.2672933042049408,0.0,0.0,0.2441922128200531,0.1884765625,9.999999974752427e-07,179.0,64.0,2.6457433700561523,0.0,-0.9999979734420776,0.6123707890510559,0.0,1.7486008405685425,-0.002801242982968688,0.5511343479156494,564675.6875,332921.46875,64.0,32.5,275.8552551269531,263.462646484375,160.0,106.0,535.7302856445312,526.299072265625,4.197131156921387,2.2561607360839844,537.1766357421875,530.6820678710938,0.0,-0.03367733210325241,0.02014460228383541,0.9991819262504578,0.952581524848938,1.1273166400371792e-08,2.0954372459414117e-08,0.0474168062210083,1.6515048173459945e-06,133.32472229003906,2811.760986328125,1.0,1.0,178.0,178.0,1.0,1.0,2048.0,1253.4375,475.22509765625,174.0,137.875,2048.0,1253.4375,2193.0,1391.3125,0.140625,8.0,0.0,0.0,0.0,0.0,1.0,0.09375,0.0,0.2914806008338928,6.0,0.09375,0.625,6.782938726246357e-06,1.2608012184500694e-05,28.473121643066406,0.05704236403107643,601.6888427734375,573.15771484375,2.961916923522949,0.3313632607460022,0.0,14.0,8.0,64.0,0.2241559773683548,0.0,0.0,0.2460164874792099,0.162109375,9.999999974752427e-07,179.0,64.0
180,2.6457433700561523,-1.9081958235744878e-17,-1.2909917831420898,0.8660233616828918,-1.2212453270876722e-15,1.2131657600402832,-0.0008090125047601759,0.5469555258750916,403608.6875,213812.71875,64.0,32.5,198.9992218017578,195.06398010253906,208.0,107.5,339.71685791015625,331.5731201171875,4.921092987060547,2.5909790992736816,341.5775146484375,336.3779602050781,0.0,0.061316851526498795,0.004152823705226183,0.9997746348381042,0.962846040725708,2.051366720934311e-08,4.072650128250643e-08,0.03715198487043381,1.9184212760592345e-06,163.9771270751953,4413.68408203125,1.0,1.0,179.0,179.0,1.0,1.0,2048.0,1091.125,625.6349487304688,213.0,142.375,2048.0,1091.125,2261.0,1233.5,0.21875,8.0,0.0,0.0,0.0,0.0,1.0,0.25,0.0,0.4330126941204071,16.0,0.25,0.25,8.736038580536842e-06,1.7343962099403143e-05,15.760414123535156,0.0612892210483551,425.8642883300781,410.041748046875,2.671407699584961,0.3263653516769409,0.0,13.0,8.0,64.0,0.2593148946762085,0.0,0.0,0.3035185933113098,0.28125,9.999999974752427e-07,180.0,64.0,2.6457433700561523,-1.3877787807814457e-17,-0.5773489475250244,0.7071049213409424,-8.881784197001252e-16,7.128847599029541,-0.004226520657539368,0.5640908479690552,557340.0625,290175.9375,64.0,32.5,285.6863098144531,275.8793029785156,208.0,107.5,558.5599365234375,543.9067993164062,4.282443046569824,2.2709569931030273,559.9231567382812,548.3026123046875,0.0,0.0512995645403862,0.024997053667902946,0.9985566735267639,0.9552731513977051,1.1510429942518385e-08,2.042541424884803e-08,0.04472508281469345,1.7427153125026962e-06,114.64495086669922,2563.325439453125,1.0,1.0,179.0,179.0,1.0,1.0,2048.0,1060.75,615.8355102539062,213.0,142.375,2048.0,1060.75,2261.0,1203.125,0.15625,8.0,0.0,0.0,0.0,0.0,1.0,0.09375,0.0,0.2914806008338928,6.0,0.09375,0.5,6.8160006776452065e-06,1.209508627653122e-05,26.42644500732422,0.057900503277778625,592.15869140625,565.6732788085938,2.6436543464660645,0.3297128975391388,0.0,13.0,8.0,64.0,0.27756911516189575,0.0,0.0,0.27875930070877075,0.2119140625,9.999999974752427e-07,180.0,64.0
181,1.2909917831420898,-1.734723475976807e-18,-0.7745950818061829,0.3535526692867279,-1.1102230246251565e-16,0.9699110984802246,-0.0007046330138109624,0.6396282315254211,376853.1875,300046.25,64.0,32.5,198.09983825683594,184.97085571289062,1344.0,232.0,498.0242919921875,334.45574951171875,170.03890991210938,49.83784484863281,503.6427917480469,386.9879150390625,0.0,-0.0049255844205617905,0.003366615856066346,0.9998378753662109,0.9345720410346985,2.315322866763836e-08,3.352140254264668e-08,0.06542544066905975,2.4716846382943913e-06,253.9904022216797,3882.135009765625,1.0,1.0,180.0,180.0,1.0,1.0,2048.0,1629.046875,560.4689331054688,1356.0,305.875,2048.0,1629.046875,3404.0,1934.921875,0.515625,8.0,0.0,0.0,0.0,0.0,1.0,0.046875,0.0,0.21137107908725739,3.0,0.046875,0.875,9.504030458629131e-06,1.3760000001639128e-05,26.795257568359375,0.060840293765068054,410.4840087890625,383.62689208984375,2.67551589012146,0.3194367587566376,0.0,22.0,8.0,64.0,0.3132379651069641,0.0,0.0,0.38148757815361023,0.11083984375,9.999999974752427e-07,181.0,64.0,2.6457433700561523,-1.734723475976807e-18,-0.7745950818061829,0.49999871850013733,-1.1102230246251565e-16,1.6740988492965698,-0.00287643913179636,0.6811684370040894,574729.8125,463238.59375,64.0,32.5,294.76068115234375,281.7105712890625,1344.0,232.0,828.5827026367188,558.6199951171875,292.3670349121094,84.19912719726562,834.1045532226562,645.6897583007812,0.0,0.004480607807636261,0.02137407287955284,0.9991086721420288,0.9277181625366211,1.3839070334142889e-08,2.4981812174473816e-08,0.07228007912635803,1.7108129668486072e-06,167.9690399169922,2323.863525390625,1.0,1.0,180.0,180.0,1.0,1.0,2048.0,1650.65625,569.9520874023438,1356.0,305.875,2048.0,1650.65625,3404.0,1956.53125,0.578125,8.0,0.0,0.0,0.0,0.0,1.0,0.0625,0.0,0.24206146597862244,4.0,0.0625,0.75,8.703907951712608e-06,1.5711993910372257e-05,45.40180587768555,0.0578303262591362,628.9373168945312,583.4765625,2.7497141361236572,0.3271511495113373,0.0,22.0,8.0,64.0,0.30556419491767883,0.0,0.0,0.3836022913455963,0.11669921875,9.999999974752427e-07,181.0,64.0
182,0.7745950818061829,1.734723475976807e-18,-1.2909917831420898,0.3535526692867279,1.1102230246251565e-16,1.5466567277908325,-0.0009709222358651459,0.5849185585975647,382923.40625,207924.4375,64.0,32.5,188.3137664794922,184.8023681640625,160.0,98.5,351.33148193359375,333.94146728515625,4.724709987640381,2.531822919845581,353.0419006347656,338.5916442871094,0.0,-0.0023360271006822586,0.003918888978660107,0.9996493458747864,0.9644469618797302,2.3464771459202893e-08,3.091659195320062e-08,0.035550497472286224,2.504863232388743e-06,177.63148498535156,4996.5966796875,1.0,1.0,181.0,181.0,1.0,1.0,2048.0,1120.375,639.3462524414062,166.0,130.25,2048.0,1120.375,2214.0,1250.625,0.15625,8.0,0.0,0.0,0.0,0.0,1.0,0.203125,0.0,0.4023247957229614,13.0,0.203125,0.875,9.47195803746581e-06,1.248001353815198e-05,14.291898727416992,0.058669231832027435,403.66717529296875,389.3155517578125,2.53533673286438,0.31927451491355896,0.0,12.0,8.0,64.0,0.1864420622587204,0.0,0.0,0.3676954209804535,0.054931640625,9.999999974752427e-07,182.0,64.0,0.9999979734420776,0.0,-0.9999979734420776,0.3535526692867279,0.0,3.2991690635681152,-0.002859564032405615,0.6286672353744507,531883.0,277246.0,64.0,32.5,261.472900390625,260.06317138671875,160.0,98.5,542.5838623046875,527.4332885742188,4.148012161254883,2.2222049236297607,544.1603393554688,531.7651977539062,0.0,0.0020005255937576294,0.026730917394161224,0.9997035264968872,0.9556398391723633,1.2344098188066255e-08,2.231014128994957e-08,0.04435824975371361,1.8561496517577325e-06,120.81050109863281,2723.518310546875,1.0,1.0,181.0,181.0,1.0,1.0,2048.0,1066.765625,651.0244750976562,166.0,130.25,2048.0,1066.765625,2214.0,1197.015625,0.21875,8.0,0.0,0.0,0.0,0.0,1.0,0.0625,0.0,0.24206146597862244,4.0,0.0625,0.875,6.975955329835415e-06,1.2608012184500694e-05,25.011091232299805,0.05685218796133995,565.124755859375,540.0557250976562,2.6565017700195312,0.33629757165908813,0.0,12.0,8.0,64.0,0.221343994140625,0.0,0.0,0.38037675619125366,0.134765625,9.999999974752427e-07,182.0,64.0
183,2.6457433700561523,1.734723475976807e-18,-2.6457433700561523,0.6123707890510559,1.1102230246251565e-16,1.1253864765167236,-0.0009125221986323595,0.5947420001029968,402395.28125,229444.453125,64.0,32.5,202.00131225585938,199.12615966796875,192.0,103.0,353.044921875,340.0314636230469,4.641510009765625,2.3022899627685547,354.6190185546875,344.6244812011719,0.0,0.008409984409809113,0.004037321545183659,0.9996787905693054,0.9610200524330139,2.203211835194452e-08,2.857426650848538e-08,0.038977354764938354,2.5251895294786664e-06,174.02743530273438,4464.83447265625,1.0,1.0,182.0,182.0,1.0,1.0,2048.0,1157.171875,592.8502807617188,194.0,135.375,2048.0,1157.171875,2228.0,1292.546875,0.171875,8.0,0.0,0.0,0.0,0.0,1.0,0.328125,0.0,0.4695306122303009,21.0,0.328125,0.625,9.375973604619503e-06,1.2160046026110649e-05,16.52608871459961,0.061088740825653076,425.5593566894531,408.9710693359375,2.7266221046447754,0.3177086412906647,0.0,14.0,8.0,64.0,0.2792707085609436,0.0,0.0,0.29608380794525146,0.173828125,9.999999974752427e-07,183.0,64.0,0.5773489475250244,6.938893903907228e-18,-1.7320468425750732,0.35355257987976074,4.440892098500626e-16,9.644979476928711,-0.0045674704015254974,0.6491647958755493,535863.875,294338.1875,64.0,32.5,276.101318359375,267.7760314941406,192.0,103.0,547.8875732421875,538.389892578125,4.088747978210449,2.071098566055298,549.4859008789062,542.6417846679688,0.0,0.0018454492092132568,0.025464070960879326,0.9981632828712463,0.9527751207351685,1.3898119988198232e-08,2.454602565649111e-08,0.04722309112548828,1.755768494149379e-06,124.34535217285156,2633.147216796875,1.0,1.0,182.0,182.0,1.0,1.0,2048.0,1109.40625,573.6171875,194.0,135.375,2048.0,1109.40625,2200.0,1244.78125,0.140625,8.0,0.0,0.0,0.0,0.0,1.0,0.21875,0.0,0.4133986532688141,14.0,0.21875,0.875,7.93591607362032e-06,1.4015939086675644e-05,26.906801223754883,0.05788914114236832,571.0064697265625,544.0407104492188,2.6337196826934814,0.3274846374988556,0.0,13.0,8.0,64.0,0.25253531336784363,0.0,0.0,0.28838497400283813,0.09423828125,9.999999974752427e-07,183.0,64.0
184,0.7745950818061829,1.734723475976807e-18,-2.6457433700561523,0.6123707890510559,1.1102230246251565e-16,1.2647210359573364,-0.0007784105255268514,0.6011505722999573,393901.21875,315832.65625,64.0,32.5,193.77139282226562,190.3130340576172,192.0,103.0,409.9129333496094,408.9363708496094,3.9589860439300537,1.9907307624816895,414.2673034667969,413.1048278808594,0.0,0.05137154832482338,0.0037690578028559685,0.9997831583023071,0.9374859929084778,2.386785702412908e-08,3.5764358585765876e-08,0.0625116378068924,2.297287210240029e-06,247.5216064453125,3959.608642578125,1.0,1.0,183.0,183.0,1.0,1.0,2048.0,1654.09375,529.2222900390625,196.0,136.625,2048.0,1654.09375,2244.0,1790.71875,0.484375,8.0,0.0,0.0,0.0,0.0,1.0,0.296875,0.0,0.45688098669052124,19.0,0.296875,0.625,1.0207993909716606e-05,1.5295983757823706e-05,26.674304962158203,0.061166148632764816,427.68792724609375,400.9514465332031,2.658324956893921,0.3219577968120575,0.0,22.0,8.0,64.0,0.3644464612007141,0.0,0.0,0.3320041000843048,0.14453125,9.999999974752427e-07,184.0,64.0,0.9999979734420776,0.0,-2.6457433700561523,0.4999987483024597,0.0,4.027907848358154,-0.002818208420649171,0.6395268440246582,529796.3125,421107.09375,64.0,32.5,262.0859680175781,259.3782043457031,192.0,103.0,543.6000366210938,535.7848510742188,4.696424961090088,2.365648031234741,545.1400146484375,540.4122924804688,0.0,-0.018501203507184982,0.021726597100496292,0.9992722868919373,0.9255611896514893,1.8276235635994453e-08,2.7359080334576902e-08,0.07443690299987793,1.8350358459429117e-06,179.02142333984375,2405.009033203125,1.0,1.0,183.0,183.0,1.0,1.0,2048.0,1626.03125,520.971923828125,196.0,136.625,2048.0,1626.03125,2244.0,1762.65625,0.484375,8.0,0.0,0.0,0.0,0.0,1.0,0.171875,0.0,0.37727177143096924,11.0,0.171875,0.75,1.0624062269926071e-05,1.5903962776064873e-05,43.213035583496094,0.057489268481731415,581.3046875,538.0330810546875,2.6484062671661377,0.33929958939552307,0.0,21.0,8.0,64.0,0.3446219265460968,0.0,0.0,0.3250719904899597,0.0869140625,9.999999974752427e-07,184.0,64.0
185,2.6457433700561523,-1.734723475976807e-18,-0.9999979734420776,0.7071051597595215,-1.1102230246251565e-16,1.0995205640792847,-0.00047941028606146574,0.5117087364196777,358052.46875,269559.0625,64.0,32.5,185.9454803466797,177.0865478515625,192.0,98.5,8932.9951171875,8828.828125,50.04167938232422,24.47895050048828,8994.091796875,8879.4609375,0.0,0.007004829123616219,0.0029322816990315914,0.999946117401123,0.9152529239654541,2.1945574246728938e-08,3.3150072908938455e-08,0.08474505692720413,1.947653345268918e-06,236.34906005859375,2788.942138671875,1.0,1.0,184.0,184.0,1.0,1.0,2048.0,1529.3125,635.1209716796875,200.0,133.625,2048.0,1529.3125,2248.0,1662.9375,0.46875,8.0,0.0,0.0,0.0,0.0,1.0,0.1875,0.0,0.3903123736381531,12.0,0.1875,0.5,9.08802030608058e-06,1.372798578813672e-05,33.129112243652344,1.9651970863342285,414.1163024902344,379.02117919921875,0.0,0.0,0.0,20.0,8.0,64.0,0.3508056700229645,0.0,0.0,0.2360026240348816,0.1611328125,9.999999974752427e-07,185.0,64.0,2.6457433700561523,0.0,-0.3779633343219757,0.6123706102371216,0.0,3.3249993324279785,-0.0028866149950772524,0.5401820540428162,557392.5,376832.375,64.0,32.5,273.15533447265625,267.8287048339844,192.0,98.5,538.91162109375,535.1023559570312,4.009068012237549,1.9574381113052368,540.4069213867188,539.3646240234375,0.0,-0.016858555376529694,0.018586860969662666,0.9989716410636902,0.9378214478492737,1.2042763231079334e-08,2.2704231383841034e-08,0.062176741659641266,1.7564645986567484e-06,148.24166870117188,2384.197998046875,1.0,1.0,184.0,184.0,1.0,1.0,2048.0,1397.15625,637.5339965820312,200.0,133.625,2048.0,1397.15625,2248.0,1530.78125,0.3125,8.0,0.0,0.0,0.0,0.0,1.0,0.046875,0.0,0.21137107908725739,3.0,0.046875,0.625,7.2640832513570786e-06,1.3694982044398785e-05,37.44693374633789,0.057500116527080536,603.1907348632812,565.6852416992188,2.6582531929016113,0.33692649006843567,0.0,18.0,8.0,64.0,0.3360324501991272,0.0,0.0,0.21785813570022583,0.16796875,9.999999974752427e-07,185.0,64.0
186,2.6457433700561523,-6.938893903907228e-18,-1.7320468425750732,0.7071050405502319,-4.440892098500626e-16,0.9691779613494873,-0.00038439076161012053,0.4726611375808716,342548.59375,235268.015625,64.0,32.5,170.36070251464844,168.28860473632812,192.0,115.0,357.4418640136719,357.04833984375,4.333509922027588,2.3113958835601807,361.6390380859375,361.47637939453125,0.0,-0.010664050467312336,0.003048780607059598,1.0000438690185547,0.9419712424278259,2.7252378131947808e-08,4.006184539662172e-08,0.05802641808986664,2.244913048343733e-06,241.4458770751953,4160.96484375,1.0,1.0,185.0,185.0,1.0,1.0,2048.0,1404.25,647.7117919921875,199.0,153.875,2048.0,1404.25,2230.0,1558.125,0.3125,8.0,0.0,0.0,0.0,0.0,1.0,0.171875,0.0,0.37727177143096924,11.0,0.171875,0.5,1.0143994586542249e-05,1.4911987818777561e-05,21.53757095336914,0.061266619712114334,372.2242126464844,350.62451171875,2.452164888381958,1.9637173414230347,0.0,18.0,8.0,64.0,0.3241645097732544,0.0,0.0,0.21495433151721954,0.177734375,9.999999974752427e-07,186.0,64.0,1.2909917831420898,-1.734723475976807e-18,-0.9999979734420776,0.4999989867210388,-1.1102230246251565e-16,5.710997581481934,-0.0029311259277164936,0.5324723124504089,548426.9375,361342.21875,64.0,32.5,269.9894104003906,265.5392150878906,192.0,115.0,559.5835571289062,553.4474487304688,4.197739124298096,2.119609832763672,561.2066040039062,557.828369140625,0.0,-0.0016677775420248508,0.019412992522120476,0.9993665814399719,0.9417415261268616,1.1199379201798365e-08,2.1316612475175134e-08,0.05825680121779442,1.6610067632427672e-06,146.489013671875,2514.5390625,1.0,1.0,185.0,185.0,1.0,1.0,2048.0,1353.796875,641.4678344726562,199.0,153.875,2048.0,1353.796875,2230.0,1507.671875,0.375,8.0,0.0,0.0,0.0,0.0,1.0,0.109375,0.0,0.3121091425418854,7.0,0.109375,0.75,6.624031811952591e-06,1.2608012184500694e-05,34.40010070800781,0.056709401309490204,591.4641723632812,557.00634765625,2.6722471714019775,0.3318667709827423,0.0,17.0,8.0,64.0,0.3075956404209137,0.0,0.0,0.2275562733411789,0.0986328125,9.999999974752427e-07,186.0,64.0
187,2.6457433700561523,-1.3877787807814457e-17,-0.5773489475250244,0.7071049213409424,-8.881784197001252e-16,1.1586449146270752,-0.0006198897026479244,0.47677409648895264,347327.46875,280343.28125,64.0,32.5,176.14881896972656,170.23333740234375,1264.0,254.5,566.87451171875,386.9165954589844,194.008544921875,44.85366439819336,572.3242797851562,434.24359130859375,0.0,0.017917601391673088,0.0031491147819906473,0.9998093247413635,0.9246874451637268,2.1313823594937276e-08,2.983932034794634e-08,0.07531023770570755,2.28741282626288e-06,276.2015380859375,3667.516357421875,1.0,1.0,186.0,186.0,1.0,1.0,2048.0,1652.25,469.54620361328125,1277.0,337.0,2048.0,1652.25,2927.0,1989.25,0.28125,8.0,0.0,0.0,0.0,0.0,1.0,0.09375,0.0,0.2914806008338928,6.0,0.09375,0.5,8.160015568137169e-06,1.1424010153859854e-05,28.771682739257812,0.06090710312128067,382.8508605957031,354.01739501953125,2.483966588973999,0.3260400593280792,0.0,24.0,8.0,64.0,0.352783203125,0.0,0.0,0.2371273934841156,0.154296875,9.999999974752427e-07,187.0,64.0,2.6457433700561523,0.0,-0.3779633343219757,0.4999984800815582,0.0,8.811844825744629,-0.001995957223698497,0.5175372958183289,539749.0625,451301.71875,64.0,32.5,266.2903747558594,263.9931640625,1264.0,254.5,877.715087890625,605.116943359375,311.9726257324219,70.75408172607422,883.6610107421875,678.457275390625,0.0,-0.004671655595302582,0.016414396464824677,0.9995989203453064,0.9125067591667175,1.506576907672752e-08,2.4009247923117982e-08,0.08749140053987503,1.7834340724220965e-06,182.2286376953125,2082.817626953125,1.0,1.0,186.0,186.0,1.0,1.0,2048.0,1711.53125,441.961181640625,1277.0,337.0,2048.0,1711.53125,2678.0,2048.53125,0.390625,8.0,0.0,0.0,0.0,0.0,1.0,0.03125,0.0,0.17399263381958008,2.0,0.03125,0.75,9.056064300239086e-06,1.4432007446885109e-05,52.53422546386719,0.05703340098261833,601.10205078125,548.5097045898438,2.682788133621216,0.3344581723213196,0.0,26.0,8.0,64.0,0.3847562372684479,0.0,0.0,0.24479064345359802,0.10546875,9.999999974752427e-07,187.0,64.0
188,0.9999979734420776,0.0,-2.6457433700561523,0.4999987483024597,0.0,6.785484313964844,-0.0006438136333599687,0.525895357131958,350196.9375,275323.03125,64.0,32.5,171.078125,168.13609313964844,288.0,112.0,355.388671875,355.1804504394531,4.327814102172852,2.278897285461426,359.7876892089844,359.5426940917969,0.0,0.004437397234141827,0.0032183602452278137,0.9998642802238464,0.9342418313026428,2.178364510996289e-08,3.3513252617467515e-08,0.06575597077608109,2.168967967008939e-06,273.3454895019531,4156.96875,1.0,1.0,187.0,187.0,1.0,1.0,2048.0,1631.265625,488.046875,295.0,149.25,2048.0,1631.265625,2248.0,1780.515625,0.4375,8.0,0.0,0.0,0.0,0.0,1.0,0.171875,0.0,0.37727177143096924,11.0,0.171875,0.75,8.319999324157834e-06,1.279998105019331e-05,25.053272247314453,0.061422109603881836,381.9378662109375,356.82232666015625,2.5850071907043457,0.3234484791755676,0.0,21.0,8.0,64.0,0.3379778265953064,0.0,0.0,0.2568317651748657,0.10205078125,9.999999974752427e-07,188.0,64.0,1.2909917831420898,-1.734723475976807e-18,-2.6457433700561523,0.49999871850013733,-1.1102230246251565e-16,8.526463508605957,-0.0025438519660383463,0.5686639547348022,540377.75,445331.0625,64.0,32.5,267.0209045410156,264.3005676269531,288.0,112.0,550.6239624023438,540.9539184570312,4.319691181182861,2.355656623840332,552.1211547851562,545.4465942382812,0.0,0.01991976983845234,0.01837029680609703,0.9991757273674011,0.9203481674194336,1.2450744435454908e-08,2.1198403032940405e-08,0.07965010404586792,1.7106216319007217e-06,181.03465270996094,2272.8740234375,1.0,1.0,187.0,187.0,1.0,1.0,2048.0,1686.65625,455.9671936035156,295.0,149.25,2048.0,1686.65625,2307.0,1835.90625,0.5,8.0,0.0,0.0,0.0,0.0,1.0,0.15625,0.0,0.36309218406677246,10.0,0.15625,0.75,7.424037903547287e-06,1.2640026398003101e-05,47.43558120727539,0.05759240314364433,596.2725830078125,548.7783813476562,2.656301736831665,0.3327972888946533,0.0,23.0,8.0,64.0,0.37673020362854004,0.0,0.0,0.2580220699310303,0.09765625,9.999999974752427e-07,188.0,64.0
189,2.6457433700561523,-6.938893903907228e-18,-1.2909917831420898,0.7905675768852234,-4.440892098500626e-16,0.839184582233429,-0.0006406443426385522,0.4946746826171875,365206.40625,242601.09375,64.0,32.5,180.10975646972656,175.50833129882812,432.0,149.5,358.0480041503906,345.0264587402344,4.8665618896484375,2.654383659362793,359.365478515625,349.9622802734375,0.0,-0.006111687980592251,0.0030267860274761915,0.99980628490448,0.9447283744812012,1.7885501080172617e-08,3.024287664743497e-08,0.055269353091716766,2.2130791421659524e-06,223.2694854736328,4039.661865234375,1.0,1.0,188.0,188.0,1.0,1.0,2048.0,1373.15625,567.79833984375,433.0,198.375,2048.0,1373.15625,2481.0,1571.53125,0.359375,8.0,0.0,0.0,0.0,0.0,1.0,0.234375,0.0,0.42360755801200867,15.0,0.234375,0.375,7.039983756840229e-06,1.1904019629582763e-05,21.693622589111328,0.06116918474435806,393.614013671875,371.85833740234375,2.6696949005126953,0.3341626524925232,0.0,18.0,8.0,64.0,0.3183458149433136,0.0,0.0,0.2621000409126282,0.1689453125,9.999999974752427e-07,189.0,64.0,2.6457433700561523,0.0,-0.3779633343219757,0.35355231165885925,0.0,1.4772160053253174,-0.0019290093332529068,0.5355020761489868,566205.0,360983.53125,64.0,32.5,296.1391906738281,283.58740234375,432.0,149.5,8950.8681640625,8935.107421875,65.59457397460938,32.02754211425781,9016.673828125,9000.5166015625,0.0,-0.0012691691517829895,0.016436154022812843,0.9995909333229065,0.9308679103851318,1.7191213785849868e-08,2.0385785504117848e-08,0.06913069635629654,1.3325341114978073e-06,130.16331481933594,1882.8583984375,1.0,1.0,188.0,188.0,1.0,1.0,2048.0,1283.375,570.1593627929688,433.0,198.375,2048.0,1283.375,2481.0,1481.75,0.296875,8.0,0.0,0.0,0.0,0.0,1.0,0.015625,0.0,0.12401959300041199,1.0,0.015625,0.875,1.0848045349121094e-05,1.2863893061876297e-05,41.659793853759766,1.9632431268692017,631.022705078125,587.3988037109375,0.0,0.0,0.0,16.0,8.0,64.0,0.2769775390625,0.0,0.0,0.25423210859298706,0.0625,9.999999974752427e-07,189.0,64.0
190,1.7320468425750732,-6.938893903907228e-18,-0.9999979734420776,0.49999892711639404,-4.440892098500626e-16,1.3886607885360718,-0.0006809005863033235,0.5144020318984985,386243.28125,276099.375,64.0,32.5,195.0828857421875,189.10694885253906,208.0,112.0,342.66357421875,342.3247375488281,4.985921859741211,2.6996538639068604,347.64862060546875,347.14080810546875,0.0,0.014310730621218681,0.003449199255555868,0.9998161792755127,0.9478257894515991,2.2092470075563142e-08,3.0821336594044624e-08,0.052172061055898666,2.109586830556509e-06,225.3545379638672,4319.44873046875,1.0,1.0,189.0,189.0,1.0,1.0,2048.0,1458.671875,556.8173217773438,211.0,146.75,2048.0,1458.671875,2259.0,1605.421875,0.390625,8.0,0.0,0.0,0.0,0.0,1.0,0.09375,0.0,0.2914806008338928,6.0,0.09375,0.75,9.15199052542448e-06,1.276799594052136e-05,21.550813674926758,0.06189762428402901,414.25836181640625,392.6447448730469,2.605236053466797,0.32693976163864136,0.0,18.0,8.0,64.0,0.3036363422870636,0.0,0.0,0.2566188871860504,0.109375,9.999999974752427e-07,190.0,64.0,1.7320468425750732,-8.673617379884035e-18,-0.7745950818061829,0.49999889731407166,-5.551115123125783e-16,2.0080134868621826,-0.00267351558431983,0.5501509308815002,577917.625,393831.125,64.0,32.5,286.37945556640625,281.1015319824219,208.0,112.0,539.4345703125,537.5033569335938,3.9335179328918457,1.9731776714324951,541.8861083984375,541.6881103515625,0.0,-0.0019769317004829645,0.018937954679131508,0.9992123246192932,0.9428345561027527,1.7136903451842045e-08,2.4957790500934607e-08,0.05716407299041748,1.3392007076618029e-06,143.8533935546875,2516.5,1.0,1.0,189.0,189.0,1.0,1.0,2048.0,1397.65625,589.5206909179688,211.0,146.75,2048.0,1397.65625,2259.0,1544.40625,0.375,8.0,0.0,0.0,0.0,0.0,1.0,0.078125,0.0,0.2683681845664978,5.0,0.078125,0.75,1.0655960068106651e-05,1.5519093722105026e-05,35.48853302001953,0.05686602368950844,621.8135986328125,586.267333984375,2.9147777557373047,0.365405410528183,0.0,18.0,8.0,64.0,0.3301188051700592,0.0,0.0,0.2513203024864197,0.11865234375,9.999999974752427e-07,190.0,64.0
191,2.6457433700561523,5.204170427930421e-18,-1.2909917831420898,0.7071051597595215,3.3306690738754696e-16,1.187831163406372,-0.0007197576342150569,0.5428617596626282,377067.5,214176.5,64.0,32.5,191.703369140625,181.50857543945312,432.0,151.0,368.033203125,367.6528625488281,5.356863021850586,2.7676031589508057,373.4228515625,372.8098449707031,0.0,0.01995263621211052,0.004329062066972256,0.9998701810836792,0.9555772542953491,2.7314815298495887e-08,2.7474083452716513e-08,0.04442061856389046,2.0918400878144894e-06,185.67877197265625,4180.01318359375,1.0,1.0,190.0,190.0,1.0,1.0,2048.0,1165.8125,600.6665649414062,443.0,198.0,2048.0,1165.8125,2491.0,1363.8125,0.25,8.0,0.0,0.0,0.0,0.0,1.0,0.25,0.0,0.4330126941204071,16.0,0.25,0.5,1.0976014891639352e-05,1.104001421481371e-05,17.787878036499023,0.06182687357068062,401.8337707519531,383.9831848144531,2.551175594329834,0.6312277317047119,0.0,15.0,8.0,64.0,0.2902018129825592,0.0,0.0,0.29758766293525696,0.2373046875,9.999999974752427e-07,191.0,64.0,1.2909917831420898,0.0,-1.2909917831420898,0.49999895691871643,0.0,4.691815376281738,-0.003614874789491296,0.5914878249168396,563831.9375,317978.9375,64.0,32.5,275.44305419921875,259.0782775878906,432.0,151.0,541.118896484375,519.5094604492188,5.536070823669434,2.944960594177246,546.7260131835938,524.8291015625,0.0,0.0028848350048065186,0.026074416935443878,0.9989714026451111,0.9472674131393433,1.1072589956029333e-08,1.7747751712704485e-08,0.05273126810789108,1.3036333257332444e-06,127.43296813964844,2416.649169921875,1.0,1.0,190.0,190.0,1.0,1.0,2048.0,1202.6875,598.164794921875,443.0,198.0,2048.0,1202.6875,2491.0,1400.6875,0.28125,8.0,0.0,0.0,0.0,0.0,1.0,0.125,0.0,0.33071890473365784,8.0,0.125,0.75,6.688060238957405e-06,1.0719988495111465e-05,31.793806076049805,0.05690774694085121,604.01953125,572.1680297851562,2.9300689697265625,0.35772401094436646,0.0,16.0,8.0,64.0,0.316558837890625,0.0,0.0,0.3116598427295685,0.10888671875,9.999999974752427e-07,191.0,64.0
192,2.6457433700561523,5.204170427930421e-18,-1.7320468425750732,0.6123709082603455,3.3306690738754696e-16,0.7384687066078186,-0.0009344401187263429,0.5569693446159363,334197.1875,256957.15625,64.0,32.5,165.8809051513672,163.7450408935547,256.0,124.0,351.41986083984375,351.2812805175781,4.356196880340576,2.3369274139404297,355.99969482421875,355.7461242675781,0.0,0.02951325848698616,0.003257943782955408,0.9995594024658203,0.9298205971717834,1.7639587568396564e-08,3.3532774779132524e-08,0.07017723470926285,2.0844327082158998e-06,274.737548828125,3914.90966796875,1.0,1.0,191.0,191.0,1.0,1.0,2048.0,1573.078125,587.4112548828125,261.0,165.625,2048.0,1573.078125,2309.0,1738.703125,0.515625,8.0,0.0,0.0,0.0,0.0,1.0,0.28125,0.0,0.4496092200279236,18.0,0.28125,0.625,6.463989848271012e-06,1.2288015568628907e-05,25.655473709106445,0.06082819029688835,366.4479064941406,340.7308349609375,2.4702165126800537,0.33271992206573486,0.0,21.0,8.0,64.0,0.3535330593585968,0.0,0.0,0.2790951728820801,0.15234375,9.999999974752427e-07,192.0,64.0,2.6457433700561523,0.0,-1.7320468425750732,0.6123708486557007,0.0,4.341681480407715,-0.0021083280444145203,0.6036733984947205,569369.8125,422651.875,64.0,32.5,278.1484069824219,275.0277404785156,256.0,124.0,529.3527221679688,528.9520263671875,4.8085222244262695,2.6614718437194824,534.1234130859375,533.9205932617188,0.0,0.02787860669195652,0.020436037331819534,0.9998422265052795,0.9320189356803894,1.1717370185237996e-08,2.1266581384793426e-08,0.06797980517148972,1.245890416612383e-06,158.2584991455078,2328.022216796875,1.0,1.0,191.0,191.0,1.0,1.0,2048.0,1532.984375,588.6417236328125,261.0,165.625,2048.0,1532.984375,2309.0,1698.609375,0.484375,8.0,0.0,0.0,0.0,0.0,1.0,0.140625,0.0,0.34763431549072266,9.0,0.140625,0.625,7.2640832513570786e-06,1.3184035196900368e-05,42.0865478515625,0.05695100873708725,619.94140625,577.797119140625,2.953248977661133,0.36591020226478577,0.0,21.0,8.0,64.0,0.3684488832950592,0.0,0.0,0.28619182109832764,0.1455078125,9.999999974752427e-07,192.0,64.0
193,2.6457433700561523,0.0,-0.3779633343219757,0.35355231165885925,0.0,0.5930203199386597,-0.00037466498906724155,0.47715476155281067,374478.59375,200553.953125,64.0,32.5,183.06101989746094,174.0606231689453,208.0,110.5,344.97662353515625,344.6858825683594,4.641443252563477,2.587562084197998,349.5745544433594,349.42864990234375,0.0,-0.009914676658809185,0.0030920435674488544,1.0000358819961548,0.9546694159507751,2.0765829944480174e-08,3.295264860980751e-08,0.045328427106142044,2.0986956315027783e-06,181.51028442382812,4004.336669921875,1.0,1.0,192.0,192.0,1.0,1.0,2048.0,1131.9375,641.6751098632812,224.0,150.0,2048.0,1131.9375,2272.0,1281.9375,0.203125,8.0,0.0,0.0,0.0,0.0,1.0,0.140625,0.0,0.34763431549072266,9.0,0.140625,0.875,8.288014214485884e-06,1.3151991879567504e-05,18.02891731262207,0.062467895448207855,399.1178894042969,381.025634765625,2.6395351886749268,0.33474239706993103,0.0,15.0,8.0,64.0,0.3328450620174408,0.0,0.0,0.211533322930336,0.080078125,9.999999974752427e-07,193.0,64.0,0.5773489475250244,6.938893903907228e-18,-1.7320468425750732,0.35355257987976074,4.440892098500626e-16,1.3144261837005615,-0.0024108574725687504,0.5116989612579346,571382.25,295047.34375,64.0,32.5,286.523681640625,270.65960693359375,208.0,110.5,556.955810546875,556.5958251953125,4.760906219482422,2.5832178592681885,561.8126220703125,561.3850708007812,0.0,0.002893298864364624,0.017493855208158493,0.9992230534553528,0.9602733254432678,1.0448172993449134e-08,1.771462088129283e-08,0.039725322276353836,1.3455494354275288e-06,113.97557830810547,2869.09130859375,1.0,1.0,192.0,192.0,1.0,1.0,2048.0,1074.484375,608.0858764648438,224.0,150.0,2048.0,1074.484375,2272.0,1224.484375,0.1875,8.0,0.0,0.0,0.0,0.0,1.0,0.09375,0.0,0.2914806008338928,6.0,0.09375,0.875,6.30388967692852e-06,1.0688090696930885e-05,23.91105842590332,0.05715686455368996,603.3485107421875,579.3795166015625,2.851803779602051,0.36593058705329895,0.0,12.0,8.0,64.0,0.203460693359375,0.0,0.0,0.20441114902496338,0.09716796875,9.999999974752427e-07,193.0,64.0
194,2.6457433700561523,-1.0408340855860843e-17,-0.7745950818061829,0.7905674576759338,-6.661338147750939e-16,2.179750442504883,-0.0006681352970190346,0.4974788427352905,338947.40625,238864.65625,64.0,32.5,168.9656524658203,167.0505828857422,192.0,109.0,354.69683837890625,345.9277038574219,4.124037742614746,2.025682210922241,356.1892395019531,350.25640869140625,0.0,0.0053614843636751175,0.0034414036199450493,0.999809741973877,0.9375523924827576,1.936133919855365e-08,3.221104449835366e-08,0.06244208291172981,5.465421054395847e-06,249.133544921875,3989.833984375,1.0,1.0,193.0,193.0,1.0,1.0,2048.0,1434.734375,504.4570007324219,203.0,144.25,2048.0,1434.734375,2192.0,1578.984375,0.375,8.0,0.0,0.0,0.0,0.0,1.0,0.15625,0.0,0.36309218406677246,10.0,0.15625,0.375,7.1359972935169935e-06,1.1872005416080356e-05,22.952831268310547,0.061410173773765564,368.56939697265625,345.5531311035156,2.623608112335205,0.33433499932289124,0.0,19.0,8.0,64.0,0.3511577546596527,0.0,0.0,0.2126183658838272,0.177734375,9.999999974752427e-07,194.0,64.0,2.6457433700561523,-8.673617379884035e-18,-0.7745950818061829,0.6123709082603455,-5.551115123125783e-16,3.025923728942871,-0.0023478753864765167,0.5398356318473816,582054.6875,413713.03125,64.0,32.5,294.4437255859375,289.5721740722656,192.0,109.0,565.5267944335938,565.1036376953125,6.459906101226807,2.5313050746917725,570.1033935546875,569.8768920898438,0.0,0.004345480352640152,0.019276348873972893,0.9996294379234314,0.9399087429046631,1.2782868985539153e-08,1.7111636552158416e-08,0.06008993089199066,1.3216761090006912e-06,146.383056640625,2436.06640625,1.0,1.0,193.0,193.0,1.0,1.0,2048.0,1437.15625,491.1636962890625,203.0,144.25,2048.0,1437.15625,2182.0,1581.40625,0.328125,8.0,0.0,0.0,0.0,0.0,1.0,0.09375,0.0,0.2914806008338928,6.0,0.09375,0.625,8.03195871412754e-06,1.0751886293292046e-05,37.699588775634766,0.05718172341585159,628.3377075195312,590.580078125,2.7837793827056885,0.35587233304977417,0.0,19.0,8.0,64.0,0.35016191005706787,0.0,0.0,0.21443630754947662,0.09716796875,9.999999974752427e-07,194.0,64.0
195,2.6457433700561523,-1.734723475976807e-18,-1.7320468425750732,0.7071050405502319,-1.1102230246251565e-16,14.726729393005371,-0.0009711862076073885,0.5391160249710083,350346.59375,253971.203125,64.0,32.5,175.65538024902344,171.70663452148438,240.0,106.0,354.4898376464844,354.3951416015625,4.345765113830566,2.2759687900543213,359.11871337890625,358.8388671875,0.0,0.028077954426407814,0.003335761371999979,0.999701976776123,0.9402174949645996,2.5278408699591637e-08,3.2861915855164625e-08,0.05978019908070564,2.268041271236143e-06,249.4422149658203,4172.65625,1.0,1.0,194.0,194.0,1.0,1.0,2048.0,1480.171875,576.6467895507812,247.0,142.5,2048.0,1480.171875,2295.0,1622.671875,0.359375,8.0,0.0,0.0,0.0,0.0,1.0,0.1875,0.0,0.3903123736381531,12.0,0.1875,0.5,9.600014891475439e-06,1.248001353815198e-05,22.641019821166992,0.06178591400384903,379.7713317871094,357.067626953125,2.6639907360076904,0.3381879925727844,0.0,19.0,8.0,64.0,0.33319413661956787,0.0,0.0,0.2887132167816162,0.1435546875,9.999999974752427e-07,195.0,64.0,2.6457433700561523,0.0,-0.3779633343219757,0.4999984800815582,0.0,4.590444087982178,-0.0022529091220349073,0.5378995537757874,571833.5625,390173.03125,64.0,32.5,279.3520202636719,269.6995849609375,240.0,106.0,540.789306640625,540.6041259765625,4.295403003692627,2.2958052158355713,545.2048950195312,545.0771484375,0.0,0.011051913723349571,0.018761398270726204,0.9995831847190857,0.9377329349517822,1.0086344204296438e-08,1.841435270932834e-08,0.06226574257016182,1.2736949202007963e-06,148.01878356933594,2377.21044921875,1.0,1.0,194.0,194.0,1.0,1.0,2048.0,1430.796875,568.2716674804688,247.0,142.5,2048.0,1430.796875,2295.0,1573.296875,0.34375,8.0,0.0,0.0,0.0,0.0,1.0,0.03125,0.0,0.17399263381958008,2.0,0.03125,0.75,6.239861249923706e-06,1.1391937732696533e-05,38.46293640136719,0.057420410215854645,618.6444702148438,580.123291015625,2.7602171897888184,0.6806851625442505,0.0,19.0,8.0,64.0,0.35349634289741516,0.0,0.0,0.23920391499996185,0.0791015625,9.999999974752427e-07,195.0,64.0
196,1.7320468425750732,0.0,-1.2909917831420898,0.7905677556991577,0.0,1.2549633979797363,-0.0008570469217374921,0.5513098239898682,336550.0,235183.234375,64.0,32.5,166.73138427734375,165.7423095703125,368.0,121.0,369.05548095703125,356.16162109375,4.274533271789551,2.215005874633789,370.40997314453125,360.56817626953125,0.0,0.022126978263258934,0.004419185221195221,0.9997578859329224,0.9475414156913757,2.038729540743134e-08,3.1948928835845436e-08,0.05245637148618698,2.180454885092331e-06,250.8891143798828,4782.81494140625,1.0,1.0,195.0,195.0,1.0,1.0,2048.0,1421.359375,349.4966125488281,377.0,159.125,2048.0,1421.359375,2425.0,1580.484375,0.078125,8.0,0.0,0.0,0.0,0.0,1.0,0.34375,0.0,0.4749588668346405,22.0,0.34375,0.375,7.391994586214423e-06,1.1583993909880519e-05,18.958223342895508,0.06132946535944939,362.5784912109375,343.5581359863281,2.8160667419433594,0.8245705962181091,0.0,16.0,8.0,64.0,0.22876739501953125,0.0,0.0,0.2940532863140106,0.1953125,9.999999974752427e-07,196.0,64.0,2.6457433700561523,-1.3877787807814457e-17,-0.5773489475250244,0.7071049213409424,-8.881784197001252e-16,4.005231857299805,-0.004224251490086317,0.5845751166343689,601651.75,446645.375,64.0,32.5,299.6869812011719,293.8504943847656,368.0,121.0,588.0237426757812,587.3689575195312,4.493130207061768,2.3421621322631836,592.621337890625,592.0977172851562,0.0,-0.026283081620931625,0.02184338867664337,0.9980444312095642,0.9437465071678162,1.1382534026438407e-08,1.7519402817356422e-08,0.056252170354127884,1.2954697012901306e-06,150.59413146972656,2677.125732421875,1.0,1.0,195.0,195.0,1.0,1.0,2048.0,1521.484375,380.5065612792969,377.0,159.125,2048.0,1521.484375,2425.0,1680.609375,0.15625,8.0,0.0,0.0,0.0,0.0,1.0,0.09375,0.0,0.2914806008338928,6.0,0.09375,0.5,7.360009476542473e-06,1.1328142136335373e-05,36.31714630126953,0.05581866204738617,646.6055297851562,610.231689453125,2.8655505180358887,0.3596881926059723,0.0,18.0,8.0,64.0,0.2710028886795044,0.0,0.0,0.2882498800754547,0.1708984375,9.999999974752427e-07,196.0,64.0
197,1.7320468425750732,-1.3877787807814457e-17,-0.9999979734420776,0.707105278968811,-8.881784197001252e-16,0.850275993347168,-0.0005765415262430906,0.5123869180679321,337544.5,212172.1875,64.0,32.5,168.7439422607422,166.02041625976562,368.0,143.5,365.1154479980469,356.5148010253906,4.561763763427734,2.387861967086792,366.60528564453125,361.16448974609375,0.0,0.025324396789073944,0.0032869509886950254,0.9998887777328491,0.9438283443450928,2.3950240901626785e-08,3.4477775301411384e-08,0.05616939812898636,2.17998490370519e-06,225.199462890625,4009.291015625,1.0,1.0,196.0,196.0,1.0,1.0,2048.0,1283.484375,647.0503540039062,374.0,190.0,2048.0,1283.484375,2422.0,1473.484375,0.328125,8.0,0.0,0.0,0.0,0.0,1.0,0.1875,0.0,0.3903123736381531,12.0,0.1875,0.5,8.736009476706386e-06,1.2575997970998287e-05,20.426105499267578,0.06205503270030022,364.75665283203125,344.2676696777344,2.626162052154541,0.33189675211906433,0.0,17.0,8.0,64.0,0.3233067989349365,0.0,0.0,0.2456815540790558,0.1357421875,9.999999974752427e-07,197.0,64.0,1.7320468425750732,-1.3877787807814457e-17,-0.9999979734420776,0.6123710870742798,-8.881784197001252e-16,4.062573432922363,-0.0023945309221744537,0.5587143301963806,616279.9375,366583.0625,64.0,32.5,303.27740478515625,290.7530212402344,368.0,143.5,547.3110961914062,546.075927734375,4.633961200714111,2.4035797119140625,551.0993041992188,550.8165893554688,0.0,0.0329083576798439,0.01962616853415966,0.9998325109481812,0.9513604640960693,9.254608634989836e-09,1.9921881033724276e-08,0.04863830283284187,1.196533048641868e-06,120.52486419677734,2477.982421875,1.0,1.0,196.0,196.0,1.0,1.0,2048.0,1237.1875,646.4821166992188,374.0,190.0,2048.0,1237.1875,2422.0,1427.1875,0.3125,8.0,0.0,0.0,0.0,0.0,1.0,0.125,0.0,0.33071890473365784,8.0,0.125,0.625,6.079906597733498e-06,1.308787614107132e-05,31.896175384521484,0.0572393462061882,656.9598999023438,625.0056762695312,2.9676642417907715,0.363081693649292,0.0,16.0,8.0,64.0,0.303619384765625,0.0,0.0,0.24745777249336243,0.11376953125,9.999999974752427e-07,197.0,64.0
198,1.7320468425750732,-6.938893903907228e-18,-0.5773489475250244,0.35355257987976074,-4.440892098500626e-16,0.9165207147598267,-0.0002691301633603871,0.5387776494026184,339251.59375,252468.984375,64.0,32.5,170.78671264648438,166.90350341796875,368.0,127.0,360.2621154785156,342.38287353515625,4.511812210083008,2.2366955280303955,361.6628723144531,346.9651184082031,0.0,0.020344289019703865,0.002989613451063633,1.0002009868621826,0.931390643119812,2.2306343439026932e-08,3.6517018742188156e-08,0.06860709935426712,2.197636376877199e-06,261.9735107421875,3818.460693359375,1.0,1.0,197.0,197.0,1.0,1.0,2048.0,1520.890625,687.7664184570312,384.0,171.375,2048.0,1520.890625,2432.0,1692.265625,0.5625,8.0,0.0,0.0,0.0,0.0,1.0,0.03125,0.0,0.17399263381958008,2.0,0.03125,0.875,8.287985110655427e-06,1.3568002032116055e-05,25.431133270263672,0.06002909317612648,371.5528259277344,346.0608215332031,2.714879274368286,0.33279773592948914,0.0,21.0,8.0,64.0,0.3708089292049408,0.0,0.0,0.28224730491638184,0.08837890625,9.999999974752427e-07,198.0,64.0,2.6457433700561523,0.0,-0.3779633343219757,0.35355231165885925,0.0,5.856735706329346,-0.002725236816331744,0.569347620010376,575687.75,412171.84375,64.0,32.5,283.9035949707031,279.991455078125,368.0,127.0,575.7097778320312,563.7083740234375,4.619816780090332,2.474640130996704,578.4235229492188,568.4804077148438,0.0,0.01054467260837555,0.018918314948678017,0.999257504940033,0.9322693943977356,1.2902514612278537e-08,1.9581472443519488e-08,0.0677291750907898,1.4007454183229129e-06,148.60475158691406,2194.1025390625,1.0,1.0,197.0,197.0,1.0,1.0,2048.0,1468.484375,682.7405395507812,384.0,171.375,2048.0,1468.484375,2357.0,1639.859375,0.4375,8.0,0.0,0.0,0.0,0.0,1.0,0.015625,0.0,0.12401959300041199,1.0,0.015625,0.875,8.160015568137169e-06,1.2384029105305672e-05,42.776275634765625,0.05809543654322624,632.43603515625,589.6007690429688,2.826284408569336,0.3610680103302002,0.0,21.0,8.0,64.0,0.3903052806854248,0.0,0.0,0.2475435733795166,0.0673828125,9.999999974752427e-07,198.0,64.0
199,1.7320468425750732,-2.0816681711721685e-17,-0.5773489475250244,0.612371027469635,-1.3322676295501878e-15,0.6865379810333252,-0.0008615651750005782,0.56081223487854,345630.125,226879.34375,64.0,32.5,170.56097412109375,169.53916931152344,256.0,133.0,390.7063903808594,348.013427734375,5.279839038848877,2.84826397895813,392.22454833984375,353.10369873046875,0.0,-0.01024018507450819,0.0035415550228208303,0.9996857643127441,0.9457738399505615,2.2638538155206334e-08,3.164252504461729e-08,0.05422393977642059,2.1500479761016322e-06,230.0245361328125,4242.12158203125,1.0,1.0,198.0,198.0,1.0,1.0,2048.0,1341.21875,551.0986328125,261.0,178.0,2048.0,1341.21875,2259.0,1519.21875,0.21875,8.0,0.0,0.0,0.0,0.0,1.0,0.09375,0.0,0.2914806008338928,6.0,0.09375,0.625,8.447997970506549e-06,1.1808006092905998e-05,20.173011779785156,0.06167564168572426,373.16888427734375,352.9333801269531,2.708120822906494,0.8765893578529358,0.0,17.0,8.0,64.0,0.3022891879081726,0.0,0.0,0.3282489776611328,0.146484375,9.999999974752427e-07,199.0,64.0,0.0,0.0,0.0,0.0,0.0,2.979412078857422,-0.003965017851442099,0.6047391891479492,570060.25,361044.15625,64.0,32.5,278.4856872558594,275.1543273925781,256.0,133.0,561.6726684570312,561.166015625,4.889543056488037,2.5039849281311035,566.8079833984375,566.0933837890625,0.0,0.0,0.02492624707520008,0.9984621405601501,0.9445145726203918,1.1070834027293586e-08,1.8695070380658763e-08,0.05548412725329399,1.2977869801034103e-06,136.63465881347656,2462.590087890625,1.0,1.0,198.0,198.0,1.0,1.0,2048.0,1308.234375,573.867919921875,261.0,178.0,2048.0,1308.234375,2259.0,1486.234375,0.25,8.0,0.0,0.0,0.0,0.0,0.0,0.0,0.0,0.0,0.0,0.0,1.0,6.783986464142799e-06,1.1455966159701347e-05,33.94166946411133,0.05789876729249954,612.7800903320312,578.7796630859375,2.8528783321380615,0.6927189230918884,0.0,17.0,8.0,64.0,0.3174474239349365,0.0,0.0,0.32556894421577454,0.0,9.999999974752427e-07,199.0,64.0
200,1.7320468425750732,-8.673617379884035e-18,-0.9999979734420776,0.707105278968811,-5.551115123125783e-16,1.7334725856781006,-0.0006192331202328205,0.5131354331970215,363520.46875,273596.3125,64.0,32.5,177.58694458007812,174.2734375,192.0,112.0,357.10333251953125,345.0523986816406,4.550403594970703,2.420210599899292,358.4525451660156,349.71337890625,0.0,0.03946946561336517,0.003315060632303357,0.9998871088027954,0.9447778463363647,2.1321712395661052e-08,2.834727119704894e-08,0.055219866335392,2.2176920992933447e-06,255.66957092285156,4630.02880859375,1.0,1.0,199.0,199.0,1.0,1.0,2048.0,1564.828125,479.75341796875,195.0,147.125,2048.0,1564.828125,2233.0,1711.953125,0.3125,8.0,0.0,0.0,0.0,0.0,1.0,0.203125,0.0,0.4023247957229614,13.0,0.203125,0.5,8.351984433829784e-06,1.110398443415761e-05,21.567922592163086,0.06239611655473709,391.712646484375,370.0814208984375,2.588609457015991,0.3424485921859741,0.0,18.0,8.0,64.0,0.2573988139629364,0.0,0.0,0.26966771483421326,0.138671875,9.999999974752427e-07,200.0,64.0,1.2909917831420898,-1.734723475976807e-18,-0.7745950818061829,0.3535526692867279,-1.1102230246251565e-16,5.485928535461426,-0.0029004989191889763,0.5330295562744141,600780.8125,455226.8125,64.0,32.5,301.0624084472656,293.4892272949219,192.0,112.0,545.6935424804688,545.5589599609375,4.426443099975586,2.2268755435943604,550.4097900390625,550.1361694335938,0.0,-0.0027660811319947243,0.021375903859734535,0.9991115927696228,0.9444376230239868,1.374082359006934e-08,1.706468033546571e-08,0.05556106939911842,1.2946743481734302e-06,154.10765075683594,2773.662353515625,1.0,1.0,199.0,199.0,1.0,1.0,2048.0,1553.296875,485.85125732421875,195.0,147.125,2048.0,1553.296875,2233.0,1700.421875,0.265625,8.0,0.0,0.0,0.0,0.0,1.0,0.046875,0.0,0.21137107908725739,3.0,0.046875,0.875,8.863862603902817e-06,1.1008000001311302e-05,35.783084869384766,0.057975057512521744,645.0750732421875,609.233154296875,2.884580135345459,0.36476215720176697,0.0,18.0,8.0,64.0,0.2624036967754364,0.0,0.0,0.2608396112918854,0.076171875,9.999999974752427e-07,200.0,64.0
201,2.6457433700561523,-1.734723475976807e-18,-1.7320468425750732,0.7071050405502319,-1.1102230246251565e-16,1.6750714778900146,-0.0006517375586554408,0.5892640352249146,341793.5,201721.53125,64.0,32.5,174.77978515625,169.56382751464844,208.0,98.5,355.3323974609375,355.1453552246094,5.1473588943481445,2.787973403930664,360.68511962890625,360.13665771484375,0.0,-0.03028537705540657,0.003562991740182042,0.999915361404419,0.9540777802467346,2.100990137421377e-08,3.15996047106637e-08,0.04591989517211914,2.2766726033296436e-06,209.60916137695312,4564.669921875,1.0,1.0,200.0,200.0,1.0,1.0,2048.0,1197.203125,573.411376953125,211.0,130.0,2048.0,1197.203125,2189.0,1327.203125,0.1875,8.0,0.0,0.0,0.0,0.0,1.0,0.1875,0.0,0.3903123736381531,12.0,0.1875,0.5,7.68000609241426e-06,1.1550990166142583e-05,16.72319221496582,0.062468018382787704,365.542236328125,348.7557067871094,2.6144046783447266,28.5396785736084,0.0,14.0,8.0,64.0,0.2599312961101532,0.0,0.0,0.3037988841533661,0.19921875,9.999999974752427e-07,201.0,64.0,2.6457433700561523,0.0,-0.3779633343219757,0.4999984800815582,0.0,6.776632785797119,-0.0034976245369762182,0.6271852254867554,617280.0,350697.78125,64.0,32.5,308.98785400390625,298.88641357421875,208.0,98.5,540.5880737304688,524.8501586914062,4.2879791259765625,2.2978382110595703,541.96240234375,529.287841796875,0.0,0.03449171409010887,0.024498382583260536,0.9991410374641418,0.9605493545532227,1.0275205575283053e-08,1.7190064482974776e-08,0.03944941610097885,1.2138139027229045e-06,114.29646301269531,2897.291748046875,1.0,1.0,200.0,200.0,1.0,1.0,2048.0,1173.546875,556.5592651367188,211.0,130.0,2048.0,1173.546875,2189.0,1303.546875,0.171875,8.0,0.0,0.0,0.0,0.0,1.0,0.03125,0.0,0.17399263381958008,2.0,0.03125,0.75,6.752088665962219e-06,1.1296011507511139e-05,25.864843368530273,0.058331239968538284,657.1244506835938,631.200439453125,6.9920220375061035,32.82134246826172,0.0,13.0,8.0,64.0,0.21721942722797394,0.0,0.0,0.2973029911518097,0.125,9.999999974752427e-07,201.0,64.0
202,1.7320468425750732,-8.673617379884035e-18,-1.7320468425750732,0.7071052193641663,-5.551115123125783e-16,0.9255045056343079,-0.0005488634924404323,0.5561517477035522,344356.78125,254038.125,64.0,32.5,168.22509765625,167.09814453125,256.0,152.5,354.4729919433594,331.5849304199219,4.57910680770874,2.342214345932007,355.875,336.2181091308594,0.0,0.030284959822893143,0.003933967091143131,1.0000298023223877,0.9321494102478027,2.2445771463708297e-08,3.409376247986984e-08,0.06784828007221222,2.2704109596816124e-06,257.9962463378906,3802.546630859375,1.0,1.0,201.0,201.0,1.0,1.0,2048.0,1517.234375,602.0637817382812,258.0,199.375,2048.0,1517.234375,2281.0,1716.609375,0.5,8.0,0.0,0.0,0.0,0.0,1.0,0.203125,0.0,0.4023247957229614,13.0,0.203125,0.5,8.447997970506549e-06,1.2831995263695717e-05,25.47476577758789,0.06154162436723709,376.3736877441406,350.8365173339844,2.6275956630706787,0.3315967321395874,0.0,21.0,8.0,64.0,0.361752450466156,0.0,0.0,0.31485041975975037,0.1396484375,9.999999974752427e-07,202.0,64.0,2.6457433700561523,-6.938893903907228e-18,-0.5773489475250244,0.7071047425270081,-4.440892098500626e-16,15.048956871032715,-0.0038293018005788326,0.5887373685836792,559311.75,415993.75,64.0,32.5,305.2663879394531,281.5404968261719,256.0,152.5,656.5664672851562,654.62451171875,4.587562084197998,2.4076340198516846,661.3395385742188,659.3170166015625,0.0,0.022858835756778717,0.02283751405775547,0.9985803365707397,0.92759108543396,1.3884498883953711e-08,1.8895876863211925e-08,0.07240747660398483,1.4237555205909302e-06,156.70953369140625,2164.27294921875,1.0,1.0,201.0,201.0,1.0,1.0,2048.0,1501.09375,639.280029296875,258.0,199.375,2048.0,1501.09375,2281.0,1700.46875,0.515625,8.0,0.0,0.0,0.0,0.0,1.0,0.078125,0.0,0.2683681845664978,5.0,0.078125,0.5,8.511822670698166e-06,1.1584023013710976e-05,44.331077575683594,0.057962823659181595,613.0449829101562,568.6550903320312,2.9546761512756348,0.35733696818351746,0.0,21.0,8.0,64.0,0.3677571713924408,0.0,0.0,0.2985120415687561,0.150390625,9.999999974752427e-07,202.0,64.0
203,1.7320468425750732,1.734723475976807e-18,-2.6457433700561523,0.7071050405502319,1.1102230246251565e-16,0.932072639465332,-0.000650332251098007,0.5367792248725891,343062.53125,225192.578125,64.0,32.5,167.91200256347656,167.56942749023438,176.0,110.5,354.1164855957031,353.8584289550781,5.476476669311523,3.0395584106445312,359.6889953613281,359.12640380859375,0.0,-0.009735219180583954,0.0030678410548716784,0.99982750415802,0.943856954574585,2.0642648479451964e-08,3.221619593318792e-08,0.05614066869020462,2.331732957827626e-06,232.26693725585938,4137.2314453125,1.0,1.0,202.0,202.0,1.0,1.0,2048.0,1344.59375,449.43304443359375,191.0,147.625,2048.0,1344.59375,2239.0,1492.21875,0.21875,8.0,0.0,0.0,0.0,0.0,1.0,0.3125,0.0,0.4635123908519745,20.0,0.3125,0.5,7.64802098274231e-06,1.1935975635424256e-05,20.740510940551758,0.05938787758350372,370.4961242675781,349.6953430175781,2.6994428634643555,0.3288993835449219,0.0,17.0,8.0,64.0,0.314697265625,0.0,0.0,0.27052217721939087,0.14453125,9.999999974752427e-07,203.0,64.0,2.6457433700561523,6.938893903907228e-18,-1.7320468425750732,0.49999865889549255,4.440892098500626e-16,1.6796622276306152,-0.002562275156378746,0.5964942574501038,590840.3125,414174.3125,64.0,32.5,293.8637390136719,290.9171142578125,176.0,110.5,560.96435546875,560.7592163085938,5.629380226135254,2.18973708152771,565.4854736328125,565.3154296875,0.0,0.02738962322473526,0.020810993388295174,0.9994675517082214,0.9392510056495667,1.273365057841147e-08,1.8047423111511307e-08,0.060747694224119186,1.2956469390701386e-06,143.17942810058594,2356.952392578125,1.0,1.0,202.0,202.0,1.0,1.0,2048.0,1428.03125,515.7763671875,191.0,147.625,2048.0,1428.03125,2239.0,1575.65625,0.375,8.0,0.0,0.0,0.0,0.0,1.0,0.109375,0.0,0.3121091425418854,7.0,0.109375,0.75,8.128117769956589e-06,1.1519994586706161e-05,38.72066879272461,0.05567554384469986,638.3179931640625,599.540771484375,3.1848113536834717,0.3614494204521179,0.0,19.0,8.0,64.0,0.3525262176990509,0.0,0.0,0.2781680226325989,0.1064453125,9.999999974752427e-07,203.0,64.0
204,2.6457433700561523,-1.734723475976807e-18,-2.6457433700561523,0.6123707890510559,-1.1102230246251565e-16,0.9917573928833008,-0.0007842314662411809,0.5306345820426941,358699.21875,240756.28125,64.0,32.5,224.05386352539062,188.45620727539062,256.0,109.0,366.3271484375,356.8561706542969,4.361763954162598,2.35612416267395,367.899169921875,361.3758544921875,0.0,0.018069811165332794,0.003204456064850092,0.9996905326843262,0.9489256739616394,2.144365751632904e-08,2.800970655414403e-08,0.051072075963020325,2.2169122075865744e-06,222.89871215820312,4364.39501953125,1.0,1.0,203.0,203.0,1.0,1.0,2048.0,1340.90625,717.3132934570312,260.0,142.875,2048.0,1340.90625,2308.0,1483.78125,0.328125,8.0,0.0,0.0,0.0,0.0,1.0,0.296875,0.0,0.45688098669052124,19.0,0.296875,0.625,8.256000000983477e-06,1.0783987818285823e-05,19.6012020111084,0.0620029978454113,385.0089416503906,365.3448791503906,2.630768299102783,0.33625420928001404,0.0,16.0,8.0,64.0,0.2759857177734375,0.0,0.0,0.2566817104816437,0.1630859375,9.999999974752427e-07,204.0,64.0,1.7320468425750732,-5.204170427930421e-18,-1.2909917831420898,0.49999889731407166,-3.3306690738754696e-16,3.7048869132995605,-0.0021780768875032663,0.5747894644737244,563050.875,365959.125,64.0,32.5,287.2179870605469,273.1645812988281,256.0,109.0,537.5017700195312,537.2672119140625,4.2364912033081055,2.276806354522705,541.9249267578125,541.6995239257812,0.0,0.00965433195233345,0.01878558285534382,0.9997549057006836,0.9416895508766174,1.5285138488252414e-08,1.8394473499938613e-08,0.058309029787778854,1.3968686971566058e-06,140.02125549316406,2401.36474609375,1.0,1.0,203.0,203.0,1.0,1.0,2048.0,1328.3125,720.1080932617188,260.0,142.875,2048.0,1328.3125,2308.0,1471.1875,0.296875,8.0,0.0,0.0,0.0,0.0,1.0,0.109375,0.0,0.3121091425418854,7.0,0.109375,0.75,9.280163794755936e-06,1.116795465350151e-05,35.34369659423828,0.05783821642398834,607.1364135742188,571.7340087890625,3.129319429397583,0.36640071868896484,0.0,17.0,8.0,64.0,0.3243623673915863,0.0,0.0,0.2533099353313446,0.09716796875,9.999999974752427e-07,204.0,64.0
205,1.7320468425750732,3.469446951953614e-18,-1.7320468425750732,0.9354122281074524,2.220446049250313e-16,2.6209750175476074,-0.000905533495824784,0.4531027674674988,366390.65625,208250.671875,64.0,32.5,178.98907470703125,172.73843383789062,192.0,109.0,350.2588195800781,349.9353332519531,4.912320137023926,2.6368439197540283,355.29901123046875,354.7052917480469,0.0,0.02068060263991356,0.0035889071878045797,0.9995965957641602,0.9551078081130981,2.089497641577509e-08,2.958069700298438e-08,0.044889967888593674,2.1685511910618516e-06,196.21009826660156,4370.912109375,1.0,1.0,204.0,204.0,1.0,1.0,2048.0,1197.265625,505.8326416015625,198.0,142.375,2048.0,1197.265625,2246.0,1339.640625,0.125,8.0,0.0,0.0,0.0,0.0,1.0,0.4375,0.0,0.49607837200164795,28.0,0.4375,0.125,8.160015568137169e-06,1.1552008800208569e-05,17.46831703186035,0.06234907731413841,390.5252380371094,372.99371337890625,2.809659957885742,0.34139198064804077,0.0,14.0,8.0,64.0,0.25299072265625,0.0,0.0,0.19856207072734833,0.23046875,9.999999974752427e-07,205.0,64.0,2.6457433700561523,0.0,-0.9999979734420776,0.7905673384666443,0.0,5.270779132843018,-0.0029270194936543703,0.47480958700180054,555157.3125,330597.03125,64.0,32.5,297.1700439453125,283.2244873046875,192.0,109.0,565.3558959960938,564.7509765625,4.488681793212891,2.3129706382751465,570.1441650390625,569.5233764648438,0.0,0.011454210616648197,0.016617609187960625,0.9989423155784607,0.9539750218391418,1.1206134686858604e-08,1.9921710503467693e-08,0.046023618429899216,1.327886820945423e-06,128.17124938964844,2784.9013671875,1.0,1.0,204.0,204.0,1.0,1.0,2048.0,1183.796875,509.2515563964844,198.0,142.375,2048.0,1183.796875,2246.0,1326.171875,0.109375,8.0,0.0,0.0,0.0,0.0,1.0,0.171875,0.0,0.37727177143096924,11.0,0.171875,0.375,6.624031811952591e-06,1.1775875464081764e-05,27.14719009399414,0.05772180110216141,591.107666015625,563.9019165039062,3.04892635345459,0.3692794442176819,0.0,13.0,8.0,64.0,0.20362266898155212,0.0,0.0,0.1787506341934204,0.197265625,9.999999974752427e-07,205.0,64.0
206,1.2909917831420898,-1.734723475976807e-18,-0.7745950818061829,0.3535526692867279,-1.1102230246251565e-16,1.1846199035644531,-0.0009085559868253767,0.5846532583236694,353313.96875,247806.078125,64.0,32.5,174.89149475097656,171.37371826171875,208.0,122.5,348.4906005859375,338.22265625,4.255716800689697,2.2503178119659424,350.0552062988281,342.5799560546875,0.0,0.004800636321306229,0.00367515510879457,0.999658465385437,0.9395810961723328,2.4141405319255682e-08,3.0994630861869155e-08,0.06041670963168144,2.136860985046951e-06,240.8165740966797,3985.9267578125,1.0,1.0,205.0,205.0,1.0,1.0,2048.0,1441.265625,594.9999389648438,221.0,162.125,2048.0,1441.265625,2269.0,1603.390625,0.390625,8.0,0.0,0.0,0.0,0.0,1.0,0.046875,0.0,0.21137107908725739,3.0,0.046875,0.875,9.24698542803526e-06,1.1872005416080356e-05,23.079715728759766,0.06195445731282234,383.0342712402344,359.8917541503906,2.6836535930633545,0.34539341926574707,0.0,19.0,8.0,64.0,0.34112226963043213,0.0,0.0,0.32818517088890076,0.06201171875,9.999999974752427e-07,206.0,64.0,0.0,0.0,0.0,0.0,0.0,3.4594364166259766,-0.0031880720052868128,0.6229667067527771,584202.9375,395652.5,64.0,32.5,285.3946838378906,275.2878112792969,208.0,122.5,551.7351684570312,551.4990234375,4.352266788482666,2.159675121307373,556.2596435546875,556.0396728515625,0.0,0.0,0.02307039126753807,0.9990674257278442,0.9409417510032654,1.0104363568075314e-08,1.827947748722636e-08,0.059056952595710754,1.2577210100062075e-06,143.88589477539062,2436.39208984375,1.0,1.0,205.0,205.0,1.0,1.0,2048.0,1416.859375,618.5525512695312,221.0,162.125,2048.0,1416.859375,2269.0,1578.984375,0.390625,8.0,0.0,0.0,0.0,0.0,0.0,0.0,0.0,0.0,0.0,0.0,1.0,6.367918103933334e-06,1.1519994586706161e-05,37.160804748535156,0.05775335431098938,630.2146606445312,592.9953002929688,2.96809458732605,0.37220147252082825,0.0,18.0,8.0,64.0,0.3151109516620636,0.0,0.0,0.32986149191856384,0.0,9.999999974752427e-07,206.0,64.0
207,2.6457433700561523,-8.673617379884035e-18,-0.7745950818061829,0.6123709082603455,-5.551115123125783e-16,1.042037010192871,-0.0006525335484184325,0.5367094278335571,352450.875,266129.625,64.0,32.5,172.17922973632812,167.84951782226562,352.0,134.5,353.5770568847656,349.360595703125,4.516164302825928,2.4310948848724365,354.960205078125,353.95391845703125,0.0,-0.008565325289964676,0.0031366264447569847,0.9997988939285278,0.9362396001815796,1.9270389728376358e-08,3.487026489779055e-08,0.06375814974308014,2.1666951397492085e-06,263.4664611816406,4132.27880859375,1.0,1.0,206.0,206.0,1.0,1.0,2048.0,1579.125,466.8560485839844,358.0,178.125,2048.0,1579.125,2406.0,1757.25,0.34375,8.0,0.0,0.0,0.0,0.0,1.0,0.09375,0.0,0.2914806008338928,6.0,0.09375,0.625,7.391994586214423e-06,1.3376004062592983e-05,24.393774032592773,0.06343252211809158,383.5934143066406,359.1353759765625,2.6649298667907715,0.3305962085723877,0.0,20.0,8.0,64.0,0.31396484375,0.0,0.0,0.2796979546546936,0.138671875,9.999999974752427e-07,207.0,64.0,2.6457433700561523,-6.938893903907228e-18,-0.5773489475250244,0.49999865889549255,-4.440892098500626e-16,3.3736138343811035,-0.00249089184217155,0.594020426273346,585712.875,445050.65625,64.0,32.5,286.30975341796875,279.8454895019531,352.0,134.5,551.946044921875,551.6864624023438,4.571016788482666,2.4051918983459473,556.7553100585938,556.4920654296875,0.0,-0.035710692405700684,0.01944361999630928,0.9993051886558533,0.9346786141395569,1.177535047247602e-08,2.1185453391581177e-08,0.06532010436058044,1.2531482980193687e-06,158.84317016601562,2431.765380859375,1.0,1.0,206.0,206.0,1.0,1.0,2048.0,1578.28125,503.4030456542969,358.0,178.125,2048.0,1578.28125,2406.0,1756.40625,0.375,8.0,0.0,0.0,0.0,0.0,1.0,0.046875,0.0,0.21137107908725739,3.0,0.046875,0.75,7.488066330552101e-06,1.3472046703100204e-05,41.48054885864258,0.05717472732067108,635.9102783203125,594.3717041015625,3.0413262844085693,0.37050896883010864,0.0,20.0,8.0,64.0,0.3142944276332855,0.0,0.0,0.290321946144104,0.10888671875,9.999999974752427e-07,207.0,64.0
208,2.6457433700561523,-5.204170427930421e-18,-1.2909917831420898,0.7071049213409424,-3.3306690738754696e-16,1.4036521911621094,-0.0004335400299169123,0.5760307908058167,341717.46875,273207.71875,64.0,32.5,168.4980010986328,167.1980743408203,240.0,119.5,359.4887390136719,359.1708984375,4.429090976715088,2.3000752925872803,364.38751220703125,363.65997314453125,0.0,0.042238615453243256,0.0034001583699136972,1.000096082687378,0.934663712978363,2.0938376366075317e-08,2.9348036889587092e-08,0.06533394008874893,2.314359562660684e-06,280.77197265625,4297.490234375,1.0,1.0,207.0,207.0,1.0,1.0,2048.0,1635.953125,385.7823486328125,249.0,159.125,2048.0,1635.953125,2297.0,1795.078125,0.34375,8.0,0.0,0.0,0.0,0.0,1.0,0.140625,0.0,0.34763431549072266,9.0,0.140625,0.5,7.808004738762975e-06,1.0944000678136945e-05,24.302141189575195,0.06114770472049713,372.9040222167969,348.53985595703125,2.7905166149139404,0.3403984010219574,0.0,20.0,8.0,64.0,0.2991882264614105,0.0,0.0,0.32360097765922546,0.173828125,9.999999974752427e-07,208.0,64.0,2.6457433700561523,0.0,-0.3779633343219757,0.35355231165885925,0.0,8.49929141998291,-0.0033930856734514236,0.6224815845489502,602814.75,472695.71875,64.0,32.5,294.4869079589844,290.10247802734375,240.0,119.5,542.0677490234375,541.8214111328125,4.533320903778076,2.2303829193115234,546.833984375,546.5176391601562,0.0,0.022474829107522964,0.02058999240398407,0.9985877275466919,0.9371018409729004,1.3678758570279115e-08,5.530256430574809e-08,0.06289679557085037,1.3138064787199255e-06,159.24119567871094,2531.78564453125,1.0,1.0,207.0,207.0,1.0,1.0,2048.0,1623.96875,422.3107604980469,249.0,159.125,2048.0,1623.96875,2297.0,1783.09375,0.421875,8.0,0.0,0.0,0.0,0.0,1.0,0.015625,0.0,0.12401959300041199,1.0,0.015625,0.875,8.927891030907631e-06,3.609503619372845e-05,40.99384307861328,0.05781853199005127,652.682861328125,611.6303100585938,3.044903039932251,0.5775911211967468,0.0,20.0,8.0,64.0,0.3038696348667145,0.0,0.0,0.312988817691803,0.0703125,9.999999974752427e-07,208.0,64.0
209,1.7320468425750732,-8.673617379884035e-18,-2.6457433700561523,0.7905675172805786,-5.551115123125783e-16,0.9216592311859131,-0.0006185383535921574,0.5183007717132568,350588.46875,251060.703125,64.0,32.5,172.51060485839844,171.07012939453125,208.0,106.0,359.4447937011719,344.7986755371094,4.437603950500488,2.4253833293914795,360.79144287109375,349.3823547363281,0.0,0.011569499969482422,0.0032906297128647566,0.9998653531074524,0.938201904296875,1.9078878921163778e-08,3.000515391704539e-08,0.06179581582546234,2.2434740003518527e-06,246.63613891601562,3991.146240234375,1.0,1.0,208.0,208.0,1.0,1.0,2048.0,1467.234375,588.8231201171875,216.0,142.5,2048.0,1467.234375,2264.0,1609.734375,0.359375,8.0,0.0,0.0,0.0,0.0,1.0,0.3125,0.0,0.4635123908519745,20.0,0.3125,0.375,7.263995939865708e-06,1.1424010153859854e-05,23.468883514404297,0.05894355848431587,380.7349548339844,357.20623779296875,2.751634359359741,0.34242358803749084,0.0,19.0,8.0,64.0,0.3385138213634491,0.0,0.0,0.26466384530067444,0.1640625,9.999999974752427e-07,209.0,64.0,2.6457433700561523,0.0,-0.9999979734420776,0.4999987483024597,0.0,4.624038219451904,-0.0028186661656945944,0.5413587093353271,602439.4375,411036.59375,64.0,32.5,294.6718444824219,290.86114501953125,208.0,106.0,556.0794677734375,550.381103515625,4.273738861083984,2.2224903106689453,559.284423828125,554.8526000976562,0.0,0.019294261932373047,0.01991921477019787,0.9990729689598083,0.9460177421569824,1.476407618383746e-08,3.7156215881850585e-08,0.05398046597838402,1.7692938172331196e-06,139.51800537109375,2584.601806640625,1.0,1.0,208.0,208.0,1.0,1.0,2048.0,1408.03125,586.4778442382812,216.0,142.5,2048.0,1408.03125,2264.0,1550.53125,0.328125,8.0,0.0,0.0,0.0,0.0,1.0,0.078125,0.0,0.2683681845664978,5.0,0.078125,0.75,9.536044672131538e-06,2.3999018594622612e-05,34.80820846557617,0.057507846504449844,645.8950805664062,611.0281982421875,3.0306339263916016,0.3662072420120239,0.0,17.0,8.0,64.0,0.2878992557525635,0.0,0.0,0.24903886020183563,0.1044921875,9.999999974752427e-07,209.0,64.0
210,1.7320468425750732,-8.673617379884035e-18,-0.9999979734420776,0.6123711466789246,-5.551115123125783e-16,0.9924180507659912,-0.0006863631424494088,0.5615942478179932,350394.875,230472.921875,64.0,32.5,172.9467010498047,167.923583984375,128.0,94.0,355.89599609375,340.5572204589844,4.079013824462891,2.056034803390503,357.3544006347656,344.82073974609375,0.0,0.018014241009950638,0.0035399647895246744,0.9998309016227722,0.9479143619537354,2.176223290462076e-08,2.915795249691655e-08,0.05208335071802139,2.2196520603756653e-06,231.8851776123047,4452.19384765625,1.0,1.0,209.0,209.0,1.0,1.0,2048.0,1363.890625,553.671142578125,141.0,125.25,2048.0,1363.890625,2189.0,1489.140625,0.265625,8.0,0.0,0.0,0.0,0.0,1.0,0.265625,0.0,0.4416654407978058,17.0,0.265625,0.625,8.19200067780912e-06,1.0975985787808895e-05,19.543495178222656,0.06234395131468773,376.4319763183594,356.8252868652344,2.5485763549804688,0.344598650932312,0.0,16.0,8.0,64.0,0.27336883544921875,0.0,0.0,0.2780114412307739,0.1708984375,9.999999974752427e-07,210.0,64.0,2.6457433700561523,-1.3877787807814457e-17,-0.5773489475250244,0.6123708486557007,-8.881784197001252e-16,4.983460426330566,-0.0026745060458779335,0.6010538339614868,606820.0,393672.4375,64.0,32.5,315.9037170410156,302.88299560546875,128.0,94.0,551.2055053710938,539.3524780273438,4.061613082885742,1.9970492124557495,554.3489379882812,543.66259765625,0.0,0.0008145011961460114,0.021244307979941368,0.9995370507240295,0.952413022518158,1.663805626606063e-08,3.3078311645340364e-08,0.047585226595401764,1.7173887272292632e-06,129.51112365722656,2721.66650390625,1.0,1.0,209.0,209.0,1.0,1.0,2048.0,1307.703125,552.4324340820312,141.0,125.25,2048.0,1307.703125,2176.0,1432.953125,0.1875,8.0,0.0,0.0,0.0,0.0,1.0,0.203125,0.0,0.4023247957229614,13.0,0.203125,0.625,1.0751886293292046e-05,2.1375948563218117e-05,30.693363189697266,0.05728116258978844,646.2224731445312,615.470703125,3.0212154388427734,0.36731576919555664,0.0,15.0,8.0,64.0,0.2541910707950592,0.0,0.0,0.2804010808467865,0.1533203125,9.999999974752427e-07,210.0,64.0
211,2.6457433700561523,-1.734723475976807e-18,-2.6457433700561523,0.7071049809455872,-1.1102230246251565e-16,2.5172386169433594,-0.0007319787400774658,0.477502703666687,350139.125,176150.625,64.0,32.5,174.1181640625,169.8382110595703,208.0,112.0,357.4985656738281,336.600830078125,4.297187805175781,2.291746139526367,358.9289245605469,340.99359130859375,0.0,0.017471253871917725,0.0036600674502551556,0.9998109340667725,0.9560107588768005,1.8010933189316347e-08,3.018967476009493e-08,0.04398708790540695,2.088132077915361e-06,177.21160888671875,4028.718994140625,1.0,1.0,210.0,210.0,1.0,1.0,2048.0,1033.109375,591.3128051757812,210.0,148.5,2048.0,1033.109375,2220.0,1181.609375,0.140625,8.0,0.0,0.0,0.0,0.0,1.0,0.359375,0.0,0.479817271232605,23.0,0.359375,0.5,6.720016244798899e-06,1.1263997294008732e-05,16.350460052490234,0.061455607414245605,373.10760498046875,356.69488525390625,2.67450213432312,0.3423653542995453,0.0,13.0,8.0,64.0,0.29049918055534363,0.0,0.0,0.253475159406662,0.2392578125,9.999999974752427e-07,211.0,64.0,1.7320468425750732,0.0,-1.7320468425750732,0.4999988377094269,0.0,2.4814841747283936,-0.0028626893181353807,0.5010590553283691,576049.8125,272371.03125,64.0,32.5,282.86383056640625,279.9284973144531,208.0,112.0,555.8271484375,555.4205932617188,4.809352874755859,2.4722208976745605,561.0015258789062,560.2796630859375,0.0,-0.030978098511695862,0.023797297850251198,0.9994261860847473,0.958649218082428,1.579473796198272e-08,2.8283459130307165e-08,0.04134904593229294,1.7189408936246764e-06,102.19055938720703,2471.412841796875,1.0,1.0,210.0,210.0,1.0,1.0,2048.0,973.71875,561.7283325195312,210.0,148.5,2048.0,973.71875,2220.0,1122.21875,0.140625,8.0,0.0,0.0,0.0,0.0,1.0,0.25,0.0,0.4330126941204071,16.0,0.25,0.75,9.631970897316933e-06,1.7247861251235008e-05,25.15760612487793,0.05793191120028496,609.8214721679688,584.6048583984375,3.0340702533721924,0.35738253593444824,0.0,12.0,8.0,64.0,0.2700398862361908,0.0,0.0,0.24644523859024048,0.19140625,9.999999974752427e-07,211.0,64.0
212,1.7320468425750732,-1.734723475976807e-18,-2.6457433700561523,0.7071050405502319,-1.1102230246251565e-16,1.1144506931304932,-0.0008060732507146895,0.5058168172836304,345067.84375,219866.6875,64.0,32.5,170.28408813476562,169.60531616210938,304.0,115.0,364.3196716308594,363.9275207519531,5.2125115394592285,2.882603406906128,369.5747985839844,368.99835205078125,0.0,-0.007027245592325926,0.0031279700342565775,0.9996366500854492,0.9498879313468933,2.7303601157768753e-08,3.326276498683001e-08,0.05010979250073433,2.2163310404721415e-06,224.43637084960938,4478.89208984375,1.0,1.0,211.0,211.0,1.0,1.0,2048.0,1298.765625,468.3751220703125,314.0,154.375,2048.0,1298.765625,2362.0,1453.140625,0.171875,8.0,0.0,0.0,0.0,0.0,1.0,0.28125,0.0,0.4496092200279236,18.0,0.28125,0.5,1.0112009476870298e-05,1.2319011148065329e-05,18.496341705322266,0.06204155087471008,370.3544006347656,351.7951965332031,2.6383395195007324,0.3368006944656372,0.0,15.0,8.0,64.0,0.24367675185203552,0.0,0.0,0.22921279072761536,0.1728515625,9.999999974752427e-07,212.0,64.0,2.6457433700561523,-6.938893903907228e-18,-0.5773489475250244,0.6123707294464111,-4.440892098500626e-16,2.8484392166137695,-0.002654255833476782,0.5564579963684082,595517.0,375020.625,64.0,32.5,306.65093994140625,298.4728698730469,304.0,115.0,587.4147338867188,563.0120849609375,4.884713172912598,2.5767948627471924,590.7056274414062,567.8275756835938,0.0,0.00012589339166879654,0.01942826248705387,0.9993205070495605,0.9514233469963074,1.2188655418299277e-08,2.0649732590527492e-08,0.04857414960861206,2.4680255137354834e-06,127.51203155517578,2625.1005859375,1.0,1.0,211.0,211.0,1.0,1.0,2048.0,1265.875,504.21990966796875,314.0,154.375,2048.0,1265.875,2362.0,1420.25,0.21875,8.0,0.0,0.0,0.0,0.0,1.0,0.0625,0.0,0.24206146597862244,4.0,0.0625,0.625,7.744180038571358e-06,1.3120006769895554e-05,30.804330825805664,0.057725414633750916,635.3596801757812,604.4960327148438,3.0272388458251953,0.3693659007549286,0.0,15.0,8.0,64.0,0.2608073055744171,0.0,0.0,0.22967207431793213,0.1474609375,9.999999974752427e-07,212.0,64.0
213,2.6457433700561523,6.938893903907228e-18,-2.6457433700561523,0.7071049213409424,4.440892098500626e-16,0.982547402381897,-0.0011312095448374748,0.6069081425666809,346783.9375,206863.390625,64.0,32.5,171.72271728515625,170.21156311035156,208.0,112.0,360.2989501953125,348.2412109375,5.451324462890625,3.018735647201538,361.71533203125,353.50164794921875,0.0,0.01861686073243618,0.004672177601605654,0.9995073080062866,0.9514257907867432,1.8516459476813907e-08,2.7817808501140462e-08,0.048572052270174026,2.0929467154928716e-06,209.6773681640625,4316.83154296875,1.0,1.0,212.0,212.0,1.0,1.0,2048.0,1217.3125,556.1470947265625,221.0,149.75,2048.0,1217.3125,2269.0,1367.0625,0.21875,8.0,0.0,0.0,0.0,0.0,1.0,0.28125,0.0,0.4496092200279236,18.0,0.28125,0.5,6.880000000819564e-06,1.0336021659895778e-05,17.985801696777344,0.06169294938445091,371.5613098144531,353.5130310058594,2.7421624660491943,0.3396844267845154,0.0,15.0,8.0,64.0,0.2885091006755829,0.0,0.0,0.3480313718318939,0.1708984375,9.999999974752427e-07,213.0,64.0,1.7320468425750732,-6.938893903907228e-18,-0.9999979734420776,0.49999892711639404,-4.440892098500626e-16,3.941971778869629,-0.004042146727442741,0.6432732343673706,585022.25,376714.53125,64.0,32.5,301.6981201171875,294.0060729980469,208.0,112.0,540.5681762695312,539.9415893554688,5.245573997497559,2.356785774230957,544.7728881835938,544.4170532226562,0.0,0.010065890848636627,0.025838732719421387,0.9986817240715027,0.9445220232009888,1.0386510318483033e-08,1.878706967772814e-08,0.05547662824392319,1.347412421637273e-06,131.64942932128906,2373.061279296875,1.0,1.0,212.0,212.0,1.0,1.0,2048.0,1292.875,563.8334350585938,221.0,149.75,2048.0,1292.875,2269.0,1442.625,0.3125,8.0,0.0,0.0,0.0,0.0,1.0,0.09375,0.0,0.2914806008338928,6.0,0.09375,0.75,6.528105586767197e-06,1.1808006092905998e-05,34.810386657714844,0.05765786021947861,628.5177001953125,593.6488037109375,3.120429754257202,0.36199358105659485,0.0,16.0,8.0,64.0,0.29608154296875,0.0,0.0,0.34071603417396545,0.1044921875,9.999999974752427e-07,213.0,64.0
214,1.7320468425750732,-1.3877787807814457e-17,-2.6457433700561523,0.7905675768852234,-8.881784197001252e-16,0.5699760913848877,-0.0004793257685378194,0.5157833695411682,340060.59375,206189.578125,64.0,32.5,169.2714385986328,166.53762817382812,192.0,100.0,359.3334045410156,346.8170471191406,4.289539813995361,2.2948479652404785,360.83770751953125,351.17333984375,0.0,-0.009233011864125729,0.0033115502446889877,1.0000077486038208,0.9538818001747131,1.828072271337078e-08,2.9969804415941326e-08,0.04611596465110779,2.2129970602691174e-06,218.1239471435547,4729.90087890625,1.0,1.0,213.0,213.0,1.0,1.0,2048.0,1240.921875,633.5497436523438,196.0,133.375,2048.0,1240.921875,2176.0,1374.296875,0.25,8.0,0.0,0.0,0.0,0.0,1.0,0.296875,0.0,0.45688098669052124,19.0,0.296875,0.375,6.656016921624541e-06,1.0912015568464994e-05,16.72991943359375,0.06091880798339844,364.100341796875,347.3086853027344,2.781567335128784,0.8360618948936462,0.0,14.0,8.0,64.0,0.2336512953042984,0.0,0.0,0.24801771342754364,0.1875,9.999999974752427e-07,214.0,64.0,2.6457433700561523,0.0,-0.9999979734420776,0.7071049809455872,0.0,2.5184121131896973,-0.0026939206290990114,0.5454134941101074,581437.8125,356125.90625,64.0,32.5,295.6601257324219,286.320068359375,192.0,100.0,541.9323120117188,541.1367797851562,4.8077521324157715,2.596625804901123,546.0941772460938,545.904541015625,0.0,0.012177897617220879,0.02015729434788227,0.9994000196456909,0.9466503262519836,1.1295704815950103e-08,1.740605526379113e-08,0.05334828421473503,1.3573484238804667e-06,127.91824340820312,2397.794921875,1.0,1.0,213.0,213.0,1.0,1.0,2048.0,1245.671875,648.9578857421875,196.0,133.375,2048.0,1245.671875,2175.0,1379.046875,0.265625,8.0,0.0,0.0,0.0,0.0,1.0,0.15625,0.0,0.36309218406677246,10.0,0.15625,0.5,7.039867341518402e-06,1.0848045349121094e-05,33.190330505371094,0.05813463032245636,623.2340087890625,589.9846801757812,2.9149606227874756,0.36213016510009766,0.0,16.0,8.0,64.0,0.32712554931640625,0.0,0.0,0.23381571471691132,0.1611328125,9.999999974752427e-07,214.0,64.0
215,2.6457433700561523,-5.204170427930421e-18,-1.2909917831420898,0.7071051001548767,-3.3306690738754696e-16,0.638471245765686,-0.0006032259552739561,0.5856651663780212,342483.59375,310147.84375,64.0,32.5,169.7686767578125,167.57325744628906,256.0,119.5,354.60687255859375,352.71905517578125,4.184549331665039,2.2252042293548584,357.1329040527344,357.0356140136719,0.0,0.007597226183861494,0.002395048039034009,0.9998473525047302,0.9137776494026184,2.108679098000721e-08,3.096073442065972e-08,0.08622008562088013,2.219373754996923e-06,310.0730285644531,3596.297119140625,1.0,1.0,214.0,214.0,1.0,1.0,2048.0,1852.78125,326.3238525390625,261.0,158.0,2048.0,1852.78125,2309.0,2010.78125,0.625,8.0,0.0,0.0,0.0,0.0,1.0,0.1875,0.0,0.3903123736381531,12.0,0.1875,0.5,8.064002031460404e-06,1.1839991202577949e-05,32.90936279296875,0.06288551539182663,382.4195861816406,349.44647216796875,2.9218602180480957,0.33207327127456665,0.0,26.0,8.0,64.0,0.39609938859939575,0.0,0.0,0.3116720914840698,0.1630859375,9.999999974752427e-07,215.0,64.0,2.6457433700561523,-8.673617379884035e-18,-0.7745950818061829,0.6123709082603455,-5.551115123125783e-16,6.061633110046387,-0.002917759818956256,0.6331839561462402,591889.5,522346.1875,64.0,32.5,289.1497497558594,285.45965576171875,256.0,119.5,551.8565673828125,551.2495727539062,4.4060258865356445,2.2832605838775635,556.3673706054688,555.9342041015625,0.0,0.00942712090909481,0.01950538344681263,0.9989607930183411,0.9230605363845825,1.185532028102898e-08,1.6380836243001795e-08,0.07693817466497421,1.2762742471750244e-06,179.4535369873047,2332.43798828125,1.0,1.0,214.0,214.0,1.0,1.0,2048.0,1824.015625,332.1283264160156,261.0,158.0,2048.0,1824.015625,2309.0,1982.015625,0.59375,8.0,0.0,0.0,0.0,0.0,1.0,0.09375,0.0,0.2914806008338928,6.0,0.09375,0.625,7.712049409747124e-06,1.0655960068106651e-05,49.99164962768555,0.057697415351867676,650.5137939453125,600.463623046875,2.9298791885375977,0.36833488941192627,0.0,24.0,8.0,64.0,0.3551381528377533,0.0,0.0,0.31553617119789124,0.1318359375,9.999999974752427e-07,215.0,64.0
216,2.6457433700561523,8.673617379884035e-18,-1.7320468425750732,0.7905674576759338,5.551115123125783e-16,0.7244298458099365,-0.00046061506145633757,0.5609976649284363,343383.09375,261951.4375,64.0,32.5,170.19422912597656,168.81431579589844,352.0,140.5,350.90142822265625,344.2415771484375,4.6043219566345215,2.468035936355591,352.35906982421875,348.98089599609375,0.0,0.04805271700024605,0.0030536497943103313,1.0000454187393188,0.9349572062492371,1.8190776884807747e-08,3.398758252615153e-08,0.06504051387310028,2.224476020273869e-06,265.6904602050781,4084.99951171875,1.0,1.0,215.0,215.0,1.0,1.0,2048.0,1555.515625,485.0830078125,356.0,186.75,2048.0,1555.515625,2276.0,1742.265625,0.375,8.0,0.0,0.0,0.0,0.0,1.0,0.265625,0.0,0.4416654407978058,17.0,0.265625,0.375,6.8160006776452065e-06,1.2734992196783423e-05,24.30743408203125,0.06294845789670944,374.6954345703125,350.3241882324219,3.0854785442352295,0.34291449189186096,0.0,20.0,8.0,64.0,0.3198181092739105,0.0,0.0,0.30864807963371277,0.2060546875,9.999999974752427e-07,216.0,64.0,1.7320468425750732,-6.938893903907228e-18,-0.9999979734420776,0.49999892711639404,-4.440892098500626e-16,3.544074058532715,-0.002703709527850151,0.6224921345710754,614035.5625,485023.9375,64.0,32.5,318.46087646484375,307.64691162109375,352.0,140.5,586.72216796875,539.3637084960938,4.316267013549805,2.185518741607666,589.5567016601562,544.0118408203125,0.0,0.0006814710795879364,0.020279306918382645,0.9993022084236145,0.935626745223999,1.322007392445812e-08,1.7402786767206635e-08,0.06437193602323532,1.2595755833899602e-06,152.75482177734375,2373.00341796875,1.0,1.0,215.0,215.0,1.0,1.0,2048.0,1588.75,470.4059753417969,356.0,186.75,2048.0,1588.75,2276.0,1775.5,0.421875,8.0,0.0,0.0,0.0,0.0,1.0,0.09375,0.0,0.2914806008338928,6.0,0.09375,0.75,8.799834176898003e-06,1.1584023013710976e-05,42.790504455566406,0.058147940784692764,665.641845703125,622.7922973632812,3.0164077281951904,0.3689098060131073,0.0,21.0,8.0,64.0,0.33984375,0.0,0.0,0.33599695563316345,0.09326171875,9.999999974752427e-07,216.0,64.0
217,2.6457433700561523,-1.5612511283791264e-17,-0.7745950818061829,0.7071050405502319,-9.992007221626409e-16,0.8480559587478638,-0.0007404286880046129,0.5843780040740967,345957.1875,295043.375,64.0,32.5,169.71499633789062,168.74069213867188,416.0,122.5,352.8692321777344,340.1486511230469,4.287204742431641,2.1703972816467285,354.4776306152344,344.6208190917969,0.0,0.05096597969532013,0.00324565009213984,0.9997745752334595,0.9226383566856384,2.285260158885194e-08,3.390215752574477e-08,0.07735921442508698,2.3672794213780435e-06,292.56842041015625,3781.94677734375,1.0,1.0,216.0,216.0,1.0,1.0,2048.0,1747.53125,462.5840759277344,426.0,164.625,2048.0,1747.53125,2474.0,1912.15625,0.5625,8.0,0.0,0.0,0.0,0.0,1.0,0.125,0.0,0.33071890473365784,8.0,0.125,0.5,8.736009476706386e-06,1.2959993910044432e-05,29.511308670043945,0.06129179894924164,382.2763671875,352.7028503417969,2.791621685028076,0.3312375843524933,0.0,24.0,8.0,64.0,0.3778788149356842,0.0,0.0,0.3207990825176239,0.1533203125,9.999999974752427e-07,217.0,64.0,1.2909917831420898,-1.734723475976807e-18,-0.7745950818061829,0.3535526692867279,-1.1102230246251565e-16,5.26348876953125,-0.002712684916332364,0.6238985061645508,531731.1875,413990.84375,64.0,32.5,268.4419860839844,262.7235412597656,416.0,122.5,552.0989990234375,551.777099609375,4.818120956420898,2.5903079509735107,556.7858276367188,556.5980834960938,0.0,0.010568151250481606,0.020804520696401596,0.9993252158164978,0.9227866530418396,1.3058233605534042e-08,1.8576983507045952e-08,0.07721186429262161,1.4210821746019064e-06,172.84197998046875,2238.541748046875,1.0,1.0,216.0,216.0,1.0,1.0,2048.0,1581.6875,511.4666748046875,426.0,164.625,2048.0,1581.6875,2474.0,1746.3125,0.4375,8.0,0.0,0.0,0.0,0.0,1.0,0.046875,0.0,0.21137107908725739,3.0,0.046875,0.875,7.647788152098656e-06,1.0879943147301674e-05,45.161014556884766,0.0594969242811203,585.6679077148438,540.446533203125,3.0059800148010254,0.36994513869285583,0.0,21.0,8.0,64.0,0.3507021963596344,0.0,0.0,0.3060007095336914,0.0654296875,9.999999974752427e-07,217.0,64.0
218,2.6457433700561523,-6.938893903907228e-18,-0.5773489475250244,0.6123707294464111,-4.440892098500626e-16,1.137834072113037,-0.0011445563286542892,0.6308949589729309,342029.34375,212469.1875,64.0,32.5,173.39349365234375,169.27383422851562,240.0,118.0,351.9637756347656,348.3211364746094,4.6259870529174805,2.347653388977051,353.2929382324219,353.1383972167969,0.0,0.002970591653138399,0.005168533883988857,0.9995802640914917,0.9500054121017456,1.9864993205942483e-08,2.8019259801226326e-08,0.04999227821826935,2.2920089577382896e-06,219.23614501953125,4385.400390625,1.0,1.0,217.0,217.0,1.0,1.0,2048.0,1263.65625,610.728515625,249.0,158.25,2048.0,1263.65625,2297.0,1421.90625,0.21875,8.0,0.0,0.0,0.0,0.0,1.0,0.1875,0.0,0.3903123736381531,12.0,0.1875,0.625,7.327995263040066e-06,1.0336021659895778e-05,18.379377365112305,0.062269266694784164,368.889892578125,350.4473876953125,2.903369188308716,0.33176636695861816,0.0,15.0,8.0,64.0,0.2599446475505829,0.0,0.0,0.3850076198577881,0.177734375,9.999999974752427e-07,218.0,64.0,0.9999979734420776,0.0,-0.9999979734420776,0.3535526692867279,0.0,3.457305431365967,-0.0058355205692350864,0.6816986799240112,538889.9375,332899.4375,64.0,32.5,271.1177673339844,261.41357421875,240.0,118.0,537.0372314453125,536.8470458984375,4.823495864868164,2.397784471511841,542.2518310546875,541.6355590820312,0.0,0.020888086408376694,0.03320782631635666,0.9975086450576782,0.9428858160972595,1.4614678356394961e-08,1.957799611318478e-08,0.0571126788854599,1.4678685147373471e-06,139.60760498046875,2444.424072265625,1.0,1.0,217.0,217.0,1.0,1.0,2048.0,1265.703125,603.235107421875,249.0,158.25,2048.0,1265.703125,2297.0,1423.953125,0.234375,8.0,0.0,0.0,0.0,0.0,1.0,0.0625,0.0,0.24206146597862244,4.0,0.0625,0.875,8.479924872517586e-06,1.13598071038723e-05,33.081520080566406,0.05716416984796524,580.2333984375,547.0938720703125,2.9957029819488525,0.6257453560829163,0.0,16.0,8.0,64.0,0.30519866943359375,0.0,0.0,0.38318756222724915,0.10498046875,9.999999974752427e-07,218.0,64.0
219,1.7320468425750732,-5.204170427930421e-18,-1.7320468425750732,0.7071052193641663,-3.3306690738754696e-16,0.47760581970214844,-0.0005713528953492641,0.5367228984832764,344254.125,228559.921875,64.0,32.5,171.75885009765625,169.50189208984375,400.0,125.5,340.56964111328125,339.5047302246094,5.277277946472168,2.641758441925049,345.07940673828125,344.7254638671875,0.0,-0.030389538034796715,0.0028426162898540497,0.9998767971992493,0.946652889251709,2.2435443725044024e-08,3.339429710536024e-08,0.053344596177339554,2.475904921084293e-06,233.36099243164062,4374.5947265625,1.0,1.0,218.0,218.0,1.0,1.0,2048.0,1352.1875,505.5377502441406,408.0,169.375,2048.0,1352.1875,2456.0,1521.5625,0.234375,8.0,0.0,0.0,0.0,0.0,1.0,0.359375,0.0,0.479817271232605,23.0,0.359375,0.5,8.319999324157834e-06,1.2384000001475215e-05,19.72053337097168,0.06187080591917038,370.8417663574219,351.05841064453125,2.8966143131256104,0.3354871869087219,0.0,16.0,8.0,64.0,0.257537841796875,0.0,0.0,0.28256553411483765,0.1796875,9.999999974752427e-07,219.0,64.0,2.6457433700561523,5.204170427930421e-18,-1.7320468425750732,0.6123709082603455,3.3306690738754696e-16,2.175584316253662,-0.002839429769665003,0.5749679803848267,550103.1875,368000.3125,64.0,32.5,269.0875244140625,263.19610595703125,400.0,125.5,545.8696899414062,524.1298828125,4.931079864501953,2.3919918537139893,548.5689697265625,529.0435180664062,0.0,0.014244182035326958,0.019962212070822716,0.9990013837814331,0.934948742389679,1.4725636710011258e-08,2.2220532969186024e-08,0.06504978239536285,1.4263312095863512e-06,148.7913818359375,2287.346435546875,1.0,1.0,218.0,218.0,1.0,1.0,2048.0,1389.34375,513.5269775390625,408.0,169.375,2048.0,1389.34375,2456.0,1558.71875,0.265625,8.0,0.0,0.0,0.0,0.0,1.0,0.15625,0.0,0.36309218406677246,10.0,0.15625,0.625,8.800067007541656e-06,1.3279030099511147e-05,38.8154296875,0.058434657752513885,597.601806640625,558.72705078125,2.9410336017608643,0.37133270502090454,0.0,18.0,8.0,64.0,0.3239067792892456,0.0,0.0,0.27926403284072876,0.14453125,9.999999974752427e-07,219.0,64.0
220,2.6457433700561523,-6.938893903907228e-18,-0.5773489475250244,0.7071047425270081,-4.440892098500626e-16,0.907214879989624,-0.000671859597787261,0.5468882322311401,344770.0,261551.046875,64.0,32.5,169.16368103027344,168.3602294921875,240.0,116.5,374.0146484375,349.22705078125,4.2888689041137695,2.1165032386779785,375.44537353515625,353.6683654785156,0.0,0.030404100194573402,0.0031962369102984667,0.9998124241828918,0.935371994972229,2.3838866880510068e-08,3.0649960791606645e-08,0.06462554633617401,2.4220123577833874e-06,264.7065734863281,4096.00537109375,1.0,1.0,219.0,219.0,1.0,1.0,2048.0,1554.5625,484.4303894042969,242.0,153.0,2048.0,1554.5625,2212.0,1707.5625,0.34375,8.0,0.0,0.0,0.0,0.0,1.0,0.078125,0.0,0.2683681845664978,5.0,0.078125,0.5,8.960021659731865e-06,1.1520023690536618e-05,24.228588104248047,0.06142092123627663,375.8576965332031,351.5667724609375,2.747478723526001,0.3337155282497406,0.0,20.0,8.0,64.0,0.3333740234375,0.0,0.0,0.288723349571228,0.1728515625,9.999999974752427e-07,220.0,64.0,1.2909917831420898,-1.734723475976807e-18,-0.7745950818061829,0.3535526692867279,-1.1102230246251565e-16,2.869744062423706,-0.002525113755837083,0.5812423229217529,617521.3125,475741.625,64.0,32.5,307.6603698730469,300.51873779296875,240.0,116.5,546.5502319335938,546.2379150390625,4.221995830535889,2.150305986404419,550.965087890625,550.6990966796875,0.0,0.008444457314908504,0.021009236574172974,0.9994509220123291,0.9327021241188049,1.2110091596184702e-08,1.7116844830411537e-08,0.06729652732610703,1.3085768841847312e-06,150.36447143554688,2234.35693359375,1.0,1.0,219.0,219.0,1.0,1.0,2048.0,1576.6875,524.039794921875,242.0,153.0,2048.0,1576.6875,2290.0,1729.6875,0.453125,8.0,0.0,0.0,0.0,0.0,1.0,0.046875,0.0,0.21137107908725739,3.0,0.046875,0.875,8.12695361673832e-06,1.1486932635307312e-05,45.101966857910156,0.0600176565349102,671.08935546875,625.9264526367188,2.9647343158721924,0.3685126006603241,0.0,20.0,8.0,64.0,0.3247314393520355,0.0,0.0,0.30037182569503784,0.0703125,9.999999974752427e-07,220.0,64.0
221,2.6457433700561523,-5.204170427930421e-18,-1.2909917831420898,0.6123709082603455,-3.3306690738754696e-16,0.9361244440078735,-0.0007628454477526248,0.5574203729629517,344824.375,230765.546875,64.0,32.5,170.71971130371094,169.0238800048828,160.0,112.0,371.95703125,353.7449645996094,4.193477630615234,2.034647226333618,373.3148498535156,358.13592529296875,0.0,0.005924777127802372,0.004081446211785078,0.9998127818107605,0.9437224268913269,1.958970052839959e-08,3.995279129753726e-08,0.056275323033332825,2.215945642092265e-06,234.8541717529297,4173.306640625,1.0,1.0,220.0,220.0,1.0,1.0,2048.0,1366.703125,521.313720703125,165.0,147.375,2048.0,1366.703125,2213.0,1514.078125,0.265625,8.0,0.0,0.0,0.0,0.0,1.0,0.125,0.0,0.33071890473365784,8.0,0.125,0.625,7.295981049537659e-06,1.4880002709105611e-05,20.897136688232422,0.06202354282140732,372.43963623046875,351.4796142578125,2.908709764480591,0.342835932970047,0.0,17.0,8.0,64.0,0.3046515882015228,0.0,0.0,0.33360254764556885,0.1806640625,9.999999974752427e-07,221.0,64.0,0.0,0.0,0.0,0.0,0.0,2.7042055130004883,-0.004041507840156555,0.604433536529541,580635.0,412195.78125,64.0,32.5,287.34149169921875,282.7910461425781,160.0,112.0,539.44140625,539.1921997070312,4.796168804168701,2.6244451999664307,544.3141479492188,544.0018310546875,0.0,0.0,0.024614261463284492,0.9983792901039124,0.9337902665138245,1.3893519223984185e-08,1.9673539242148763e-08,0.0662083551287651,1.343528651887027e-06,147.67601013183594,2230.473876953125,1.0,1.0,220.0,220.0,1.0,1.0,2048.0,1456.21875,577.8125610351562,165.0,147.375,2048.0,1456.21875,2213.0,1603.59375,0.40625,8.0,0.0,0.0,0.0,0.0,0.0,0.0,0.0,0.0,0.0,0.0,1.0,8.768169209361076e-06,1.2415926903486252e-05,41.726463317871094,0.05748295411467552,631.0977783203125,589.31298828125,3.022371530532837,0.36085107922554016,0.0,20.0,8.0,64.0,0.3739868104457855,0.0,0.0,0.3390595614910126,0.0,9.999999974752427e-07,221.0,64.0
222,2.6457433700561523,-1.5612511283791264e-17,-0.7745950818061829,0.7905673980712891,-9.992007221626409e-16,0.8884890079498291,-0.0008583388989791274,0.6411522030830383,343515.84375,256929.9375,64.0,32.5,171.1564178466797,168.92160034179688,832.0,173.5,367.6480712890625,353.2901611328125,4.707842826843262,2.4655232429504395,369.0845947265625,358.1318054199219,0.0,0.015348708257079124,0.003276775125414133,0.9996999502182007,0.9373586177825928,5.3503683261624246e-08,3.5010131682611245e-08,0.06263895332813263,2.3635673187527573e-06,261.2503662109375,4170.7333984375,1.0,1.0,221.0,221.0,1.0,1.0,2048.0,1525.890625,527.0638427734375,846.0,229.25,2048.0,1525.890625,2894.0,1755.140625,0.359375,8.0,0.0,0.0,0.0,0.0,1.0,0.265625,0.0,0.4416654407978058,17.0,0.265625,0.375,2.0000006770715117e-05,1.3087003026157618e-05,23.353025436401367,0.061802420765161514,373.80615234375,350.3904113769531,2.8989648818969727,0.3382798731327057,0.0,19.0,8.0,64.0,0.2787250578403473,0.0,0.0,0.3947954475879669,0.20703125,9.999999974752427e-07,222.0,64.0,2.6457433700561523,-1.734723475976807e-18,-0.7745950818061829,0.6123707890510559,-1.1102230246251565e-16,2.430938720703125,-0.0023306668736040592,0.6708567142486572,609386.75,463219.6875,64.0,32.5,300.19873046875,292.12152099609375,832.0,173.5,570.7010498046875,570.1034545898438,5.362758159637451,2.880265474319458,576.2567749023438,575.4420166015625,0.0,0.015247350558638573,0.021560339257121086,0.9996993541717529,0.9337776303291321,3.0252603977487524e-08,1.9185838695534585e-08,0.06622098386287689,1.3149266351319966e-06,151.86093139648438,2293.244873046875,1.0,1.0,221.0,221.0,1.0,1.0,2048.0,1571.171875,506.2980651855469,846.0,229.25,2048.0,1571.171875,2894.0,1800.421875,0.375,8.0,0.0,0.0,0.0,0.0,1.0,0.078125,0.0,0.2683681845664978,5.0,0.078125,0.625,2.0031817257404327e-05,1.2703938409686089e-05,43.79041290283203,0.05793270841240883,662.15185546875,618.3026123046875,3.3748865127563477,0.362100750207901,0.0,21.0,8.0,64.0,0.3305722177028656,0.0,0.0,0.38755571842193604,0.1494140625,9.999999974752427e-07,222.0,64.0
223,2.6457433700561523,-1.9081958235744878e-17,-2.6457433700561523,0.8660232424736023,-1.2212453270876722e-15,0.6543656587600708,-0.0006571122212335467,0.5076270699501038,356642.4375,184063.125,64.0,32.5,177.26358032226562,169.3314666748047,176.0,92.5,345.47906494140625,332.6502990722656,5.339966297149658,2.9029109477996826,347.02252197265625,337.71954345703125,0.0,0.07311247289180756,0.003777353558689356,0.9998378157615662,0.9578226804733276,2.7500327348661813e-08,3.3236606356013e-08,0.042174842208623886,2.388715074630454e-06,182.1473846435547,4318.86328125,1.0,1.0,222.0,222.0,1.0,1.0,2048.0,1079.625,572.3094482421875,178.0,121.25,2048.0,1079.625,2226.0,1200.875,0.203125,8.0,0.0,0.0,0.0,0.0,1.0,0.296875,0.0,0.45688098669052124,19.0,0.296875,0.25,1.0432006092742085e-05,1.2608012184500694e-05,15.937402725219727,0.06125154718756676,379.3411560058594,363.3415832519531,2.831411123275757,0.339249849319458,0.0,13.0,8.0,64.0,0.2789212763309479,0.0,0.0,0.2295195311307907,0.2001953125,9.999999974752427e-07,223.0,64.0,2.6457433700561523,6.938893903907228e-18,-1.7320468425750732,0.49999865889549255,4.440892098500626e-16,4.092408180236816,-0.003518658457323909,0.5677940249443054,587619.3125,319521.375,64.0,32.5,296.2315979003906,288.4714050292969,176.0,92.5,564.7058715820312,564.2122192382812,4.344266891479492,2.1895790100097656,569.1344604492188,568.7576904296875,0.0,-0.019432194530963898,0.022303789854049683,0.9992231726646423,0.9570040702819824,1.0732629895926493e-08,2.1516449066893983e-08,0.04299337416887283,2.542974698371836e-06,114.5434799194336,2664.212158203125,1.0,1.0,222.0,222.0,1.0,1.0,2048.0,1115.28125,602.875732421875,178.0,121.25,2048.0,1115.28125,2226.0,1236.53125,0.203125,8.0,0.0,0.0,0.0,0.0,1.0,0.109375,0.0,0.3121091425418854,7.0,0.109375,0.75,6.688060238957405e-06,1.340801827609539e-05,26.73413848876953,0.05727085843682289,623.1520385742188,596.3590087890625,3.221217632293701,0.36720752716064453,0.0,13.0,8.0,64.0,0.2574932277202606,0.0,0.0,0.2399452030658722,0.1513671875,9.999999974752427e-07,223.0,64.0
224,2.6457433700561523,-1.3877787807814457e-17,-0.5773489475250244,0.6123708486557007,-8.881784197001252e-16,0.7273363471031189,-0.0004346290079411119,0.5070857405662537,350268.4375,195651.96875,64.0,32.5,172.64453125,168.0449676513672,176.0,104.5,359.0075378417969,348.6460266113281,4.38054895401001,2.2119266986846924,360.51129150390625,353.2002258300781,0.0,0.021767985075712204,0.003952301573008299,1.0000507831573486,0.9490748047828674,2.5362862032807243e-08,3.0214128088346115e-08,0.050922807306051254,2.3408558718074346e-06,196.5006866455078,3858.795166015625,1.0,1.0,223.0,223.0,1.0,1.0,2048.0,1154.390625,739.0587768554688,189.0,139.0,2048.0,1154.390625,2237.0,1293.390625,0.359375,8.0,0.0,0.0,0.0,0.0,1.0,0.078125,0.0,0.2683681845664978,5.0,0.078125,0.625,9.536015568301082e-06,1.1360010830685496e-05,19.084003448486328,0.062128663063049316,375.9834289550781,356.8363952636719,2.6660401821136475,0.3390443027019501,0.0,16.0,8.0,64.0,0.36894989013671875,0.0,0.0,0.23895971477031708,0.1796875,9.999999974752427e-07,224.0,64.0,2.6457433700561523,0.0,-0.3779633343219757,0.35355231165885925,0.0,4.941971778869629,-0.0033806448336690664,0.544173538684845,596358.3125,302833.6875,64.0,32.5,305.10198974609375,294.082763671875,176.0,104.5,542.9141235351562,540.7850952148438,4.293548107147217,2.226858615875244,545.9022216796875,545.2218017578125,0.0,0.0028928248211741447,0.020925112068653107,0.9990099668502808,0.9576705694198608,1.1854742965056175e-08,1.8744728436104197e-08,0.042328063398599625,1.3374361742535257e-06,104.93760681152344,2479.149658203125,1.0,1.0,223.0,223.0,1.0,1.0,2048.0,1035.6875,734.7216796875,189.0,139.0,2048.0,1035.6875,2237.0,1174.6875,0.296875,8.0,0.0,0.0,0.0,0.0,1.0,0.015625,0.0,0.12401959300041199,1.0,0.015625,0.875,7.488066330552101e-06,1.1840136721730232e-05,26.678659439086914,0.057926245033741,631.6515502929688,604.9140625,3.039557933807373,0.3569948673248291,0.0,13.0,8.0,64.0,0.29465895891189575,0.0,0.0,0.2433529794216156,0.08203125,9.999999974752427e-07,224.0,64.0
225,0.7745950818061829,1.5612511283791264e-17,-2.6457433700561523,0.7071050405502319,9.992007221626409e-16,0.5833795070648193,-0.0005326937534846365,0.5071743130683899,351835.5625,256213.8125,64.0,32.5,171.87863159179688,168.0624542236328,208.0,115.0,355.446044921875,348.88385009765625,4.24979829788208,2.290827989578247,356.95098876953125,353.2297058105469,0.0,0.036679789423942566,0.002516942797228694,0.9998624920845032,0.9282657504081726,2.2786265319041377e-08,3.20665627384642e-08,0.07173199951648712,2.200479912062292e-06,251.019775390625,3499.411376953125,1.0,1.0,224.0,224.0,1.0,1.0,2048.0,1514.734375,548.5637817382812,220.0,149.5,2048.0,1514.734375,2268.0,1664.234375,0.40625,8.0,0.0,0.0,0.0,0.0,1.0,0.5,0.0,0.5,32.0,0.5,0.5,8.799979696050286e-06,1.2384000001475215e-05,27.639446258544922,0.06321390718221664,386.1966552734375,358.4931335449219,2.664659023284912,0.3422178328037262,0.0,20.0,8.0,64.0,0.35029906034469604,0.0,0.0,0.2318030297756195,0.1533203125,9.999999974752427e-07,225.0,64.0,2.6457433700561523,-5.204170427930421e-18,-1.2909917831420898,0.7071051001548767,-3.3306690738754696e-16,1.872666358947754,-0.002628863090649247,0.542385458946228,592132.9375,426286.21875,64.0,32.5,298.7965393066406,289.83404541015625,208.0,115.0,548.9010620117188,544.7254638671875,4.339659214019775,2.209373712539673,551.7373046875,549.2821655273438,0.0,0.005297242198139429,0.017377767711877823,0.9990822672843933,0.9391839504241943,1.4057848218840263e-08,1.9861168709667254e-08,0.06081462278962135,1.3895793244955712e-06,147.63217163085938,2427.576904296875,1.0,1.0,224.0,224.0,1.0,1.0,2048.0,1475.484375,517.7844848632812,220.0,149.5,2048.0,1475.484375,2268.0,1624.984375,0.34375,8.0,0.0,0.0,0.0,0.0,1.0,0.1875,0.0,0.3903123736381531,12.0,0.1875,0.5,8.991919457912445e-06,1.2703938409686089e-05,38.842201232910156,0.05708209052681923,639.636962890625,600.73681640625,2.9690635204315186,0.3609094023704529,0.0,19.0,8.0,64.0,0.33224326372146606,0.0,0.0,0.2249644547700882,0.140625,9.999999974752427e-07,225.0,64.0
226,2.6457433700561523,-1.3877787807814457e-17,-0.5773489475250244,0.7071049213409424,-8.881784197001252e-16,0.9298458099365234,-0.0005791615112684667,0.46985897421836853,357685.3125,249967.640625,64.0,32.5,182.84951782226562,176.71543884277344,160.0,95.5,359.7312927246094,348.1288757324219,4.287621021270752,2.2369298934936523,361.0579833984375,352.55853271484375,0.0,0.02685442566871643,0.0028684784192591906,0.9998407959938049,0.9403428435325623,2.0725893890016778e-08,3.113018109957011e-08,0.05965474992990494,2.3529162263002945e-06,234.78973388671875,3935.8095703125,1.0,1.0,225.0,225.0,1.0,1.0,2048.0,1421.703125,686.5836791992188,164.0,125.0,2048.0,1421.703125,2212.0,1546.703125,0.34375,8.0,0.0,0.0,0.0,0.0,1.0,0.09375,0.0,0.2914806008338928,6.0,0.09375,0.5,8.031987817957997e-06,1.2064003385603428e-05,23.054109573364258,0.0641329362988472,387.5339660644531,364.414794921875,2.8571841716766357,0.3466477394104004,0.0,19.0,8.0,64.0,0.3644312918186188,0.0,0.0,0.21114298701286316,0.1796875,9.999999974752427e-07,226.0,64.0,1.7320468425750732,-6.938893903907228e-18,-0.5773489475250244,0.35355257987976074,-4.440892098500626e-16,4.879786491394043,-0.002305392874404788,0.5084347724914551,576753.5,383221.34375,64.0,32.5,318.3377990722656,293.163330078125,160.0,95.5,625.5172119140625,623.8427124023438,4.029837131500244,1.9393779039382935,629.5335083007812,628.1141357421875,0.0,0.010669238865375519,0.01739557459950447,0.9995180368423462,0.9433153867721558,1.2114576009025768e-08,2.2321831494309663e-08,0.05668313056230545,1.4387951523531228e-06,137.80235290527344,2431.099853515625,1.0,1.0,225.0,225.0,1.0,1.0,2048.0,1336.546875,670.1547241210938,164.0,125.0,2048.0,1336.546875,2212.0,1461.546875,0.265625,8.0,0.0,0.0,0.0,0.0,1.0,0.03125,0.0,0.17399263381958008,2.0,0.03125,0.875,7.519964128732681e-06,1.3855984434485435e-05,35.130523681640625,0.054787516593933105,620.7368774414062,585.5506591796875,3.0228710174560547,0.36388760805130005,0.0,17.0,8.0,64.0,0.3287928104400635,0.0,0.0,0.20349368453025818,0.10546875,9.999999974752427e-07,226.0,64.0
227,2.6457433700561523,0.0,-2.6457433700561523,0.7905673384666443,0.0,0.6381678581237793,-0.0008296933956444263,0.5449547171592712,350417.03125,210820.4375,64.0,32.5,175.7181854248047,172.3632354736328,304.0,121.0,364.6339416503906,364.3756103515625,5.527549743652344,2.9961884021759033,370.07427978515625,369.7183837890625,0.0,0.02349109761416912,0.003487424924969673,0.9996567368507385,0.946444034576416,2.6012619613879906e-08,3.2791160009537634e-08,0.053553543984889984,2.3627296741324244e-06,208.03746032714844,3884.66259765625,1.0,1.0,226.0,226.0,1.0,1.0,2048.0,1227.625,600.982666015625,317.0,161.25,2048.0,1227.625,2365.0,1388.875,0.28125,8.0,0.0,0.0,0.0,0.0,1.0,0.359375,0.0,0.479817271232605,23.0,0.359375,0.375,9.823997970670462e-06,1.2384000001475215e-05,20.162368774414062,0.06281201541423798,377.6627502441406,357.4366760253906,2.697401523590088,0.3451739251613617,0.0,16.0,8.0,64.0,0.32232666015625,0.0,0.0,0.2527083456516266,0.2099609375,9.999999974752427e-07,227.0,64.0,2.6457433700561523,0.0,-1.2909917831420898,0.7071051597595215,0.0,4.726742744445801,-0.004137948155403137,0.5888784527778625,560707.25,329651.09375,64.0,32.5,273.9165954589844,266.2892761230469,304.0,121.0,8927.3388671875,8908.353515625,67.1754379272461,32.77231216430664,8994.771484375,8975.3271484375,0.0,0.0017246175557374954,0.02236199378967285,0.9980139136314392,0.921317458152771,1.886955836027937e-08,2.7073728148252485e-08,0.07868105173110962,1.4309035805126769e-06,126.61649322509766,1609.2374267578125,1.0,1.0,226.0,226.0,1.0,1.0,2048.0,1234.65625,592.2005615234375,317.0,161.25,2048.0,1234.65625,2365.0,1395.90625,0.265625,8.0,0.0,0.0,0.0,0.0,1.0,0.203125,0.0,0.4023247957229614,13.0,0.203125,0.5,1.1775991879403591e-05,1.6895995941013098e-05,46.87104034423828,2.2317183017730713,624.073486328125,574.9698486328125,0.0,0.0,0.0,16.0,8.0,64.0,0.3188934326171875,0.0,0.0,0.2627101242542267,0.1669921875,9.999999974752427e-07,227.0,64.0
228,2.6457433700561523,5.204170427930421e-18,-2.6457433700561523,0.8660231828689575,3.3306690738754696e-16,1.3946549892425537,-0.000701054057572037,0.5138271450996399,362978.71875,221102.0625,64.0,32.5,196.77308654785156,182.8153076171875,208.0,110.5,452.3207092285156,450.40118408203125,4.485507965087891,2.2673885822296143,457.2966003417969,455.075927734375,0.0,0.026107057929039,0.0038174758665263653,0.9998220205307007,0.9565617442131042,2.4607832216361203e-08,3.0987610699639845e-08,0.04343591630458832,2.2869355689181248e-06,202.79710388183594,4668.88037109375,1.0,1.0,227.0,227.0,1.0,1.0,2048.0,1223.8125,499.12591552734375,214.0,144.25,2048.0,1223.8125,2262.0,1368.0625,0.15625,8.0,0.0,0.0,0.0,0.0,1.0,0.34375,0.0,0.4749588668346405,22.0,0.34375,0.25,9.504001354798675e-06,1.1967989848926663e-05,16.71391487121582,0.0618412084877491,386.2185363769531,369.44189453125,2.6906187534332275,0.3436828851699829,0.0,14.0,8.0,64.0,0.2371302992105484,0.0,0.0,0.2748837471008301,0.25390625,9.999999974752427e-07,228.0,64.0,2.6457433700561523,-1.734723475976807e-18,-0.7745950818061829,0.7071048021316528,-1.1102230246251565e-16,4.663296222686768,-0.003560215700417757,0.5647246837615967,748481.5,441105.46875,64.0,32.5,365.64801025390625,362.64105224609375,208.0,110.5,687.7814331054688,687.0728759765625,4.145484924316406,2.149021625518799,692.445068359375,691.5082397460938,0.0,-0.008134215138852596,0.02363107167184353,0.9987345933914185,0.9590330123901367,1.1052291526425506e-08,2.3400115622962403e-08,0.04096468165516853,2.2602532681048615e-06,98.24112701416016,2398.19091796875,1.0,1.0,227.0,227.0,1.0,1.0,2048.0,1213.3125,535.9602661132812,214.0,144.25,2048.0,1213.3125,2262.0,1357.5625,0.1875,8.0,0.0,0.0,0.0,0.0,1.0,0.09375,0.0,0.2914806008338928,6.0,0.09375,0.5,8.735980372875929e-06,1.8495979020372033e-05,32.316898345947266,0.06250970810651779,790.4225463867188,758.0413208007812,2.807251453399658,0.3524080216884613,0.0,14.0,8.0,64.0,0.2429896742105484,0.0,0.0,0.28458118438720703,0.2001953125,9.999999974752427e-07,228.0,64.0
229,2.6457433700561523,0.0,-2.6457433700561523,0.7071049809455872,0.0,3.3774876594543457,-0.0005707949167117476,0.4788389503955841,348304.96875,267809.9375,64.0,32.5,173.14044189453125,170.69146728515625,192.0,100.0,362.04937744140625,356.75128173828125,5.613149166107178,3.0727524757385254,363.4839172363281,362.0470275878906,0.0,-0.0016317227855324745,0.002563771326094866,0.9998292922973633,0.9332799315452576,2.491015749228609e-08,3.416730010030733e-08,0.06671769171953201,2.3060310923028737e-06,264.6523742675781,3966.74951171875,1.0,1.0,228.0,228.0,1.0,1.0,2048.0,1572.390625,545.9113159179688,198.0,131.25,2048.0,1572.390625,2225.0,1703.640625,0.5,8.0,0.0,0.0,0.0,0.0,1.0,0.25,0.0,0.4330126941204071,16.0,0.25,0.5,9.471987141296268e-06,1.2991979019716382e-05,25.30767059326172,0.061464060097932816,380.2459716796875,354.8759460449219,2.550299882888794,0.5559601187705994,0.0,21.0,8.0,64.0,0.3665771484375,0.0,0.0,0.21405909955501556,0.150390625,9.999999974752427e-07,229.0,64.0,2.6457433700561523,-6.938893903907228e-18,-0.5773489475250244,0.49999865889549255,-4.440892098500626e-16,2.8812766075134277,-0.0021489160135388374,0.5248354077339172,649481.4375,461495.4375,64.0,32.5,318.2607421875,307.1648254394531,192.0,100.0,579.4632568359375,578.9479370117188,4.084750175476074,2.0424959659576416,584.0196533203125,583.2637329101562,0.0,0.01904374361038208,0.01684487797319889,0.9994165897369385,0.9434819221496582,1.1701409619035985e-08,1.6657239143569313e-08,0.0565168596804142,1.1692152384057408e-06,136.12184143066406,2408.517333984375,1.0,1.0,228.0,228.0,1.0,1.0,2048.0,1483.203125,560.3257446289062,198.0,131.25,2048.0,1483.203125,2225.0,1614.453125,0.40625,8.0,0.0,0.0,0.0,0.0,1.0,0.046875,0.0,0.21137107908725739,3.0,0.046875,0.75,8.160015568137169e-06,1.161597901955247e-05,39.349273681640625,0.06293799728155136,697.3532104492188,657.9401245117188,2.7278218269348145,0.3570843040943146,0.0,19.0,8.0,64.0,0.3365735411643982,0.0,0.0,0.22492817044258118,0.07763671875,9.999999974752427e-07,229.0,64.0
230,1.2909917831420898,-1.734723475976807e-18,-0.7745950818061829,0.3535526692867279,-1.1102230246251565e-16,1.0767844915390015,-0.0007361886673606932,0.5773605704307556,371189.84375,257241.1875,64.0,32.5,184.09835815429688,178.75079345703125,160.0,110.5,372.56561279296875,353.26568603515625,5.046080589294434,2.6844162940979004,374.0556335449219,358.14263916015625,0.0,0.0010044644586741924,0.0031252389308065176,0.9997981786727905,0.9461762309074402,1.8811100233051548e-08,3.145858684661107e-08,0.053821660578250885,2.0836189378314884e-06,228.9178009033203,4253.26513671875,1.0,1.0,229.0,229.0,1.0,1.0,2048.0,1429.890625,587.9037475585938,176.0,146.5,2048.0,1429.890625,2224.0,1576.390625,0.375,8.0,0.0,0.0,0.0,0.0,1.0,0.046875,0.0,0.21137107908725739,3.0,0.046875,0.875,7.519993232563138e-06,1.2575997970998287e-05,21.45342445373535,0.06251515448093414,399.7635803222656,378.2467956542969,2.71462345123291,0.6236623525619507,0.0,18.0,8.0,64.0,0.3162367045879364,0.0,0.0,0.3442123234272003,0.09326171875,9.999999974752427e-07,230.0,64.0,0.0,0.0,0.0,0.0,0.0,2.272982120513916,-0.003948539961129427,0.5977814197540283,737048.25,488719.125,64.0,32.5,364.165283203125,360.8920593261719,160.0,110.5,699.1226196289062,695.2748413085938,4.240108966827393,2.1867809295654297,701.5404663085938,699.85791015625,0.0,0.0,0.02116091363132,0.9981260895729065,0.9547590017318726,1.1375145270164921e-08,1.579426012199292e-08,0.045239854604005814,1.0989273278028122e-06,111.00365447998047,2453.66943359375,1.0,1.0,229.0,229.0,1.0,1.0,2048.0,1356.421875,637.6312255859375,176.0,146.5,2048.0,1356.421875,2224.0,1502.921875,0.390625,8.0,0.0,0.0,0.0,0.0,0.0,0.0,0.0,0.0,0.0,0.0,1.0,8.89599323272705e-06,1.2351985787972808e-05,35.31760787963867,0.062464047223329544,782.0553588867188,746.6743774414062,2.817204475402832,0.3609788119792938,0.0,17.0,8.0,64.0,0.3097785413265228,0.0,0.0,0.3165428936481476,0.0,9.999999974752427e-07,230.0,64.0
231,2.6457433700561523,1.734723475976807e-18,-2.6457433700561523,0.9354121088981628,1.1102230246251565e-16,1.138342261314392,-0.0006150466506369412,0.5728779435157776,373720.53125,261377.59375,64.0,32.5,193.8354034423828,188.04104614257812,208.0,115.0,377.81109619140625,364.4854736328125,4.498979568481445,2.2414205074310303,379.1673278808594,369.12115478515625,0.0,-0.01774929091334343,0.003713812679052353,0.9999422430992126,0.9514781832695007,2.0646462317586156e-08,2.7928773960184117e-08,0.048519693315029144,2.093605189656955e-06,223.55996704101562,4607.61328125,1.0,1.0,230.0,230.0,1.0,1.0,2048.0,1396.8125,445.9532470703125,214.0,151.75,2048.0,1396.8125,2262.0,1548.5625,0.125,8.0,0.0,0.0,0.0,0.0,1.0,0.453125,0.0,0.4977978765964508,29.0,0.453125,0.125,8.256000000983477e-06,1.1168012861162424e-05,19.340242385864258,0.06155935302376747,399.87481689453125,380.4721374511719,2.664200782775879,0.3483090400695801,0.0,16.0,8.0,64.0,0.244354248046875,0.0,0.0,0.3418981730937958,0.2451171875,9.999999974752427e-07,231.0,64.0,2.6457433700561523,-5.204170427930421e-18,-1.2909917831420898,0.7071049213409424,-3.3306690738754696e-16,2.0891761779785156,-0.003604503581300378,0.6039445996284485,662690.25,427500.96875,64.0,32.5,336.2975158691406,316.3337707519531,208.0,115.0,587.2444458007812,576.37939453125,4.402987957000732,2.3498921394348145,589.4530029296875,580.9507446289062,0.0,0.02946070395410061,0.024154022336006165,0.9987034201622009,0.9559614062309265,1.2393620352213475e-08,1.9822920194201288e-08,0.04403737187385559,1.1910598232134362e-06,121.15777587890625,2751.2490234375,1.0,1.0,230.0,230.0,1.0,1.0,2048.0,1329.359375,464.7840270996094,214.0,151.75,2048.0,1329.359375,2262.0,1481.109375,0.15625,8.0,0.0,0.0,0.0,0.0,1.0,0.140625,0.0,0.34763431549072266,9.0,0.140625,0.5,8.70300573296845e-06,1.3919983757659793e-05,30.858322143554688,0.06545136123895645,702.2166137695312,671.2919311523438,2.8118646144866943,0.36000126600265503,0.0,15.0,8.0,64.0,0.22910970449447632,0.0,0.0,0.3244593143463135,0.1904296875,9.999999974752427e-07,231.0,64.0
232,2.6457433700561523,-6.938893903907228e-18,-1.2909917831420898,0.7071051001548767,-4.440892098500626e-16,1.2284566164016724,-0.0006504749180749059,0.5375513434410095,346945.4375,254102.09375,64.0,32.5,171.0147247314453,169.78367614746094,208.0,115.0,369.66802978515625,357.5729675292969,5.180575847625732,2.619577407836914,371.1809997558594,362.60943603515625,0.0,0.026160741224884987,0.0035341212060302496,0.9998710751533508,0.9387154579162598,2.3336637511306435e-08,4.090280825153059e-08,0.061282094568014145,2.361400220252108e-06,254.375244140625,4150.89013671875,1.0,1.0,231.0,231.0,1.0,1.0,2048.0,1498.78125,542.08544921875,210.0,151.25,2048.0,1498.78125,2258.0,1650.03125,0.390625,8.0,0.0,0.0,0.0,0.0,1.0,0.296875,0.0,0.45688098669052124,19.0,0.296875,0.5,8.799979696050286e-06,1.542398240417242e-05,23.04718780517578,0.061590906232595444,377.0885925292969,353.9788818359375,2.6848063468933105,0.6070698499679565,0.0,19.0,8.0,64.0,0.32194438576698303,0.0,0.0,0.2805333435535431,0.1669921875,9.999999974752427e-07,232.0,64.0,2.6457433700561523,-6.938893903907228e-18,-0.5773489475250244,0.49999865889549255,-4.440892098500626e-16,2.2875232696533203,-0.0034471394028514624,0.5856589078903198,586361.375,428436.53125,64.0,32.5,293.849365234375,285.0378723144531,208.0,115.0,567.3419799804688,567.0228271484375,3.8883659839630127,1.972618818283081,571.7008056640625,571.1849975585938,0.0,-0.001626563724130392,0.02061232551932335,0.9985652565956116,0.9410721063613892,1.321139553311923e-08,1.913380920370855e-08,0.05892655625939369,1.300437475038052e-06,151.7952880859375,2576.00830078125,1.0,1.0,231.0,231.0,1.0,1.0,2048.0,1499.40625,548.5567626953125,210.0,151.25,2048.0,1499.40625,2258.0,1650.65625,0.375,8.0,0.0,0.0,0.0,0.0,1.0,0.046875,0.0,0.21137107908725739,3.0,0.046875,0.75,8.351984433829784e-06,1.2096017599105835e-05,37.19231033325195,0.05989775061607361,632.1803588867188,594.9273071289062,2.812973976135254,0.37255409359931946,0.0,18.0,8.0,64.0,0.2840033769607544,0.0,0.0,0.27181336283683777,0.08056640625,9.999999974752427e-07,232.0,64.0
233,2.6457433700561523,1.734723475976807e-18,-1.2909917831420898,0.7905673384666443,1.1102230246251565e-16,0.8471299409866333,-0.0007877802127040923,0.5714561939239502,374653.0625,293785.3125,64.0,32.5,184.02166748046875,180.9811248779297,208.0,97.0,360.3475341796875,354.96826171875,5.07939338684082,2.7229995727539062,361.79876708984375,359.94012451171875,0.0,0.043505292385816574,0.003156309714540839,0.9997119903564453,0.9393035173416138,2.2461396298467662e-08,3.388921143709922e-08,0.06069422885775566,2.1885214209760306e-06,255.15916442871094,4204.01025390625,1.0,1.0,232.0,232.0,1.0,1.0,2048.0,1618.78125,451.58782958984375,212.0,131.125,2048.0,1618.78125,2260.0,1749.90625,0.34375,8.0,0.0,0.0,0.0,0.0,1.0,0.3125,0.0,0.4635123908519745,20.0,0.3125,0.375,9.119976311922073e-06,1.3760000001639128e-05,24.584218978881836,0.0593939907848835,406.0289306640625,381.3843994140625,2.709542751312256,0.3442693054676056,0.0,20.0,8.0,64.0,0.31683349609375,0.0,0.0,0.3183519244194031,0.19921875,9.999999974752427e-07,233.0,64.0,1.2909917831420898,-3.469446951953614e-18,-2.6457433700561523,0.6123709678649902,-2.220446049250313e-16,2.5864574909210205,-0.003231157548725605,0.6227903366088867,555222.1875,438788.65625,64.0,32.5,292.3427429199219,275.3133239746094,208.0,97.0,685.3428955078125,684.7402954101562,3.9713730812072754,1.9673676490783691,689.8054809570312,688.9291381835938,0.0,0.03474847599864006,0.022267917171120644,0.9988181591033936,0.933893084526062,1.4495324940355658e-08,2.0261728295167813e-08,0.066105417907238,1.462330942558765e-06,169.64234924316406,2566.23974609375,1.0,1.0,232.0,232.0,1.0,1.0,2048.0,1603.34375,451.6214294433594,212.0,131.125,2048.0,1603.34375,2260.0,1734.46875,0.359375,8.0,0.0,0.0,0.0,0.0,1.0,0.203125,0.0,0.4023247957229614,13.0,0.203125,0.625,8.767994586378336e-06,1.22560013551265e-05,39.923458099365234,0.06267182528972626,604.8843383789062,564.8972778320312,2.919820785522461,0.35260817408561707,0.0,19.0,8.0,64.0,0.28722500801086426,0.0,0.0,0.33470168709754944,0.1181640625,9.999999974752427e-07,233.0,64.0
234,2.6457433700561523,-3.469446951953614e-18,-0.7745950818061829,0.6123709678649902,-2.220446049250313e-16,1.7400552034378052,-0.0006535954889841378,0.5057070255279541,382097.8125,281780.78125,64.0,32.5,187.44119262695312,183.2206573486328,192.0,116.5,375.1993713378906,359.8813781738281,5.663867950439453,2.8823354244232178,376.535888671875,365.4351501464844,0.0,0.03355124220252037,0.003316715592518449,0.9998214840888977,0.9412341117858887,2.0060001659771842e-08,2.703073676002532e-08,0.05876382067799568,2.049057457043091e-06,236.43881225585938,4023.543701171875,1.0,1.0,233.0,233.0,1.0,1.0,2048.0,1526.359375,534.0420532226562,195.0,154.25,2048.0,1526.359375,2243.0,1680.609375,0.40625,8.0,0.0,0.0,0.0,0.0,1.0,0.109375,0.0,0.3121091425418854,7.0,0.109375,0.625,8.287985110655427e-06,1.1168012861162424e-05,24.217132568359375,0.061712633818387985,413.1597595214844,388.8800354003906,2.7599668502807617,0.33893823623657227,0.0,20.0,8.0,64.0,0.343902587890625,0.0,0.0,0.2678389847278595,0.12353515625,9.999999974752427e-07,234.0,64.0,2.6457433700561523,-6.938893903907228e-18,-0.5773489475250244,0.49999865889549255,-4.440892098500626e-16,2.9276652336120605,-0.002251972444355488,0.5412782430648804,742674.5,565655.6875,64.0,32.5,364.760009765625,363.04254150390625,192.0,116.5,695.8854370117188,695.1430053710938,4.0073418617248535,2.0662405490875244,700.4041748046875,699.4196166992188,0.0,0.011755594983696938,0.01770213060081005,0.9994857311248779,0.9474866986274719,1.1885467721128862e-08,1.4947453053082427e-08,0.05251220986247063,1.0785103086163872e-06,125.60569763183594,2391.933349609375,1.0,1.0,233.0,233.0,1.0,1.0,2048.0,1558.78125,547.2393188476562,195.0,154.25,2048.0,1558.78125,2243.0,1713.03125,0.453125,8.0,0.0,0.0,0.0,0.0,1.0,0.046875,0.0,0.21137107908725739,3.0,0.046875,0.75,9.440002031624317e-06,1.1871976312249899e-05,41.645301818847656,0.0623810738325119,794.2473754882812,752.538818359375,2.959913969039917,0.35809701681137085,0.0,20.0,8.0,64.0,0.33123779296875,0.0,0.0,0.2570481300354004,0.1142578125,9.999999974752427e-07,234.0,64.0
235,2.6457433700561523,0.0,-0.3779633343219757,0.35355231165885925,0.0,0.5732274055480957,-0.0007228355389088392,0.5965090394020081,348030.65625,334547.28125,64.0,32.5,170.01986694335938,169.94924926757812,384.0,134.5,370.23223876953125,349.98577880859375,4.391684055328369,2.1902542114257812,371.61993408203125,354.4833679199219,0.0,0.00042438972741365433,0.0029911138117313385,0.999782383441925,0.9098533987998962,2.4616358729190324e-08,3.15088577451661e-08,0.09014434367418289,2.1967475731798913e-06,323.1917724609375,3585.26953125,1.0,1.0,234.0,234.0,1.0,1.0,2048.0,1969.375,179.07562255859375,390.0,178.375,2048.0,1969.375,2438.0,2147.75,0.765625,8.0,0.0,0.0,0.0,0.0,1.0,0.015625,0.0,0.12401959300041199,1.0,0.015625,0.875,9.600014891475439e-06,1.228798646479845e-05,35.09351348876953,0.061443962156772614,389.98516845703125,354.8293151855469,2.6866204738616943,0.33451804518699646,0.0,29.0,8.0,64.0,0.4216729402542114,0.0,0.0,0.3556051254272461,0.041015625,9.999999974752427e-07,235.0,64.0,0.0,0.0,0.0,0.0,0.0,3.802405834197998,-0.002752985106781125,0.6383827924728394,542530.6875,516607.71875,64.0,32.5,267.1531066894531,265.0894470214844,384.0,134.5,573.2828369140625,572.9734497070312,4.606761932373047,2.4229445457458496,578.3238525390625,577.7041625976562,0.0,0.0,0.021537426859140396,0.9992845058441162,0.9040465950965881,1.3906467977164993e-08,2.135826804305907e-08,0.09595190733671188,1.4690967873320915e-06,204.67147827148438,2133.063232421875,1.0,1.0,234.0,234.0,1.0,1.0,2048.0,1950.09375,247.68740844726562,390.0,178.375,2048.0,1950.09375,2438.0,2128.46875,0.796875,8.0,0.0,0.0,0.0,0.0,0.0,0.0,0.0,0.0,0.0,0.0,1.0,8.4799830801785e-06,1.3023993233218789e-05,58.44681930541992,0.0634024515748024,609.7869873046875,551.2758178710938,2.9353203773498535,0.359544038772583,0.0,28.0,8.0,64.0,0.4063982367515564,0.0,0.0,0.36193013191223145,0.0,9.999999974752427e-07,235.0,64.0
236,2.6457433700561523,0.0,-1.7320468425750732,0.6123708486557007,0.0,0.6202583312988281,-0.0008490884210914373,0.5638314485549927,368411.0625,252526.84375,64.0,32.5,185.55227661132812,179.1511688232422,176.0,109.0,373.8399963378906,351.55645751953125,5.145280361175537,2.5276458263397217,375.1966857910156,356.5945129394531,0.0,0.007622012868523598,0.0027491485234349966,0.9996113181114197,0.9480530619621277,2.762959283586497e-08,3.457738628753759e-08,0.05194486305117607,2.032216571024037e-06,226.8282470703125,4366.7119140625,1.0,1.0,235.0,235.0,1.0,1.0,2048.0,1403.84375,576.318359375,192.0,145.5,2048.0,1403.84375,2240.0,1549.34375,0.328125,8.0,0.0,0.0,0.0,0.0,1.0,0.265625,0.0,0.4416654407978058,17.0,0.265625,0.625,1.0944000678136945e-05,1.369600067846477e-05,20.51676368713379,0.05844372510910034,396.0970458984375,375.5210266113281,2.784440279006958,0.5662809014320374,0.0,17.0,8.0,64.0,0.28844496607780457,0.0,0.0,0.3002047836780548,0.171875,9.999999974752427e-07,236.0,64.0,2.6457433700561523,0.0,-0.9999979734420776,0.612371027469635,0.0,2.0355706214904785,-0.002038106555119157,0.5895275473594666,575473.5625,390286.03125,64.0,32.5,281.1302185058594,270.66656494140625,176.0,109.0,580.6392211914062,553.6692504882812,4.546858787536621,2.305097818374634,582.8251953125,558.3812866210938,0.0,-0.011334700509905815,0.01832847110927105,0.9997603297233582,0.9393829107284546,1.543830663308654e-08,1.795988957553618e-08,0.06061568483710289,1.3571248018706683e-06,147.1413116455078,2427.4462890625,1.0,1.0,235.0,235.0,1.0,1.0,2048.0,1429.640625,576.509765625,192.0,145.5,2048.0,1429.640625,2240.0,1575.140625,0.328125,8.0,0.0,0.0,0.0,0.0,1.0,0.140625,0.0,0.34763431549072266,9.0,0.140625,0.625,9.600014891475439e-06,1.1168012861162424e-05,37.630001068115234,0.0626964345574379,621.830810546875,584.13720703125,2.9735827445983887,0.35942450165748596,0.0,18.0,8.0,64.0,0.3167792558670044,0.0,0.0,0.2900457978248596,0.14453125,9.999999974752427e-07,236.0,64.0
237,1.7320468425750732,-8.673617379884035e-18,-0.9999979734420776,0.6123711466789246,-5.551115123125783e-16,0.6338304281234741,-0.0004933704040013254,0.5148417353630066,343843.21875,274358.8125,64.0,32.5,170.27943420410156,168.37661743164062,208.0,131.5,360.94952392578125,343.1224365234375,4.437732219696045,2.3540308475494385,362.3604736328125,347.6807556152344,0.0,0.00039551802910864353,0.0026323599740862846,0.9999231696128845,0.9301247000694275,2.3602376941767034e-08,3.158300998507002e-08,0.06987317651510239,2.073000359814614e-06,277.1706848144531,3966.76806640625,1.0,1.0,236.0,236.0,1.0,1.0,2048.0,1632.328125,534.57958984375,224.0,176.0,2048.0,1632.328125,2270.0,1808.328125,0.53125,8.0,0.0,0.0,0.0,0.0,1.0,0.140625,0.0,0.34763431549072266,9.0,0.140625,0.625,8.896022336557508e-06,1.1904019629582763e-05,26.274343490600586,0.06170620024204254,376.9121398925781,350.5752868652344,2.669609546661377,0.3349469304084778,0.0,21.0,8.0,64.0,0.3276309072971344,0.0,0.0,0.24827304482460022,0.11865234375,9.999999974752427e-07,237.0,64.0,0.0,0.0,0.0,0.0,0.0,1.9048142433166504,-0.0019452464766800404,0.5449093580245972,733841.4375,565132.625,64.0,32.5,358.4960632324219,356.0511169433594,208.0,131.5,683.2618408203125,664.9278564453125,5.432806968688965,2.738227605819702,685.6641845703125,670.2702026367188,0.0,0.0,0.01638357900083065,0.9995803833007812,0.9403917789459229,1.0283175200243022e-08,1.643685720864596e-08,0.059607185423374176,1.0189640988755855e-06,128.2638702392578,2151.819091796875,1.0,1.0,236.0,236.0,1.0,1.0,2048.0,1584.09375,536.4759521484375,224.0,176.0,2048.0,1584.09375,2270.0,1760.09375,0.46875,8.0,0.0,0.0,0.0,0.0,0.0,0.0,0.0,0.0,0.0,0.0,1.0,8.128001354634762e-06,1.2991979019716382e-05,47.051048278808594,0.06351080536842346,790.4174194335938,743.3020629882812,2.8719520568847656,0.35264852643013,0.0,22.0,8.0,64.0,0.3753218352794647,0.0,0.0,0.24048343300819397,0.0,9.999999974752427e-07,237.0,64.0
238,1.7320468425750732,-8.673617379884035e-18,-2.6457433700561523,0.6123709082603455,-5.551115123125783e-16,0.6753473281860352,-0.0006929343799129128,0.5834468603134155,358294.96875,279569.5,64.0,32.5,177.49688720703125,175.78390502929688,512.0,148.0,351.68572998046875,340.9237976074219,4.581506729125977,2.4003169536590576,353.14654541015625,345.60858154296875,0.0,-0.00017263810150325298,0.0026856691110879183,0.9997568726539612,0.9312955141067505,2.4824695188385704e-08,1.0272839290337288e-07,0.06870216876268387,2.2021140466677025e-06,260.35015869140625,3789.548095703125,1.0,1.0,237.0,237.0,1.0,1.0,2048.0,1594.109375,579.72509765625,525.0,196.625,2048.0,1594.109375,2573.0,1790.734375,0.578125,8.0,0.0,0.0,0.0,0.0,1.0,0.1875,0.0,0.3903123736381531,12.0,0.1875,0.625,9.728013537824154e-06,4.0256010834127665e-05,26.860965728759766,0.061243098229169846,391.868408203125,364.9452819824219,2.6585376262664795,0.3422146439552307,0.0,22.0,8.0,64.0,0.36444091796875,0.0,0.0,0.30552318692207336,0.11328125,9.999999974752427e-07,238.0,64.0,2.6457433700561523,0.0,-0.3779633343219757,0.35355231165885925,0.0,1.7529489994049072,-0.0021106882486492395,0.6111233234405518,634248.25,519667.03125,64.0,32.5,357.3498229980469,325.1700744628906,512.0,148.0,696.7669677734375,681.0732421875,5.413959980010986,2.909372568130493,700.8230590820312,686.4791870117188,0.0,0.00537540577352047,0.016850335523486137,0.9994938373565674,0.9294591546058655,1.3135629473026711e-08,1.928717807686553e-08,0.07053961604833603,1.1910839248230332e-06,151.22610473632812,2143.846435546875,1.0,1.0,237.0,237.0,1.0,1.0,2048.0,1634.796875,554.3197021484375,525.0,196.625,2048.0,1634.796875,2573.0,1831.421875,0.59375,8.0,0.0,0.0,0.0,0.0,1.0,0.015625,0.0,0.12401959300041199,1.0,0.015625,0.875,9.087991202250123e-06,1.3343989849090576e-05,48.74403762817383,0.05936387553811073,691.8580322265625,643.0537719726562,2.8929708003997803,0.3621380627155304,0.0,23.0,8.0,64.0,0.37825343012809753,0.0,0.0,0.2879023253917694,0.059326171875,9.999999974752427e-07,238.0,64.0
239,2.6457433700561523,6.938893903907228e-18,-1.7320468425750732,0.6123709678649902,4.440892098500626e-16,1.917614459991455,-0.0007161461398936808,0.5303993225097656,362081.40625,234898.8125,64.0,32.5,178.72021484375,173.1536865234375,592.0,187.0,361.7674255371094,358.931396484375,5.89193058013916,2.927438259124756,364.9811706542969,364.518798828125,0.0,-0.011013445444405079,0.002755681984126568,0.9997577667236328,0.949413537979126,2.4864210246278162e-08,3.2600862454046364e-08,0.05058421939611435,2.2142253328638617e-06,222.21136474609375,4392.89892578125,1.0,1.0,238.0,238.0,1.0,1.0,2048.0,1349.484375,546.5489501953125,595.0,245.5,2048.0,1349.484375,2422.0,1594.984375,0.25,8.0,0.0,0.0,0.0,0.0,1.0,0.171875,0.0,0.37727177143096924,11.0,0.171875,0.625,9.66398511081934e-06,1.2670992873609066e-05,19.59899139404297,0.06160169094800949,388.6705017089844,369.0090026855469,2.773655652999878,0.341622531414032,0.0,16.0,8.0,64.0,0.22168731689453125,0.0,0.0,0.30124756693840027,0.15625,9.999999974752427e-07,239.0,64.0,1.7320468425750732,-8.673617379884035e-18,-0.7745950818061829,0.49999889731407166,-5.551115123125783e-16,6.562723636627197,-0.00232145213522017,0.5872390270233154,723732.875,486444.71875,64.0,32.5,357.4433288574219,349.186767578125,592.0,187.0,565.0537109375,564.7560424804688,4.874217987060547,2.310986042022705,570.4329223632812,569.8601684570312,0.0,0.03503194823861122,0.01670968532562256,0.9993820190429688,0.9483479857444763,1.2848552444211236e-08,1.583273423477749e-08,0.051650892943143845,1.111973574552394e-06,114.40897369384766,2215.04345703125,1.0,1.0,238.0,238.0,1.0,1.0,2048.0,1380.1875,592.2515258789062,595.0,245.5,2048.0,1380.1875,2422.0,1625.6875,0.296875,8.0,0.0,0.0,0.0,0.0,1.0,0.078125,0.0,0.2683681845664978,5.0,0.078125,0.75,9.920011507347226e-06,1.222401624545455e-05,39.815399169921875,0.06282427906990051,772.0723266601562,732.1931762695312,2.827812910079956,0.3607415556907654,0.0,19.0,8.0,64.0,0.33195415139198303,0.0,0.0,0.31290775537490845,0.1201171875,9.999999974752427e-07,239.0,64.0
240,2.6457433700561523,6.938893903907228e-18,-1.7320468425750732,0.6123707294464111,4.440892098500626e-16,1.2102396488189697,-0.000604006927460432,0.49494028091430664,412887.625,350257.6875,64.0,32.5,207.5883331298828,203.16807556152344,160.0,100.5,362.9618835449219,349.632080078125,4.95452880859375,2.536492109298706,364.4776306152344,354.57916259765625,0.0,0.033638399094343185,0.002303980989381671,0.9997972249984741,0.9347323179244995,2.394038745023863e-08,3.3416785782947045e-08,0.0652657076716423,1.9425062873779098e-06,246.43540954589844,3775.87890625,1.0,1.0,239.0,239.0,1.0,1.0,2048.0,1729.34375,510.978759765625,168.0,131.875,2048.0,1729.34375,2216.0,1861.21875,0.609375,8.0,0.0,0.0,0.0,0.0,1.0,0.125,0.0,0.33071890473365784,8.0,0.125,0.625,1.0752002708613873e-05,1.5008001355454326e-05,29.25074577331543,0.06110483035445213,449.11566162109375,419.80291748046875,2.770970582962036,0.3374119997024536,0.0,24.0,8.0,64.0,0.3944600522518158,0.0,0.0,0.2379518449306488,0.11328125,9.999999974752427e-07,240.0,64.0,2.6457433700561523,0.0,-0.3779633343219757,0.4999984800815582,0.0,2.854710102081299,-0.0022397597786039114,0.5425118207931519,581529.9375,473587.28125,64.0,32.5,363.82470703125,295.78692626953125,160.0,100.5,740.1773681640625,739.293212890625,4.276044845581055,2.3344180583953857,744.6773071289062,743.7533569335938,0.0,0.011710656806826591,0.01571568101644516,0.9992662668228149,0.9328848123550415,1.518225722918487e-08,1.8460806217035497e-08,0.06711378693580627,1.3645858416566625e-06,164.58689880371094,2452.35595703125,1.0,1.0,239.0,239.0,1.0,1.0,2048.0,1631.53125,512.8310546875,168.0,131.875,2048.0,1631.53125,2216.0,1763.40625,0.4375,8.0,0.0,0.0,0.0,0.0,1.0,0.03125,0.0,0.17399263381958008,2.0,0.03125,0.75,9.63200000114739e-06,1.1711992556229234e-05,42.51370620727539,0.06493854522705078,634.4247436523438,591.84521484375,3.0816798210144043,0.3635742664337158,0.0,20.0,8.0,64.0,0.3115600645542145,0.0,0.0,0.23548808693885803,0.076171875,9.999999974752427e-07,240.0,64.0
241,2.6457433700561523,1.734723475976807e-18,-2.6457433700561523,0.7071049809455872,1.1102230246251565e-16,4.157369613647461,-0.0008362125954590738,0.5530236959457397,363495.6875,235580.453125,64.0,32.5,197.42019653320312,185.72434997558594,208.0,121.0,362.341796875,353.8786315917969,4.333508491516113,2.1764016151428223,363.70037841796875,358.36846923828125,0.0,0.05372873321175575,0.004148524254560471,0.9997831583023071,0.9506011009216309,2.5702370010094455e-08,3.030090311995082e-08,0.04939667508006096,2.1665391614078544e-06,212.1678009033203,4295.18408203125,1.0,1.0,240.0,240.0,1.0,1.0,2048.0,1291.875,585.6046752929688,215.0,159.625,2048.0,1291.875,2263.0,1451.5,0.265625,8.0,0.0,0.0,0.0,0.0,1.0,0.265625,0.0,0.4416654407978058,17.0,0.265625,0.5,1.0015995940193534e-05,1.1808006092905998e-05,19.187517166137695,0.0619497187435627,389.6915283203125,370.44122314453125,2.9676854610443115,0.3320125639438629,0.0,16.0,8.0,64.0,0.291748046875,0.0,0.0,0.319855272769928,0.1806640625,9.999999974752427e-07,241.0,64.0,1.2909917831420898,-3.469446951953614e-18,-0.7745950818061829,0.49999895691871643,-2.220446049250313e-16,2.337890386581421,-0.003343065269291401,0.5871802568435669,559960.375,317620.28125,64.0,32.5,273.5517272949219,266.2857971191406,208.0,121.0,555.3870239257812,555.0437622070312,4.34938907623291,2.147902250289917,560.222412109375,559.6265258789062,0.0,-0.02098427340388298,0.02335033193230629,0.9988073706626892,0.954246461391449,1.262370918908573e-08,2.046654756782118e-08,0.045752085745334625,1.3956966995465336e-06,128.03843688964844,2798.52685546875,1.0,1.0,240.0,240.0,1.0,1.0,2048.0,1191.765625,573.483642578125,215.0,159.625,2048.0,1191.765625,2263.0,1351.390625,0.125,8.0,0.0,0.0,0.0,0.0,1.0,0.09375,0.0,0.2914806008338928,6.0,0.09375,0.75,7.519993232563138e-06,1.2192002031952143e-05,27.19285011291504,0.0618472620844841,595.7039184570312,568.4483642578125,2.837803363800049,0.3632315695285797,0.0,13.0,8.0,64.0,0.18846717476844788,0.0,0.0,0.31342813372612,0.09716796875,9.999999974752427e-07,241.0,64.0
242,1.7320468425750732,-5.204170427930421e-18,-1.2909917831420898,0.6123711466789246,-3.3306690738754696e-16,1.1146068572998047,-0.0009976797737181187,0.5631066560745239,354542.34375,207599.921875,64.0,32.5,174.23121643066406,172.28854370117188,208.0,106.0,372.4779357910156,350.2387390136719,4.480132102966309,2.314523935317993,373.9380798339844,354.83843994140625,0.0,0.018896566703915596,0.0038619544357061386,0.9995666146278381,0.9512999653816223,2.5851056406622774e-08,3.065075304675702e-08,0.04869774729013443,2.2558472210221225e-06,203.04818725585938,4169.560546875,1.0,1.0,241.0,241.0,1.0,1.0,2048.0,1205.671875,591.2794189453125,220.0,140.375,2048.0,1205.671875,2268.0,1346.046875,0.203125,8.0,0.0,0.0,0.0,0.0,1.0,0.171875,0.0,0.37727177143096924,11.0,0.171875,0.625,9.823997970670462e-06,1.1647993233054876e-05,18.444982528686523,0.061284348368644714,380.0230712890625,361.51593017578125,2.993427276611328,0.3321446180343628,0.0,15.0,8.0,64.0,0.2994547486305237,0.0,0.0,0.3260003626346588,0.15625,9.999999974752427e-07,242.0,64.0,0.7745950818061829,1.734723475976807e-18,-1.2909917831420898,0.3535526692867279,1.1102230246251565e-16,5.562290668487549,-0.003600179450586438,0.5954632759094238,654105.5625,375857.9375,64.0,32.5,351.1243896484375,310.29815673828125,208.0,106.0,721.919189453125,694.0584716796875,4.128878116607666,2.0491650104522705,724.3368530273438,698.5283813476562,0.0,0.0050842976197600365,0.024225309491157532,0.9990096688270569,0.9547266364097595,1.362326695897309e-08,1.9652471650033476e-08,0.045272037386894226,1.289139618165791e-06,111.02252960205078,2452.34228515625,1.0,1.0,241.0,241.0,1.0,1.0,2048.0,1206.125,642.7569580078125,220.0,140.375,2048.0,1206.125,2268.0,1346.5,0.21875,8.0,0.0,0.0,0.0,0.0,1.0,0.078125,0.0,0.2683681845664978,5.0,0.078125,0.875,9.472016245126724e-06,1.366401556879282e-05,31.414493560791016,0.06235209107398987,695.2822875976562,663.8045043945312,2.80366587638855,0.35372528433799744,0.0,15.0,8.0,64.0,0.2992187440395355,0.0,0.0,0.3158465325832367,0.1025390625,9.999999974752427e-07,242.0,64.0
243,2.6457433700561523,-6.938893903907228e-18,-0.9999979734420776,0.7071049213409424,-4.440892098500626e-16,0.7493672370910645,-0.0007457114406861365,0.5199757814407349,348463.0625,282093.09375,64.0,32.5,174.408203125,171.12542724609375,288.0,146.5,375.8595886230469,358.2843017578125,5.5193891525268555,2.922679901123047,377.1853332519531,363.5881652832031,0.0,0.015003866516053677,0.0028077673632651567,0.9996888637542725,0.9301704168319702,2.70640310162662e-08,3.8124294832186933e-08,0.06982717663049698,2.3351174149865983e-06,276.97186279296875,3966.533447265625,1.0,1.0,242.0,242.0,1.0,1.0,2048.0,1652.78125,483.6994934082031,303.0,193.375,2048.0,1652.78125,2264.0,1846.15625,0.4375,8.0,0.0,0.0,0.0,0.0,1.0,0.125,0.0,0.33071890473365784,8.0,0.125,0.5,1.0335992556065321e-05,1.4560006093233824e-05,26.60869598388672,0.05892135575413704,381.9088439941406,355.2403259277344,2.818572521209717,0.33154919743537903,0.0,22.0,8.0,64.0,0.34475985169410706,0.0,0.0,0.2626926600933075,0.1474609375,9.999999974752427e-07,243.0,64.0,0.9999979734420776,0.0,-0.9999979734420776,0.3535526692867279,0.0,6.325229167938232,-0.0029996291268616915,0.5590991973876953,741144.9375,604768.8125,64.0,32.5,362.1527099609375,361.1004943847656,288.0,146.5,695.4523315429688,693.25,4.503819942474365,2.3468849658966064,698.0953369140625,697.8798217773438,0.0,0.0021450011990964413,0.0181032232940197,0.9987998008728027,0.9400838613510132,1.2340814592448623e-08,1.618729328356494e-08,0.05991505831480026,1.0374660632805899e-06,134.1110382080078,2238.352783203125,1.0,1.0,242.0,242.0,1.0,1.0,2048.0,1673.5625,498.45440673828125,303.0,193.375,2048.0,1673.5625,2264.0,1866.9375,0.484375,8.0,0.0,0.0,0.0,0.0,1.0,0.0625,0.0,0.24206146597862244,4.0,0.0625,0.875,9.856012184172869e-06,1.2928008800372481e-05,47.79199981689453,0.059261251240968704,798.6516723632812,750.799560546875,2.8868110179901123,0.35787925124168396,0.0,23.0,8.0,64.0,0.36618971824645996,0.0,0.0,0.26249346137046814,0.057373046875,9.999999974752427e-07,243.0,64.0
244,2.6457433700561523,6.938893903907228e-18,-2.6457433700561523,0.9354118704795837,4.440892098500626e-16,0.6487905979156494,-0.0006083119660615921,0.5579821467399597,353735.875,211458.265625,64.0,32.5,175.1610565185547,171.33534240722656,224.0,119.5,361.5931396484375,358.50543212890625,4.344933032989502,2.1583971977233887,363.3282165527344,363.0472412109375,0.0,0.04368305578827858,0.0038345796056091785,0.9999371767044067,0.9551971554756165,2.34754118366709e-08,3.1865557303945025e-08,0.04480048269033432,2.3137929474614793e-06,208.5797882080078,4655.74853515625,1.0,1.0,243.0,243.0,1.0,1.0,2048.0,1230.578125,536.9036254882812,228.0,158.625,2048.0,1230.578125,2222.0,1389.203125,0.1875,8.0,0.0,0.0,0.0,0.0,1.0,0.375,0.0,0.4841229319572449,24.0,0.375,0.125,8.8640081230551e-06,1.2032018275931478e-05,16.8549861907959,0.06108962744474411,377.5869140625,360.6699523925781,2.7796056270599365,0.5553432703018188,0.0,14.0,8.0,64.0,0.2253330796957016,0.0,0.0,0.2971853017807007,0.265625,9.999999974752427e-07,244.0,64.0,2.6457433700561523,-6.938893903907228e-18,-0.5773489475250244,0.49999865889549255,-4.440892098500626e-16,2.0581963062286377,-0.0037795386742800474,0.5710116028785706,655966.5,404221.84375,64.0,32.5,336.4338073730469,321.6239929199219,224.0,119.5,708.6285400390625,685.5342407226562,5.275400161743164,2.8766698837280273,712.1190795898438,690.7869262695312,0.0,0.007224206812679768,0.02186032012104988,0.9983596801757812,0.9582125544548035,9.08692765477781e-09,1.526785453620505e-08,0.04178624972701073,1.159202042799734e-06,115.06397247314453,2753.632568359375,1.0,1.0,243.0,243.0,1.0,1.0,2048.0,1247.265625,541.2081909179688,228.0,158.625,2048.0,1247.265625,2218.0,1405.890625,0.171875,8.0,0.0,0.0,0.0,0.0,1.0,0.046875,0.0,0.21137107908725739,3.0,0.046875,0.75,6.304006092250347e-06,1.059198984876275e-05,28.9298152923584,0.059165216982364655,693.7445068359375,664.7546997070312,2.8729724884033203,0.3538486063480377,0.0,14.0,8.0,64.0,0.2160208523273468,0.0,0.0,0.2724230885505676,0.1220703125,9.999999974752427e-07,244.0,64.0
245,2.6457433700561523,1.734723475976807e-18,-1.2909917831420898,0.6123709678649902,1.1102230246251565e-16,0.7455422878265381,-0.0007641032570973039,0.5128788948059082,341568.78125,239356.625,64.0,32.5,169.0269317626953,167.2998504638672,240.0,133.0,364.9393615722656,363.0279235839844,4.493315696716309,2.1717264652252197,368.0675048828125,367.7493896484375,0.0,-0.0004084073007106781,0.0031271111220121384,0.9996698498725891,0.9379848837852478,1.878257371856762e-08,3.1017020063472955e-08,0.06201286241412163,2.1956504951958777e-06,247.10775756835938,3984.7822265625,1.0,1.0,244.0,244.0,1.0,1.0,2048.0,1434.03125,600.6546630859375,241.0,173.0,2048.0,1434.03125,2289.0,1607.03125,0.328125,8.0,0.0,0.0,0.0,0.0,1.0,0.15625,0.0,0.36309218406677246,10.0,0.15625,0.625,6.976013537496328e-06,1.1519994586706161e-05,22.970430374145508,0.06169417127966881,371.4088134765625,348.3758544921875,2.7372031211853027,0.3380429744720459,0.0,19.0,8.0,64.0,0.3396252989768982,0.0,0.0,0.23881244659423828,0.1357421875,9.999999974752427e-07,245.0,64.0,2.6457433700561523,0.0,-0.3779633343219757,0.4999984800815582,0.0,3.4553067684173584,-0.0027873993385583162,0.542002260684967,741551.8125,515881.5625,64.0,32.5,362.2627258300781,359.6463623046875,240.0,133.0,556.2079467773438,555.9299926757812,4.417963981628418,2.2931416034698486,561.1026000976562,560.5117797851562,0.0,-0.0028138291090726852,0.019238745793700218,0.9991921782493591,0.9526074528694153,1.1214503103929019e-08,1.4871407216787702e-08,0.04739147797226906,1.0168191693082917e-06,116.35816955566406,2455.255126953125,1.0,1.0,244.0,244.0,1.0,1.0,2048.0,1431.84375,610.029052734375,241.0,173.0,2048.0,1431.84375,2289.0,1604.84375,0.359375,8.0,0.0,0.0,0.0,0.0,1.0,0.03125,0.0,0.17399263381958008,2.0,0.03125,0.75,8.831993909552693e-06,1.1711992556229234e-05,37.26377868652344,0.05943264067173004,787.5510864257812,750.22705078125,2.959514856338501,0.35640949010849,0.0,18.0,8.0,64.0,0.3038872480392456,0.0,0.0,0.2219555675983429,0.1005859375,9.999999974752427e-07,245.0,64.0
246,2.6457433700561523,5.204170427930421e-18,-1.7320468425750732,0.7071051001548767,3.3306690738754696e-16,1.433776617050171,-0.0007053291192278266,0.5266783237457275,343526.6875,259092.828125,64.0,32.5,171.58584594726562,168.46754455566406,240.0,113.5,333.28961181640625,329.4500732421875,4.302757263183594,2.266214609146118,334.6064147949219,333.9746398925781,0.0,0.030931252986192703,0.003606414422392845,0.9997870326042175,0.9413378834724426,2.0823144097903423e-08,3.278352878055557e-08,0.05865977704524994,2.303779183421284e-06,265.4330749511719,4524.95849609375,1.0,1.0,245.0,245.0,1.0,1.0,2048.0,1542.390625,555.9132690429688,249.0,149.75,2048.0,1542.390625,2297.0,1692.140625,0.359375,8.0,0.0,0.0,0.0,0.0,1.0,0.21875,0.0,0.4133986532688141,14.0,0.21875,0.5,7.744005415588617e-06,1.2192002031952143e-05,21.756221771240234,0.059005483984947205,371.8941345214844,350.0780334472656,2.627516269683838,0.33955979347229004,0.0,18.0,8.0,64.0,0.2659980058670044,0.0,0.0,0.2806832194328308,0.1494140625,9.999999974752427e-07,246.0,64.0,2.6457433700561523,0.0,-2.6457433700561523,0.4999984800815582,0.0,3.504786252975464,-0.0025945098605006933,0.5477495193481445,530318.0,394718.75,64.0,32.5,270.9085388183594,260.698486328125,240.0,113.5,549.08642578125,549.0032348632812,4.370572090148926,2.2679054737091064,553.9279174804688,553.6043701171875,0.0,0.0056972261518239975,0.020207833498716354,0.9993194341659546,0.9295671582221985,2.1523316462435105e-08,4.6081961357913315e-08,0.07043067365884781,2.1223552266746992e-06,167.78683471679688,2382.297607421875,1.0,1.0,245.0,245.0,1.0,1.0,2048.0,1520.140625,551.88134765625,249.0,149.75,2048.0,1520.140625,2297.0,1669.890625,0.328125,8.0,0.0,0.0,0.0,0.0,1.0,0.125,0.0,0.33071890473365784,8.0,0.125,0.75,1.248001353815198e-05,2.6720023015514016e-05,40.775875091552734,0.06243070960044861,579.8369140625,538.997314453125,3.0396568775177,0.3574916422367096,0.0,19.0,8.0,64.0,0.31377851963043213,0.0,0.0,0.2588815689086914,0.09716796875,9.999999974752427e-07,246.0,64.0
247,1.7320468425750732,-5.204170427930421e-18,-1.2909917831420898,0.49999889731407166,-3.3306690738754696e-16,1.117363452911377,-0.0005255623837001622,0.5561288595199585,351355.8125,303177.75,64.0,32.5,173.09576416015625,171.93385314941406,240.0,124.0,345.21844482421875,343.40289306640625,4.297701358795166,2.1901485919952393,348.1149597167969,347.8789367675781,0.0,0.014625613577663898,0.0030354252085089684,0.9999585151672363,0.9250563979148865,2.7358536769384045e-08,3.157388661634286e-08,0.07494112849235535,2.423483465463505e-06,291.8695068359375,3894.650390625,1.0,1.0,246.0,246.0,1.0,1.0,2048.0,1765.609375,453.7025451660156,253.0,163.75,2048.0,1765.609375,2301.0,1929.359375,0.546875,8.0,0.0,0.0,0.0,0.0,1.0,0.109375,0.0,0.3121091425418854,7.0,0.109375,0.75,1.0592018952593207e-05,1.222401624545455e-05,28.9550724029541,0.058828044682741165,387.1559143066406,358.14105224609375,2.743941307067871,0.34340688586235046,0.0,24.0,8.0,64.0,0.3722788393497467,0.0,0.0,0.3012728989124298,0.1123046875,9.999999974752427e-07,247.0,64.0,1.7320468425750732,-8.673617379884035e-18,-0.7745950818061829,0.49999889731407166,-5.551115123125783e-16,2.8997724056243896,-0.002497620414942503,0.5911895632743835,528043.5,436524.40625,64.0,32.5,262.0116271972656,258.4905700683594,240.0,124.0,544.4052124023438,544.2249755859375,4.181708812713623,2.230337619781494,549.0241088867188,548.53173828125,0.0,-0.013068346306681633,0.018575996160507202,0.9992879629135132,0.9179825186729431,2.0137393974550832e-08,3.874260912084537e-08,0.08201531320810318,2.0783049876627047e-06,185.1252899169922,2257.203857421875,1.0,1.0,246.0,246.0,1.0,1.0,2048.0,1691.53125,470.5794677734375,253.0,163.75,2048.0,1691.53125,2227.0,1855.28125,0.46875,8.0,0.0,0.0,0.0,0.0,1.0,0.078125,0.0,0.2683681845664978,5.0,0.078125,0.75,1.1775991879403591e-05,2.265599323436618e-05,47.9002571105957,0.0608491487801075,584.7823486328125,536.8199462890625,3.1493313312530518,0.362455278635025,0.0,23.0,8.0,64.0,0.37014904618263245,0.0,0.0,0.3014627695083618,0.10986328125,9.999999974752427e-07,247.0,64.0
248,2.6457433700561523,-5.204170427930421e-18,-2.6457433700561523,0.7071049213409424,-3.3306690738754696e-16,1.103223443031311,-0.00041131285252049565,0.5083402991294861,356374.0625,245457.546875,64.0,32.5,184.2622528076172,174.4330291748047,192.0,112.0,8921.6337890625,8913.33203125,74.57077026367188,36.41817092895508,8996.3193359375,8987.4091796875,0.0,0.05690789595246315,0.00255270441994071,1.0000180006027222,0.9139710664749146,1.171386543319386e-07,6.575787381279952e-08,0.08602607995271683,2.6569789497443708e-06,225.5562286376953,2621.95166015625,1.0,1.0,247.0,247.0,1.0,1.0,2048.0,1420.0625,562.33740234375,194.0,147.875,2048.0,1420.0625,2242.0,1567.9375,0.359375,8.0,0.0,0.0,0.0,0.0,1.0,0.359375,0.0,0.479817271232605,23.0,0.359375,0.5,4.719900607597083e-05,2.6496003556530923e-05,32.22289276123047,2.439836263656616,402.93280029296875,368.2689208984375,0.0,0.0,0.0,18.0,8.0,64.0,0.3199056088924408,0.0,0.0,0.24365092813968658,0.1630859375,9.999999974752427e-07,248.0,64.0,2.6457433700561523,1.214306433183765e-17,-1.7320468425750732,0.7905673980712891,7.771561172376096e-16,1.9373459815979004,-0.0020713682752102613,0.549102246761322,713810.5,461652.5625,64.0,32.5,362.2315368652344,352.80279541015625,192.0,112.0,544.9559936523438,544.8032836914062,4.031854152679443,2.0977389812469482,549.4375,548.9996337890625,0.0,-0.007933784276247025,0.017634065821766853,0.9996429681777954,0.955574631690979,1.663139670426972e-08,3.681759608298307e-08,0.04442354291677475,1.7509903500467772e-06,111.36795806884766,2506.9580078125,1.0,1.0,247.0,247.0,1.0,1.0,2048.0,1315.8125,567.2178955078125,194.0,147.875,2048.0,1315.8125,2242.0,1463.6875,0.296875,8.0,0.0,0.0,0.0,0.0,1.0,0.265625,0.0,0.4416654407978058,17.0,0.265625,0.375,1.2575997970998287e-05,2.7839996619150043e-05,33.530845642089844,0.06046441197395325,756.1600952148438,722.5673828125,3.223280668258667,0.3586476743221283,0.0,16.0,8.0,64.0,0.285797119140625,0.0,0.0,0.23347406089305878,0.16796875,9.999999974752427e-07,248.0,64.0
249,2.6457433700561523,0.0,-2.6457433700561523,0.8660230040550232,0.0,0.810042142868042,-0.0006466557970270514,0.45436304807662964,326717.59375,269961.59375,64.0,32.5,160.56356811523438,159.82752990722656,192.0,118.0,337.43780517578125,337.3095703125,4.42199182510376,2.353480339050293,342.2705993652344,341.79107666015625,0.0,0.01612802967429161,0.002367148408666253,0.9997206926345825,0.9286821484565735,5.987250517591747e-08,7.786711364587973e-08,0.0713147521018982,2.986392019010964e-06,301.1082763671875,4222.244140625,1.0,1.0,248.0,248.0,1.0,1.0,2048.0,1689.796875,301.2427978515625,205.0,156.375,2048.0,1689.796875,2210.0,1846.171875,0.25,8.0,0.0,0.0,0.0,0.0,1.0,0.28125,0.0,0.4496092200279236,18.0,0.28125,0.25,2.150399814127013e-05,2.7966998459305614e-05,25.545299530029297,0.06833000481128693,359.16314697265625,333.54840087890625,3.022547960281372,0.42082449793815613,0.0,20.0,8.0,64.0,0.2792297303676605,0.0,0.0,0.19964028894901276,0.166015625,9.999999974752427e-07,249.0,64.0,1.2909917831420898,-1.734723475976807e-18,-0.7745950818061829,0.3535526692867279,-1.1102230246251565e-16,35.99745178222656,-0.002356731565669179,0.4900447726249695,605879.25,505365.8125,64.0,32.5,334.55419921875,306.21722412109375,192.0,118.0,688.6619873046875,688.44775390625,5.215464115142822,2.4131577014923096,693.3560180664062,693.0394287109375,0.0,0.006365208886563778,0.016325416043400764,0.9995818734169006,0.9349489212036133,1.3407296606260388e-08,1.7684069320011986e-08,0.06504970788955688,1.3107079439578229e-06,161.34901428222656,2480.3955078125,1.0,1.0,248.0,248.0,1.0,1.0,2048.0,1660.5625,308.21173095703125,205.0,156.375,2048.0,1660.5625,2210.0,1816.9375,0.265625,8.0,0.0,0.0,0.0,0.0,1.0,0.046875,0.0,0.21137107908725739,3.0,0.046875,0.875,8.831004379317164e-06,1.1647993233054876e-05,42.78318405151367,0.06320830434560776,658.6715087890625,615.82421875,2.9510715007781982,0.3607880175113678,0.0,20.0,8.0,64.0,0.2906494140625,0.0,0.0,0.19663439691066742,0.06640625,9.999999974752427e-07,249.0,64.0
250,2.6457433700561523,-6.938893903907228e-18,-1.2909917831420898,0.7071051001548767,-4.440892098500626e-16,1.1149953603744507,-0.0006478787981905043,0.5124821066856384,344387.65625,212513.234375,64.0,32.5,170.36032104492188,167.56893920898438,192.0,115.0,339.3908386230469,331.92449951171875,4.260393142700195,2.280763626098633,340.6746520996094,336.2955017089844,0.0,0.028332598507404327,0.0034075756557285786,0.9998244643211365,0.9442732334136963,3.072177179319624e-08,6.152957610083831e-08,0.055723924189805984,2.7747475996875437e-06,217.81687927246094,3908.857421875,1.0,1.0,249.0,249.0,1.0,1.0,2048.0,1265.5625,547.15673828125,205.0,153.5,2048.0,1265.5625,2253.0,1419.0625,0.234375,8.0,0.0,0.0,0.0,0.0,1.0,0.296875,0.0,0.45688098669052124,19.0,0.296875,0.5,1.142400287790224e-05,2.2879998141434044e-05,20.65218734741211,0.06895601749420166,371.8536376953125,351.1314392089844,2.9026591777801514,0.4134948253631592,0.0,16.0,8.0,64.0,0.307586669921875,0.0,0.0,0.2615971565246582,0.1591796875,9.999999974752427e-07,250.0,64.0,2.6457433700561523,-1.3877787807814457e-17,-0.5773489475250244,0.7071049213409424,-8.881784197001252e-16,1.9037306308746338,-0.0015221592038869858,0.5264531373977661,574070.4375,343864.8125,64.0,32.5,303.21771240234375,281.9298400878906,192.0,115.0,689.1069946289062,688.4110107421875,4.087374210357666,2.1639456748962402,693.6001586914062,692.680419921875,0.0,0.03032034821808338,0.018806900829076767,1.0001506805419922,0.9484336972236633,1.679571504098476e-08,2.116358466253132e-08,0.051564883440732956,1.4078698313824134e-06,127.616943359375,2474.880859375,1.0,1.0,249.0,249.0,1.0,1.0,2048.0,1227.109375,567.6123046875,205.0,153.5,2048.0,1227.109375,2253.0,1380.609375,0.234375,8.0,0.0,0.0,0.0,0.0,1.0,0.09375,0.0,0.2914806008338928,6.0,0.09375,0.5,1.0336021659895778e-05,1.3023993233218789e-05,31.672475814819336,0.06036636605858803,615.3963623046875,583.66259765625,3.040506362915039,0.35571861267089844,0.0,15.0,8.0,64.0,0.2814534604549408,0.0,0.0,0.23707623779773712,0.1484375,9.999999974752427e-07,250.0,64.0
251,2.6457433700561523,-1.5612511283791264e-17,-0.9999979734420776,0.7905675768852234,-9.992007221626409e-16,1.01531982421875,-0.001131514785811305,0.5263522267341614,347498.3125,222768.5,64.0,32.5,175.79441833496094,169.43206787109375,176.0,97.0,361.2899169921875,360.9371337890625,4.319656848907471,2.362262725830078,365.7891845703125,365.36041259765625,0.0,0.08000681549310684,0.0037364657036960125,0.9994023442268372,0.9476352334022522,3.5087609262518527e-08,5.8707566807925105e-08,0.05236208066344261,2.591415295682964e-06,224.0285186767578,4278.44970703125,1.0,1.0,250.0,250.0,1.0,1.0,2048.0,1308.890625,609.02783203125,178.0,129.875,2048.0,1308.890625,2226.0,1438.765625,0.25,8.0,0.0,0.0,0.0,0.0,1.0,0.1875,0.0,0.3903123736381531,12.0,0.1875,0.375,1.311999949393794e-05,2.1952000679448247e-05,19.51074981689453,0.06853953748941422,373.921142578125,354.3408508300781,2.9161934852600098,0.4178578555583954,0.0,15.0,8.0,64.0,0.2511637508869171,0.0,0.0,0.27893534302711487,0.2080078125,9.999999974752427e-07,251.0,64.0,2.6457433700561523,0.0,-0.3779633343219757,0.35355231165885925,0.0,5.717264652252197,-0.004028205294162035,0.5642310380935669,606076.5,408169.34375,64.0,32.5,359.0451965332031,323.3133239746094,176.0,97.0,572.8069458007812,560.22705078125,4.08628511428833,2.2017767429351807,575.1597900390625,564.5324096679688,0.0,-0.001841873861849308,0.024479787796735764,0.9988997578620911,0.950829029083252,1.5585552404218106e-08,1.7911014893456922e-08,0.04916968196630478,1.2336821555436472e-06,129.2921142578125,2629.509033203125,1.0,1.0,250.0,250.0,1.0,1.0,2048.0,1306.5625,590.9203491210938,178.0,129.875,2048.0,1306.5625,2226.0,1436.4375,0.234375,8.0,0.0,0.0,0.0,0.0,1.0,0.015625,0.0,0.12401959300041199,1.0,0.015625,0.875,1.0079995263367891e-05,1.1583993909880519e-05,31.74065399169922,0.05996006354689598,646.7525024414062,614.9510498046875,3.123291492462158,0.3556228578090668,0.0,15.0,8.0,64.0,0.2523762881755829,0.0,0.0,0.2845463752746582,0.138671875,9.999999974752427e-07,251.0,64.0
252,2.6457433700561523,-8.673617379884035e-18,-0.7745950818061829,0.7071049213409424,-5.551115123125783e-16,0.6850395202636719,-0.0005715176230296493,0.5513901710510254,383214.46875,301776.96875,64.0,32.5,190.76547241210938,186.404052734375,400.0,143.5,365.279052734375,365.1871032714844,4.60829496383667,2.419938325881958,370.3391418457031,369.90069580078125,0.0,0.0333699956536293,0.0022758306004107,0.9998502731323242,0.9289505481719971,2.4757012440090875e-08,5.530334945547111e-08,0.07104697078466415,2.377418468313408e-06,245.80621337890625,3459.770751953125,1.0,1.0,251.0,251.0,1.0,1.0,2048.0,1613.421875,597.415283203125,408.0,192.25,2048.0,1613.421875,2456.0,1805.671875,0.515625,8.0,0.0,0.0,0.0,0.0,1.0,0.109375,0.0,0.3121091425418854,7.0,0.109375,0.5,1.0399999155197293e-05,2.323199441889301e-05,29.77629280090332,0.06932756304740906,420.08294677734375,390.2362976074219,2.866196870803833,0.42217493057250977,0.0,23.0,8.0,64.0,0.38700005412101746,0.0,0.0,0.2976313829421997,0.1953125,9.999999974752427e-07,252.0,64.0,2.6457433700561523,0.0,-0.3779633343219757,0.35355231165885925,0.0,1.5411914587020874,-0.002142135053873062,0.5955113768577576,702142.8125,544936.4375,64.0,32.5,343.0106506347656,329.60186767578125,400.0,143.5,558.2487182617188,557.7210083007812,4.627114772796631,2.3940372467041016,563.1477661132812,562.4412841796875,0.0,0.0022671418264508247,0.015711117535829544,0.9993709921836853,0.9363542199134827,9.27216081691995e-09,1.7194279777754673e-08,0.0636446550488472,1.121925379266031e-06,135.97256469726562,2136.433349609375,1.0,1.0,251.0,251.0,1.0,1.0,2048.0,1613.109375,604.3328857421875,408.0,192.25,2048.0,1613.109375,2456.0,1805.359375,0.5625,8.0,0.0,0.0,0.0,0.0,1.0,0.015625,0.0,0.12401959300041199,1.0,0.015625,0.875,7.040012860670686e-06,1.305498881265521e-05,48.26335906982422,0.05970512330532074,759.2634887695312,710.9395141601562,3.114959239959717,0.3572153151035309,0.0,23.0,8.0,64.0,0.38710618019104004,0.0,0.0,0.3019685745239258,0.058349609375,9.999999974752427e-07,252.0,64.0
253,2.6457433700561523,-1.5612511283791264e-17,-0.9999979734420776,0.7905675768852234,-9.992007221626409e-16,1.008599877357483,-0.0005774293094873428,0.5167837738990784,353409.5625,247746.4375,64.0,32.5,195.37603759765625,178.35787963867188,176.0,103.0,348.41546630859375,348.23907470703125,4.535655975341797,2.417813301086426,353.2376403808594,352.8487548828125,0.0,0.022471141070127487,0.0026739148888736963,0.9998725056648254,0.9433167576789856,2.89702661859792e-08,5.475883924077607e-08,0.056680575013160706,2.610403726066579e-06,236.8068084716797,4177.91845703125,1.0,1.0,252.0,252.0,1.0,1.0,2048.0,1414.125,654.239990234375,183.0,139.375,2048.0,1414.125,2231.0,1553.5,0.390625,8.0,0.0,0.0,0.0,0.0,1.0,0.1875,0.0,0.3903123736381531,12.0,0.1875,0.375,1.107199932448566e-05,2.0928004232700914e-05,21.593490600585938,0.06897300481796265,382.1849365234375,360.5214538574219,3.041299819946289,0.42494329810142517,0.0,17.0,8.0,64.0,0.2865349352359772,0.0,0.0,0.24751736223697662,0.181640625,9.999999974752427e-07,253.0,64.0,2.6457433700561523,0.0,-0.3779633343219757,0.35355231165885925,0.0,4.648629665374756,-0.003034699708223343,0.5723234415054321,608033.4375,415956.0625,64.0,32.5,355.4676818847656,312.98040771484375,176.0,103.0,695.7653198242188,684.4910278320312,4.129197120666504,2.126736879348755,698.0514526367188,688.7388305664062,0.0,0.016536353155970573,0.019077448174357414,0.999169111251831,0.9423192143440247,1.5034084199783138e-08,1.889026179924258e-08,0.05767940357327461,1.3484755072568078e-06,133.9280548095703,2321.93896484375,1.0,1.0,252.0,252.0,1.0,1.0,2048.0,1371.875,657.3760986328125,183.0,139.375,2048.0,1371.875,2231.0,1511.25,0.359375,8.0,0.0,0.0,0.0,0.0,1.0,0.015625,0.0,0.12401959300041199,1.0,0.015625,0.875,9.855983080342412e-06,1.2384000001475215e-05,37.75318145751953,0.06004473567008972,655.5758666992188,617.7617797851562,3.071878671646118,0.355802983045578,0.0,18.0,8.0,64.0,0.3445095419883728,0.0,0.0,0.26089686155319214,0.07470703125,9.999999974752427e-07,253.0,64.0
254,2.6457433700561523,-5.204170427930421e-18,-1.2909917831420898,0.8660231828689575,-3.3306690738754696e-16,0.8478344678878784,-0.0006918063154444098,0.5571081042289734,361376.46875,223349.3125,64.0,32.5,182.4605255126953,177.9644317626953,192.0,109.0,348.1040344238281,347.99774169921875,4.280393123626709,2.3029980659484863,352.6251220703125,352.4234313964844,0.0,-0.027117297053337097,0.0029808480758219957,0.9998192191123962,0.9464724063873291,3.830977846064343e-08,6.987833245375441e-08,0.05352487042546272,2.634559905345668e-06,206.84503173828125,3864.465576171875,1.0,1.0,253.0,253.0,1.0,1.0,2048.0,1258.03125,608.11669921875,203.0,142.5,2048.0,1258.03125,2251.0,1400.53125,0.28125,8.0,0.0,0.0,0.0,0.0,1.0,0.21875,0.0,0.4133986532688141,14.0,0.21875,0.25,1.491200237069279e-05,2.7199996111448854e-05,20.765100479125977,0.06934496760368347,389.2479248046875,368.41241455078125,2.981795310974121,0.4172690212726593,0.0,16.0,8.0,64.0,0.3166351318359375,0.0,0.0,0.30488842725753784,0.2412109375,9.999999974752427e-07,254.0,64.0,2.6457433700561523,-6.938893903907228e-18,-0.9999979734420776,0.7071049213409424,-4.440892098500626e-16,4.032635688781738,-0.003216802142560482,0.5881783962249756,575256.9375,337621.53125,64.0,32.5,281.0243835449219,273.19659423828125,192.0,109.0,583.7814331054688,582.6326293945312,4.003757953643799,2.000291585922241,587.188232421875,586.8447265625,0.0,-0.039098672568798065,0.02307056076824665,0.9991685748100281,0.9451743364334106,2.0553398982769977e-08,1.982860098337369e-08,0.054824210703372955,1.4030642887519207e-06,127.14021301269531,2319.05224609375,1.0,1.0,253.0,253.0,1.0,1.0,2048.0,1227.890625,638.9890747070312,203.0,142.5,2048.0,1227.890625,2251.0,1370.390625,0.265625,8.0,0.0,0.0,0.0,0.0,1.0,0.125,0.0,0.33071890473365784,8.0,0.125,0.5,1.2703996617347002e-05,1.22560013551265e-05,33.824520111083984,0.06216578558087349,618.0971069335938,584.2095336914062,3.0232560634613037,0.3576637804508209,0.0,16.0,8.0,64.0,0.33135223388671875,0.0,0.0,0.28560909628868103,0.220703125,9.999999974752427e-07,254.0,64.0
255,1.2909917831420898,-1.734723475976807e-18,-0.9999979734420776,0.4999989867210388,-1.1102230246251565e-16,0.8538706302642822,-0.000896996003575623,0.6160746812820435,384333.375,333190.40625,64.0,32.5,193.24148559570312,189.14071655273438,256.0,139.0,355.78076171875,348.1391906738281,4.557608127593994,2.365241050720215,357.280029296875,352.8193359375,0.0,0.04866399988532066,0.003506814129650593,0.999641478061676,0.929826557636261,3.314942631504891e-08,4.934161879077692e-08,0.07017091661691666,2.441106744299759e-06,268.30084228515625,3823.533447265625,1.0,1.0,254.0,254.0,1.0,1.0,2048.0,1764.421875,395.4721374511719,263.0,182.875,2048.0,1764.421875,2311.0,1947.296875,0.515625,8.0,0.0,0.0,0.0,0.0,1.0,0.234375,0.0,0.42360755801200867,15.0,0.234375,0.75,1.39519979711622e-05,2.0767001842614263e-05,29.462697982788086,0.07097843289375305,420.8820495605469,391.3472900390625,2.8559083938598633,0.4224153459072113,0.0,23.0,8.0,64.0,0.33889371156692505,0.0,0.0,0.35401472449302673,0.12353515625,9.999999974752427e-07,255.0,64.0,2.6457433700561523,-6.938893903907228e-18,-0.5773489475250244,0.6123707294464111,-4.440892098500626e-16,4.5507893562316895,-0.002947776345536113,0.6658990979194641,702195.375,604714.875,64.0,32.5,369.57110595703125,353.3790588378906,256.0,139.0,718.4725341796875,690.3471069335938,4.30702018737793,2.3160109519958496,721.1448974609375,694.8814697265625,0.0,0.023706629872322083,0.02228427305817604,0.9991958737373352,0.9355854988098145,1.3275665011747151e-08,1.9367334402886627e-08,0.06441326439380646,1.1853942396555794e-06,144.81121826171875,2248.158447265625,1.0,1.0,254.0,254.0,1.0,1.0,2048.0,1723.46875,399.16522216796875,263.0,182.875,2048.0,1723.46875,2311.0,1906.34375,0.46875,8.0,0.0,0.0,0.0,0.0,1.0,0.0625,0.0,0.24206146597862244,4.0,0.0625,0.625,1.0112009476870298e-05,1.4752004062756896e-05,48.999996185302734,0.06327301263809204,761.6951293945312,712.6309204101562,3.124000310897827,0.6325075030326843,0.0,23.0,8.0,64.0,0.35280442237854004,0.0,0.0,0.36099544167518616,0.11279296875,9.999999974752427e-07,255.0,64.0
256,2.6457433700561523,-8.673617379884035e-18,-2.6457433700561523,0.7071049213409424,-5.551115123125783e-16,1.1118559837341309,-0.00068420305615291,0.530031681060791,367240.96875,256130.15625,64.0,32.5,179.40447998046875,173.2002410888672,256.0,115.0,351.8306579589844,351.66900634765625,4.887494087219238,2.5977234840393066,357.0826110839844,356.6478271484375,0.0,0.0025173521135002375,0.002867291681468487,0.9998019337654114,0.944195032119751,3.389766334294109e-08,6.028943744240678e-08,0.05580217391252518,2.7080054678663146e-06,235.7401580810547,4224.5693359375,1.0,1.0,255.0,255.0,1.0,1.0,2048.0,1460.4375,552.11572265625,258.0,152.25,2048.0,1460.4375,2306.0,1612.6875,0.296875,8.0,0.0,0.0,0.0,0.0,1.0,0.328125,0.0,0.4695306122303009,21.0,0.328125,0.5,1.3439996109809726e-05,2.390400186413899e-05,22.05817222595215,0.0666845440864563,396.4873962402344,374.3614196777344,2.955205202102661,0.4213603138923645,0.0,17.0,8.0,64.0,0.2593348026275635,0.0,0.0,0.28772538900375366,0.158203125,9.999999974752427e-07,256.0,64.0,2.6457433700561523,-5.204170427930421e-18,-1.2909917831420898,0.7071049213409424,-3.3306690738754696e-16,1.9803149700164795,-0.0024950241204351187,0.5711216926574707,573678.5625,375235.9375,64.0,32.5,280.2533264160156,270.73846435546875,256.0,115.0,560.8929443359375,538.72705078125,4.1474690437316895,2.0799965858459473,563.4589233398438,543.0643920898438,0.0,-0.0043166931718587875,0.02149449847638607,0.9995490908622742,0.9422434568405151,1.7974429056266672e-08,2.393138842649023e-08,0.05775510147213936,1.376002387587505e-06,142.4099884033203,2465.756103515625,1.0,1.0,255.0,255.0,1.0,1.0,2048.0,1374.625,606.5572509765625,258.0,152.25,2048.0,1374.625,2229.0,1526.875,0.25,8.0,0.0,0.0,0.0,0.0,1.0,0.140625,0.0,0.34763431549072266,9.0,0.140625,0.5,1.110398443415761e-05,1.4783989172428846e-05,35.616668701171875,0.06244770437479019,617.765625,582.0856323242188,2.9696812629699707,0.35518380999565125,0.0,17.0,8.0,64.0,0.2987706661224365,0.0,0.0,0.28981468081474304,0.1787109375,9.999999974752427e-07,256.0,64.0
257,2.6457433700561523,-1.734723475976807e-18,-2.6457433700561523,0.6123707890510559,-1.1102230246251565e-16,0.912329912185669,-0.0008907608571462333,0.6953988671302795,356556.59375,277076.6875,64.0,32.5,180.6839599609375,175.47950744628906,288.0,139.0,348.93743896484375,348.4898376464844,5.603137969970703,2.9629554748535156,354.55035400390625,353.8975830078125,0.0,-0.002162159653380513,0.0033125965856015682,0.9997242093086243,0.9279479384422302,2.5722950880435747e-08,5.4875609833970884e-08,0.07204953581094742,2.4745293103478616e-06,258.8396911621094,3592.524169921875,1.0,1.0,256.0,256.0,1.0,1.0,2048.0,1584.859375,594.0477905273438,303.0,187.375,2048.0,1584.859375,2351.0,1772.234375,0.515625,8.0,0.0,0.0,0.0,0.0,1.0,0.171875,0.0,0.37727177143096924,11.0,0.171875,0.625,1.0080002539325505e-05,2.150399814127013e-05,28.164186477661133,0.06972304731607437,391.8680419921875,363.63311767578125,2.934293746948242,0.4218248128890991,0.0,22.0,8.0,64.0,0.37101051211357117,0.0,0.0,0.4653518795967102,0.158203125,9.999999974752427e-07,257.0,64.0,2.6457433700561523,0.0,-0.9999979734420776,0.6123707890510559,0.0,1.4748775959014893,-0.0033081097062677145,0.72940593957901,602490.8125,488599.90625,64.0,32.5,345.9765625,307.0123291015625,288.0,139.0,554.6070556640625,553.5802612304688,4.405707836151123,2.349555015563965,558.481689453125,558.129150390625,0.0,0.004355517216026783,0.023868044838309288,0.998916745185852,0.9227921366691589,1.4208805687587756e-08,2.0781612874998245e-08,0.07720652222633362,1.3220459322837996e-06,157.30593872070312,2037.469482421875,1.0,1.0,256.0,256.0,1.0,1.0,2048.0,1627.4375,594.4347534179688,303.0,187.375,2048.0,1627.4375,2351.0,1814.8125,0.578125,8.0,0.0,0.0,0.0,0.0,1.0,0.09375,0.0,0.2914806008338928,6.0,0.09375,0.625,9.40798781812191e-06,1.3760000001639128e-05,51.057247161865234,0.06302447617053986,662.123779296875,611.0025634765625,2.8283398151397705,0.36121007800102234,0.0,24.0,8.0,64.0,0.4095662534236908,0.0,0.0,0.4553494453430176,0.1669921875,9.999999974752427e-07,257.0,64.0
258,0.9999979734420776,1.5612511283791264e-17,-1.7320468425750732,0.7071052193641663,9.992007221626409e-16,1.3518760204315186,-0.0006771759362891316,0.4897056221961975,361600.78125,218319.828125,64.0,32.5,210.2447509765625,186.6501922607422,176.0,110.5,360.0455017089844,354.7437438964844,4.135945796966553,2.140726327896118,361.43731689453125,359.0799560546875,0.0,0.04023564234375954,0.003133363788947463,0.9998015761375427,0.9494719505310059,3.3873263305395085e-08,5.455986595848117e-08,0.05052538588643074,2.5998967885243474e-06,197.27210998535156,3904.415771484375,1.0,1.0,257.0,257.0,1.0,1.0,2048.0,1196.796875,557.41552734375,189.0,147.625,2048.0,1196.796875,2237.0,1344.421875,0.15625,8.0,0.0,0.0,0.0,0.0,1.0,0.578125,0.0,0.49385878443717957,37.0,0.578125,0.5,1.3151999155525118e-05,2.1184001525398344e-05,19.547765731811523,0.06976640969514847,388.2707824707031,368.6522216796875,2.9002885818481445,0.42625290155410767,0.0,15.0,8.0,64.0,0.30030110478401184,0.0,0.0,0.2280537635087967,0.2158203125,9.999999974752427e-07,258.0,64.0,2.6457433700561523,0.0,-1.7320468425750732,0.7071051001548767,0.0,2.1812944412231445,-0.002859987784177065,0.5220912098884583,703946.875,418880.53125,64.0,32.5,358.92254638671875,344.43316650390625,176.0,110.5,544.5548706054688,542.4430541992188,4.206222057342529,2.1712722778320312,547.342529296875,546.7713623046875,0.0,0.032773301005363464,0.019613469019532204,0.9990140199661255,0.9572049975395203,1.3674195109558696e-08,1.7071263513912527e-08,0.04279383644461632,1.1491863460832974e-06,103.04281616210938,2407.88916015625,1.0,1.0,257.0,257.0,1.0,1.0,2048.0,1198.15625,590.3217163085938,189.0,147.625,2048.0,1198.15625,2237.0,1345.78125,0.1875,8.0,0.0,0.0,0.0,0.0,1.0,0.203125,0.0,0.4023247957229614,13.0,0.203125,0.5,1.0176008800044656e-05,1.2704025721177459e-05,31.78386878967285,0.06228220462799072,744.1760864257812,712.3290405273438,2.8868520259857178,0.36302387714385986,0.0,15.0,8.0,64.0,0.29959309101104736,0.0,0.0,0.228459432721138,0.1708984375,9.999999974752427e-07,258.0,64.0
259,2.6457433700561523,0.0,-2.6457433700561523,0.9354117512702942,0.0,0.7273311018943787,-0.0006811947678215802,0.5474892258644104,369245.53125,248767.1875,64.0,32.5,184.81236267089844,180.0060577392578,192.0,107.5,377.1679992675781,349.47027587890625,4.257449150085449,2.250981569290161,378.6683044433594,353.9301452636719,0.0,0.04137837141752243,0.003568323329091072,0.9998659491539001,0.9472808241844177,3.567665629589101e-08,5.4441137820049335e-08,0.05271650850772858,2.580863110779319e-06,222.87095642089844,4227.72607421875,1.0,1.0,258.0,258.0,1.0,1.0,2048.0,1383.703125,547.8242797851562,206.0,144.625,2048.0,1383.703125,2207.0,1528.328125,0.25,8.0,0.0,0.0,0.0,0.0,1.0,0.296875,0.0,0.45688098669052124,19.0,0.296875,0.125,1.4175995602272451e-05,2.1631996787618846e-05,20.876283645629883,0.0704382136464119,397.3465270996094,376.39874267578125,2.9312520027160645,0.428805410861969,0.0,16.0,8.0,64.0,0.25423431396484375,0.0,0.0,0.33704283833503723,0.2470703125,9.999999974752427e-07,259.0,64.0,2.6457433700561523,-8.673617379884035e-18,-0.9999979734420776,0.7071051001548767,-5.551115123125783e-16,2.7788307666778564,-0.003482770174741745,0.5660090446472168,611957.75,451533.25,64.0,32.5,352.37060546875,318.7518005371094,192.0,107.5,546.9639282226562,544.7508544921875,5.415175914764404,2.8664891719818115,550.5452270507812,549.992919921875,0.0,0.012622428126633167,0.022843899205327034,0.9987137317657471,0.9394853711128235,1.5073659653808136e-08,2.1616886058950513e-08,0.06051325052976608,1.3422301208265708e-06,140.49769592285156,2321.767333984375,1.0,1.0,258.0,258.0,1.0,1.0,2048.0,1449.375,541.1920166015625,206.0,144.625,2048.0,1449.375,2207.0,1594.0,0.3125,8.0,0.0,0.0,0.0,0.0,1.0,0.15625,0.0,0.36309218406677246,10.0,0.15625,0.5,9.951996617019176e-06,1.4271994587033987e-05,39.88942337036133,0.06289990246295929,660.224365234375,620.2711181640625,2.6785316467285156,0.3617716431617737,0.0,19.0,8.0,64.0,0.3449835479259491,0.0,0.0,0.3121301531791687,0.1630859375,9.999999974752427e-07,259.0,64.0
260,2.6457433700561523,-1.3877787807814457e-17,-2.6457433700561523,0.7905672788619995,-8.881784197001252e-16,0.8333051204681396,-0.0007380431052297354,0.4898834228515625,359105.84375,220772.703125,64.0,32.5,183.5723114013672,180.17959594726562,208.0,128.5,345.5780334472656,338.82843017578125,4.619655132293701,2.527095317840576,347.0869140625,343.5088195800781,0.0,0.021528415381908417,0.0032093971967697144,0.9997085332870483,0.9515087604522705,4.153663724082435e-08,6.584265577203041e-08,0.048488497734069824,2.6361017262388486e-06,205.0585479736328,4229.01416015625,1.0,1.0,259.0,259.0,1.0,1.0,2048.0,1231.734375,496.31414794921875,209.0,170.875,2048.0,1231.734375,2207.0,1402.609375,0.109375,8.0,0.0,0.0,0.0,0.0,1.0,0.328125,0.0,0.4695306122303009,21.0,0.328125,0.375,1.59679984790273e-05,2.5312001525890082e-05,18.569721221923828,0.07079318910837173,384.4316711425781,365.79010009765625,2.7403082847595215,0.41631558537483215,0.0,14.0,8.0,64.0,0.2178519070148468,0.0,0.0,0.2523190379142761,0.1767578125,9.999999974752427e-07,260.0,64.0,2.6457433700561523,0.0,-0.3779633343219757,0.35355231165885925,0.0,3.0777361392974854,-0.0022942377254366875,0.5235549807548523,563911.1875,318671.4375,64.0,32.5,275.57708740234375,262.17901611328125,208.0,128.5,573.6915283203125,573.0999755859375,4.556395053863525,2.4388937950134277,578.4072875976562,577.8265991210938,0.0,0.016499022021889687,0.018099253997206688,0.9994693994522095,0.9513006806373596,1.0956000551232137e-08,2.4518088892477863e-08,0.04869797080755234,1.3423201608020463e-06,128.09999084472656,2630.499755859375,1.0,1.0,259.0,259.0,1.0,1.0,2048.0,1204.296875,525.4815063476562,209.0,170.875,2048.0,1204.296875,2257.0,1375.171875,0.15625,8.0,0.0,0.0,0.0,0.0,1.0,0.015625,0.0,0.12401959300041199,1.0,0.015625,0.875,6.591988494619727e-06,1.4752004062756896e-05,29.238128662109375,0.06238802894949913,601.6784057617188,572.3770141601562,2.8482589721679688,0.36129534244537354,0.0,14.0,8.0,64.0,0.2331630140542984,0.0,0.0,0.24328747391700745,0.072265625,9.999999974752427e-07,260.0,64.0
261,1.2909917831420898,-3.469446951953614e-18,-0.9999979734420776,0.6123712062835693,-2.220446049250313e-16,0.783977746963501,-0.0007553877658210695,0.5672402381896973,375270.4375,245965.03125,64.0,32.5,184.31507873535156,179.4752197265625,288.0,127.0,344.5053405761719,343.71173095703125,4.467400074005127,2.3203678131103516,348.755126953125,348.3827819824219,0.0,0.007599509321153164,0.0028294725343585014,0.9997500777244568,0.9465329051017761,3.8176629857389344e-08,5.512639589255741e-08,0.05346442386507988,2.5826045657595387e-06,215.19395446777344,4024.993408203125,1.0,1.0,260.0,260.0,1.0,1.0,2048.0,1358.46875,574.2483520507812,293.0,167.0,2048.0,1358.46875,2341.0,1525.46875,0.3125,8.0,0.0,0.0,0.0,0.0,1.0,0.28125,0.0,0.4496092200279236,18.0,0.28125,0.625,1.5424004232045263e-05,2.2271997295320034e-05,21.529970169067383,0.07056231051683426,404.0169372558594,382.4153137207031,2.996201992034912,0.4197627902030945,0.0,17.0,8.0,64.0,0.2994169294834137,0.0,0.0,0.34096434712409973,0.1435546875,9.999999974752427e-07,261.0,64.0,1.7320468425750732,-6.938893903907228e-18,-0.9999979734420776,0.49999892711639404,-4.440892098500626e-16,1.9114906787872314,-0.0030988468788564205,0.5904263854026794,644921.5625,439179.21875,64.0,32.5,315.05694580078125,293.5128173828125,288.0,127.0,570.3345336914062,543.0907592773438,4.5008440017700195,2.3081367015838623,572.795166015625,547.724853515625,0.0,0.02085530012845993,0.019463540986180305,0.9987330436706543,0.9428258538246155,1.1914070618956885e-08,2.156539302688998e-08,0.05717286467552185,1.2499081094574649e-06,134.12420654296875,2345.941650390625,1.0,1.0,260.0,260.0,1.0,1.0,2048.0,1452.234375,596.1925659179688,293.0,167.0,2048.0,1452.234375,2341.0,1619.234375,0.40625,8.0,0.0,0.0,0.0,0.0,1.0,0.09375,0.0,0.2914806008338928,6.0,0.09375,0.75,8.256000000983477e-06,1.4944002032279968e-05,39.55655288696289,0.06207892298698425,692.962158203125,653.3426513671875,2.772672414779663,0.36654138565063477,0.0,19.0,8.0,64.0,0.3346075713634491,0.0,0.0,0.31890541315078735,0.099609375,9.999999974752427e-07,261.0,64.0
262,1.2909917831420898,6.938893903907228e-18,-1.7320468425750732,0.6123711466789246,4.440892098500626e-16,0.8020281195640564,-0.0007149696466512978,0.5080527663230896,333127.96875,203018.078125,64.0,32.5,175.9344482421875,166.29763793945312,176.0,101.5,356.92022705078125,351.5422668457031,4.1852898597717285,2.2737674713134766,358.5119323730469,355.88671875,0.0,-0.010262874886393547,0.003049050457775593,0.999725878238678,0.9455685019493103,3.658633573877523e-08,6.507201533167972e-08,0.05442849546670914,2.879169414882199e-06,219.8767547607422,4039.73583984375,1.0,1.0,261.0,261.0,1.0,1.0,2048.0,1235.015625,602.5726928710938,185.0,135.375,2048.0,1235.015625,2233.0,1370.390625,0.25,8.0,0.0,0.0,0.0,0.0,1.0,0.21875,0.0,0.4133986532688141,14.0,0.21875,0.625,1.3152006431482732e-05,2.3392000002786517e-05,19.497596740722656,0.06828514486551285,359.4786682128906,339.9117126464844,2.9082658290863037,0.4238799512386322,0.0,15.0,8.0,64.0,0.28677570819854736,0.0,0.0,0.22523359954357147,0.1328125,9.999999974752427e-07,262.0,64.0,2.6457433700561523,0.0,-0.3779633343219757,0.6123706102371216,0.0,4.02148962020874,-0.003542123595252633,0.5536521077156067,754297.3125,451015.40625,64.0,32.5,368.4891662597656,364.8666076660156,176.0,101.5,728.2635498046875,692.6325073242188,4.941162109375,2.5044522285461426,730.439208984375,697.5613403320312,0.0,-0.0017980895936489105,0.018653875216841698,0.9985942244529724,0.9576947689056396,1.098919177877633e-08,1.5481152360052874e-08,0.04230412468314171,1.087164832824783e-06,98.76742553710938,2334.69970703125,1.0,1.0,261.0,261.0,1.0,1.0,2048.0,1231.3125,623.6548461914062,185.0,135.375,2048.0,1231.3125,2208.0,1366.6875,0.21875,8.0,0.0,0.0,0.0,0.0,1.0,0.046875,0.0,0.21137107908725739,3.0,0.046875,0.625,8.767994586378336e-06,1.2352014891803265e-05,33.69154739379883,0.06183120980858803,797.8743896484375,764.1201171875,2.9306445121765137,0.3592176139354706,0.0,16.0,8.0,64.0,0.333160400390625,0.0,0.0,0.2254546731710434,0.1494140625,9.999999974752427e-07,262.0,64.0
263,2.6457433700561523,-5.204170427930421e-18,-1.2909917831420898,0.7071049213409424,-3.3306690738754696e-16,0.7217484712600708,-0.0006297582294791937,0.5336713790893555,337819.125,266424.34375,64.0,32.5,165.0313262939453,164.31320190429688,224.0,109.0,344.71319580078125,323.97442626953125,5.422338962554932,2.899038791656494,345.9815979003906,329.1649169921875,0.0,-0.006823280360549688,0.003277961630374193,0.999876856803894,0.9262871742248535,3.561148886888077e-08,5.7202036884973495e-08,0.07370990514755249,2.8355625545373186e-06,278.8142395019531,3782.58837890625,1.0,1.0,262.0,262.0,1.0,1.0,2048.0,1620.671875,455.8677978515625,236.0,142.5,2048.0,1620.671875,2284.0,1763.171875,0.375,8.0,0.0,0.0,0.0,0.0,1.0,0.140625,0.0,0.34763431549072266,9.0,0.140625,0.5,1.3247998140286654e-05,2.128000051015988e-05,27.350948333740234,0.07022324204444885,372.0147399902344,344.59246826171875,2.707125186920166,0.4271189272403717,0.0,21.0,8.0,64.0,0.3444301187992096,0.0,0.0,0.27538228034973145,0.177734375,9.999999974752427e-07,263.0,64.0,1.7320468425750732,-6.938893903907228e-18,-1.7320468425750732,0.612371027469635,-4.440892098500626e-16,4.05173397064209,-0.003003186546266079,0.5442160367965698,523343.71875,409710.65625,64.0,32.5,266.31707763671875,255.3769073486328,224.0,109.0,7895.744140625,2192.944580078125,20.433507919311523,2.004333734512329,7916.931640625,2197.27734375,0.0,0.025453034788370132,0.021412735804915428,0.9992489814758301,0.9094389081001282,4.4813287303213656e-08,5.28842143410202e-08,0.09055867791175842,2.3478764887840953e-06,166.2970733642578,1836.34619140625,1.0,1.0,262.0,262.0,1.0,1.0,2048.0,1606.8125,507.19378662109375,236.0,142.5,2048.0,1606.8125,2284.0,1749.3125,0.390625,8.0,0.0,0.0,0.0,0.0,1.0,0.15625,0.0,0.36309218406677246,10.0,0.15625,0.625,2.771196886897087e-05,3.270292654633522e-05,54.373138427734375,1.627197504043579,618.3873291015625,562.3854370117188,0.0,0.0,0.0,21.0,8.0,64.0,0.3495861291885376,0.0,0.0,0.25407958030700684,0.1259765625,9.999999974752427e-07,263.0,64.0
264,2.6457433700561523,3.469446951953614e-18,-1.2909917831420898,0.7905675172805786,2.220446049250313e-16,0.527804970741272,-0.0007332865498028696,0.5274695158004761,351751.6875,236586.921875,64.0,32.5,179.59669494628906,173.6824493408203,288.0,130.0,366.0117492675781,364.3258361816406,4.5501837730407715,2.5029757022857666,369.1654052734375,368.96868896484375,0.0,0.016212571412324905,0.00334173534065485,0.9997504353523254,0.9409067630767822,4.9928303269553e-08,6.71304789534588e-08,0.059087399393320084,5.7106644817395136e-06,229.91928100585938,3891.1728515625,1.0,1.0,263.0,263.0,1.0,1.0,2048.0,1369.984375,591.6430053710938,300.0,173.0,2048.0,1369.984375,2348.0,1542.984375,0.359375,8.0,0.0,0.0,0.0,0.0,1.0,0.375,0.0,0.4841229319572449,24.0,0.375,0.375,1.9040002371184528e-05,2.559999848017469e-05,22.460128784179688,0.07266546040773392,381.34686279296875,358.8118591308594,2.909233808517456,0.4299112558364868,0.0,17.0,8.0,64.0,0.29136747121810913,0.0,0.0,0.27480363845825195,0.1982421875,9.999999974752427e-07,264.0,64.0,2.6457433700561523,-8.673617379884035e-18,-0.7745950818061829,0.6123709082603455,-5.551115123125783e-16,2.028726577758789,-0.003170275827869773,0.5741246342658997,510366.5625,330631.125,64.0,32.5,251.54530334472656,249.4915313720703,288.0,130.0,519.0863037109375,514.1399536132812,1.1794480085372925,0.7726426124572754,520.4644165039062,515.578125,0.0,0.023006169125437737,0.021733500063419342,0.9987928867340088,0.9397022724151611,1.9894804026421298e-08,3.0590580735179174e-08,0.060296013951301575,1.6646355334160035e-06,147.09652709960938,2439.572998046875,1.0,1.0,263.0,263.0,1.0,1.0,2048.0,1327.15625,598.298583984375,300.0,173.0,2048.0,1327.15625,2348.0,1500.15625,0.34375,8.0,0.0,0.0,0.0,0.0,1.0,0.09375,0.0,0.2914806008338928,6.0,0.09375,0.625,1.1487863957881927e-05,1.7663929611444473e-05,34.75735855102539,0.059390973299741745,577.4303588867188,542.6126098632812,3.0220019817352295,0.35917919874191284,0.0,17.0,8.0,64.0,0.31104952096939087,0.0,0.0,0.28098541498184204,0.1259765625,9.999999974752427e-07,264.0,64.0
265,2.6457433700561523,-6.938893903907228e-18,-0.5773489475250244,0.6123707294464111,-4.440892098500626e-16,0.5645264387130737,-0.0005505249137058854,0.5870189666748047,361698.4375,232569.15625,64.0,32.5,188.323486328125,181.36370849609375,288.0,142.0,355.45550537109375,344.4928894042969,4.823622226715088,2.6039044857025146,356.902587890625,349.4114074707031,0.0,0.021812330931425095,0.00345433596521616,1.0000053644180298,0.9493729472160339,3.807753401474656e-08,6.791314888232591e-08,0.050624337047338486,2.5848853510979097e-06,212.49905395507812,4197.56689453125,1.0,1.0,264.0,264.0,1.0,1.0,2048.0,1289.140625,532.344482421875,291.0,187.25,2048.0,1289.140625,2339.0,1476.390625,0.234375,8.0,0.0,0.0,0.0,0.0,1.0,0.1875,0.0,0.3903123736381531,12.0,0.1875,0.625,1.4784003724344075e-05,2.6367997634224594e-05,19.58601951599121,0.0694146379828453,388.26055908203125,368.60406494140625,2.8006420135498047,0.44416263699531555,0.0,15.0,8.0,64.0,0.2315673828125,0.0,0.0,0.3457627594470978,0.1669921875,9.999999974752427e-07,265.0,64.0,2.6457433700561523,0.0,-0.3779633343219757,0.35355231165885925,0.0,3.178170919418335,-0.0029133399948477745,0.5999867916107178,528068.1875,306011.65625,64.0,32.5,264.810546875,258.9216003417969,288.0,142.0,523.4940185546875,507.3723449707031,1.1755449771881104,0.7365211844444275,524.9454956054688,508.7380676269531,0.0,0.01702052541077137,0.02542641945183277,0.9996833801269531,0.9506133794784546,1.2906853363858772e-08,2.411857735751255e-08,0.04938509315252304,1.4691672731714789e-06,129.25491333007812,2617.285888671875,1.0,1.0,264.0,264.0,1.0,1.0,2048.0,1181.71875,543.1778564453125,291.0,187.25,2048.0,1181.71875,2339.0,1368.96875,0.1875,8.0,0.0,0.0,0.0,0.0,1.0,0.015625,0.0,0.12401959300041199,1.0,0.015625,0.875,7.552094757556915e-06,1.4112330973148346e-05,28.836458206176758,0.05988773703575134,585.1228637695312,556.2256469726562,2.897991180419922,0.3612319827079773,0.0,14.0,8.0,64.0,0.2366245836019516,0.0,0.0,0.3218427300453186,0.1142578125,9.999999974752427e-07,265.0,64.0
266,1.7320468425750732,-8.673617379884035e-18,-2.6457433700561523,0.7071051001548767,-5.551115123125783e-16,4.3039350509643555,-0.0005490398616530001,0.5498580932617188,351931.375,228018.71875,64.0,32.5,173.02764892578125,168.8302001953125,224.0,107.5,365.20159912109375,365.085205078125,4.323464870452881,2.379523277282715,369.89569091796875,369.52801513671875,0.0,0.014140533283352852,0.0033990165684372187,0.9999801516532898,0.9380583763122559,3.772692025449942e-08,6.315702449910532e-08,0.06193871423602104,2.8125964490754995e-06,223.8022003173828,3613.284423828125,1.0,1.0,265.0,265.0,1.0,1.0,2048.0,1337.703125,675.8946533203125,238.0,139.75,2048.0,1337.703125,2286.0,1477.453125,0.34375,8.0,0.0,0.0,0.0,0.0,1.0,0.375,0.0,0.4841229319572449,24.0,0.375,0.5,1.4432007446885109e-05,2.4160006432794034e-05,23.621868133544922,0.07208597660064697,382.5386962890625,358.8436279296875,2.8770558834075928,0.4215523302555084,0.0,18.0,8.0,64.0,0.3591783344745636,0.0,0.0,0.26813140511512756,0.169921875,9.999999974752427e-07,266.0,64.0,2.6457433700561523,0.0,-0.3779633343219757,0.35355231165885925,0.0,3.240893840789795,-0.002800015499815345,0.5732409954071045,521553.78125,341608.5625,64.0,32.5,257.7056579589844,255.3310546875,224.0,107.5,517.67041015625,506.20068359375,1.2350000143051147,0.7531371116638184,519.20654296875,507.62579345703125,0.0,0.00015786755830049515,0.019076937809586525,0.9990698099136353,0.9388243556022644,1.5685632348549916e-08,2.4757579097922644e-08,0.06117411330342293,1.4718893908138853e-06,146.46490478515625,2394.22998046875,1.0,1.0,265.0,265.0,1.0,1.0,2048.0,1339.96875,679.7841796875,238.0,139.75,2048.0,1339.96875,2286.0,1479.71875,0.40625,8.0,0.0,0.0,0.0,0.0,1.0,0.140625,0.0,0.34763431549072266,9.0,0.140625,0.875,9.184237569570541e-06,1.4496035873889923e-05,35.75888442993164,0.05972744897007942,585.5191040039062,549.6996459960938,3.1315085887908936,0.3681265711784363,0.0,17.0,8.0,64.0,0.32044175267219543,0.0,0.0,0.2632036805152893,0.103515625,9.999999974752427e-07,266.0,64.0
267,1.7320468425750732,-1.214306433183765e-17,-2.6457433700561523,0.8660233020782471,-7.771561172376096e-16,0.7509015798568726,-0.0007334472611546516,0.5441339612007141,369430.125,217708.6875,64.0,32.5,190.68057250976562,184.32601928710938,416.0,130.0,352.7057800292969,352.2654724121094,4.268200874328613,2.054507255554199,357.2757263183594,356.6960144042969,0.0,0.05800481140613556,0.003674526698887348,0.9997810125350952,0.9526812434196472,2.5689189442346105e-08,5.6402786441367425e-08,0.047316018491983414,2.6402949515613727e-06,191.5952606201172,4049.2685546875,1.0,1.0,266.0,266.0,1.0,1.0,2048.0,1182.125,529.0026245117188,422.0,170.5,2048.0,1182.125,2470.0,1352.625,0.09375,8.0,0.0,0.0,0.0,0.0,1.0,0.421875,0.0,0.49385878443717957,27.0,0.421875,0.25,1.0143994586542249e-05,2.2271997295320034e-05,18.6144962310791,0.06937156617641449,394.8740539550781,376.1891174316406,2.7845494747161865,0.4246714115142822,0.0,14.0,8.0,64.0,0.2457449734210968,0.0,0.0,0.2860882878303528,0.220703125,9.999999974752427e-07,267.0,64.0,2.6457433700561523,-1.734723475976807e-18,-0.9999979734420776,0.7071049809455872,-1.1102230246251565e-16,1.658638596534729,-0.003489773953333497,0.5985891819000244,534185.9375,301657.40625,64.0,32.5,264.1637268066406,257.2565612792969,416.0,130.0,511.05572509765625,491.3285827636719,1.576725959777832,0.8191021084785461,512.3510131835938,492.871337890625,0.0,0.003783318679779768,0.024474631994962692,0.9988230466842651,0.9528279900550842,1.7380552108647862e-08,2.4212518212607392e-08,0.047170490026474,1.4657922520200373e-06,127.35882568359375,2699.96826171875,1.0,1.0,266.0,266.0,1.0,1.0,2048.0,1165.109375,521.2841186523438,422.0,170.5,2048.0,1165.109375,2468.0,1335.609375,0.0625,8.0,0.0,0.0,0.0,0.0,1.0,0.140625,0.0,0.34763431549072266,9.0,0.140625,0.5,1.0176096111536026e-05,1.4176126569509506e-05,27.560434341430664,0.05729779973626137,585.4874877929688,557.868896484375,3.183210611343384,0.36325308680534363,0.0,13.0,8.0,64.0,0.19795109331607819,0.0,0.0,0.2934211194515228,0.19921875,9.999999974752427e-07,267.0,64.0
268,1.2909917831420898,6.938893903907228e-18,-1.7320468425750732,0.707105278968811,4.440892098500626e-16,1.227329134941101,-0.0006358567043207586,0.5896912813186646,366082.71875,277064.3125,64.0,32.5,183.3052215576172,178.94386291503906,208.0,116.5,367.05279541015625,366.47406005859375,4.498023986816406,2.3615705966949463,371.63067626953125,371.0342712402344,0.0,0.00794906634837389,0.0031835869885981083,0.9998729228973389,0.9380601644515991,3.23593170037384e-08,5.2644310244431836e-08,0.06193704903125763,2.7065696031058906e-06,248.89566040039062,4018.5263671875,1.0,1.0,267.0,267.0,1.0,1.0,2048.0,1546.015625,508.04754638671875,219.0,154.125,2048.0,1546.015625,2267.0,1700.140625,0.421875,8.0,0.0,0.0,0.0,0.0,1.0,0.28125,0.0,0.4496092200279236,18.0,0.28125,0.5,1.2863994925282896e-05,2.092801150865853e-05,24.55144500732422,0.07076480239629745,397.5360412597656,372.9127197265625,2.786393880844116,0.4180043339729309,0.0,19.0,8.0,64.0,0.3013401925563812,0.0,0.0,0.31534871459007263,0.146484375,9.999999974752427e-07,268.0,64.0,2.6457433700561523,-6.938893903907228e-18,-0.5773489475250244,0.7071047425270081,-4.440892098500626e-16,4.483885765075684,-0.0030939532443881035,0.6257205605506897,546465.25,388589.21875,64.0,32.5,266.9590759277344,260.5848388671875,208.0,116.5,535.8458862304688,522.6524658203125,1.1071929931640625,0.7499438524246216,537.2698364257812,524.0344848632812,0.0,-0.022815074771642685,0.02079739049077034,0.9989993572235107,0.9340863823890686,2.500398288418637e-08,4.248104090720517e-08,0.06591149419546127,2.07804873753048e-06,153.14915466308594,2323.5576171875,1.0,1.0,267.0,267.0,1.0,1.0,2048.0,1485.3125,511.2222595214844,219.0,154.125,2048.0,1485.3125,2267.0,1639.4375,0.34375,8.0,0.0,0.0,0.0,0.0,1.0,0.078125,0.0,0.2683681845664978,5.0,0.078125,0.5,1.5520025044679642e-05,2.6368070393800735e-05,40.85123825073242,0.06016702950000763,620.7020874023438,579.7893676757812,3.1366517543792725,0.36066940426826477,0.0,19.0,8.0,64.0,0.32630038261413574,0.0,0.0,0.30042293667793274,0.1591796875,9.999999974752427e-07,268.0,64.0
269,2.6457433700561523,-8.673617379884035e-18,-0.7745950818061829,0.7071049213409424,-5.551115123125783e-16,0.8860534429550171,-0.0005519123515114188,0.5743917226791382,347834.03125,288176.96875,64.0,32.5,172.0076904296875,169.8374786376953,320.0,136.0,357.40594482421875,357.0526428222656,4.644230842590332,2.3881278038024902,362.4458312988281,361.904296875,0.0,0.022948767989873886,0.0033036405220627785,0.9999207258224487,0.9284312129020691,3.5346275240044633e-08,5.9133828500534946e-08,0.07156596332788467,2.7112582756672055e-06,284.4348449707031,3974.443115234375,1.0,1.0,268.0,268.0,1.0,1.0,2048.0,1697.9375,435.9104919433594,334.0,183.0,2048.0,1697.9375,2316.0,1880.9375,0.4375,8.0,0.0,0.0,0.0,0.0,1.0,0.109375,0.0,0.3121091425418854,7.0,0.109375,0.5,1.3504002708941698e-05,2.259200846310705e-05,27.271276473999023,0.07041517645120621,382.0487976074219,354.7060546875,2.8486177921295166,0.41916146874427795,0.0,21.0,8.0,64.0,0.3006184995174408,0.0,0.0,0.27144744992256165,0.1484375,9.999999974752427e-07,269.0,64.0,2.6457433700561523,-1.5612511283791264e-17,-0.7745950818061829,0.7071050405502319,-9.992007221626409e-16,4.738659858703613,-0.0029484599363058805,0.6127724647521973,528169.375,436423.5,64.0,32.5,258.0212097167969,257.3320617675781,320.0,136.0,534.9503173828125,525.5291748046875,1.3387750387191772,0.7813023924827576,536.3648071289062,527.0624389648438,0.0,0.012432402931153774,0.020402709022164345,0.9992291331291199,0.9244651198387146,2.3413505800817802e-08,4.735855441140302e-08,0.0755326896905899,2.106480678776279e-06,180.04115295410156,2383.618896484375,1.0,1.0,268.0,268.0,1.0,1.0,2048.0,1695.546875,428.6378479003906,334.0,183.0,2048.0,1695.546875,2316.0,1878.546875,0.375,8.0,0.0,0.0,0.0,0.0,1.0,0.125,0.0,0.33071890473365784,8.0,0.125,0.5,1.4111865311861038e-05,2.85441055893898e-05,45.4653434753418,0.05996829271316528,602.7233276367188,557.1967163085938,3.133378744125366,0.3533521890640259,0.0,22.0,8.0,64.0,0.3332574963569641,0.0,0.0,0.2613789141178131,0.134765625,9.999999974752427e-07,269.0,64.0
270,2.6457433700561523,-6.938893903907228e-18,-0.5773489475250244,0.49999865889549255,-4.440892098500626e-16,0.6498134136199951,-0.0005605111946351826,0.5860936045646667,339779.0625,272192.625,64.0,32.5,166.49069213867188,166.02085876464844,192.0,107.5,338.39508056640625,338.3338623046875,4.228298187255859,2.1458113193511963,342.9722900390625,342.6960144042969,0.0,-0.004675190895795822,0.003161844564601779,0.9999492764472961,0.9294152855873108,3.319925667710777e-08,6.940397412336097e-08,0.070581816136837,2.8135730190115282e-06,281.5141296386719,3988.4794921875,1.0,1.0,269.0,269.0,1.0,1.0,2048.0,1640.65625,503.3913269042969,196.0,142.625,2048.0,1640.65625,2244.0,1783.28125,0.484375,8.0,0.0,0.0,0.0,0.0,1.0,0.046875,0.0,0.21137107908725739,3.0,0.046875,0.75,1.2382995919324458e-05,2.5886998628266156e-05,26.256919860839844,0.06940331310033798,372.99017333984375,346.6627502441406,2.8452022075653076,0.41967907547950745,0.0,20.0,8.0,64.0,0.3037963807582855,0.0,0.0,0.33061298727989197,0.08154296875,9.999999974752427e-07,270.0,64.0,2.6457433700561523,-1.734723475976807e-18,-0.7745950818061829,0.49999871850013733,-1.1102230246251565e-16,1.837898850440979,-0.0027550742961466312,0.6084828972816467,538686.5625,400919.84375,64.0,32.5,263.1590270996094,258.6280212402344,192.0,107.5,527.1348266601562,513.8052978515625,1.2844719886779785,0.7613226175308228,528.2550048828125,515.1965942382812,0.0,-0.010870507918298244,0.02113138884305954,0.9992785453796387,0.9355010390281677,1.5454286739213785e-08,4.710122425422014e-08,0.06449694186449051,1.9642425286292564e-06,163.02169799804688,2527.588134765625,1.0,1.0,269.0,269.0,1.0,1.0,2048.0,1545.390625,532.2422485351562,196.0,142.625,2048.0,1545.390625,2244.0,1688.015625,0.40625,8.0,0.0,0.0,0.0,0.0,1.0,0.0625,0.0,0.24206146597862244,4.0,0.0625,0.75,9.37609001994133e-06,2.8576236218214035e-05,39.0708122253418,0.059375397861003876,606.6983642578125,567.5669555664062,3.371612071990967,0.35510876774787903,0.0,19.0,8.0,64.0,0.3063258230686188,0.0,0.0,0.2957879900932312,0.10791015625,9.999999974752427e-07,270.0,64.0
271,1.7320468425750732,-2.42861286636753e-17,-2.6457433700561523,0.8660233616828918,-1.5543122344752192e-15,1.29732346534729,-0.000682781683281064,0.5380831360816956,364607.125,257947.703125,64.0,32.5,180.41534423828125,177.1187286376953,160.0,95.5,341.6907653808594,333.8135070800781,4.9496049880981445,2.713056802749634,343.0971984863281,338.7425842285156,0.0,0.030233491212129593,0.0030677488539367914,0.9998036026954651,0.9389737844467163,3.349938282326548e-08,7.240715405032461e-08,0.061023399233818054,2.7247351681580767e-06,234.3495330810547,3840.322509765625,1.0,1.0,270.0,270.0,1.0,1.0,2048.0,1451.59375,609.4970703125,172.0,128.875,2048.0,1451.59375,2220.0,1580.46875,0.328125,8.0,0.0,0.0,0.0,0.0,1.0,0.296875,0.0,0.45688098669052124,19.0,0.296875,0.25,1.3279990525916219e-05,2.8704002033919096e-05,24.120861053466797,0.07033655047416687,396.4249267578125,372.23260498046875,3.0046567916870117,1.0626963376998901,0.0,18.0,8.0,64.0,0.3144666850566864,0.0,0.0,0.27841615676879883,0.2001953125,9.999999974752427e-07,271.0,64.0,2.6457433700561523,0.0,-0.9999979734420776,0.4999987483024597,0.0,3.6312787532806396,-0.003578275442123413,0.5617483854293823,554247.9375,357459.21875,64.0,32.5,277.78350830078125,266.0295104980469,160.0,95.5,526.3533935546875,512.57275390625,1.2647600173950195,0.7986373901367188,527.8067626953125,514.1240234375,0.0,-0.018064923584461212,0.022113023325800896,0.9986529350280762,0.9439905285835266,1.937579163779901e-08,4.040939316496406e-08,0.05600745603442192,1.9670533220050856e-06,137.714599609375,2458.862060546875,1.0,1.0,270.0,270.0,1.0,1.0,2048.0,1329.109375,635.0199584960938,172.0,128.875,2048.0,1329.109375,2220.0,1457.984375,0.28125,8.0,0.0,0.0,0.0,0.0,1.0,0.078125,0.0,0.2683681845664978,5.0,0.078125,0.75,1.1967960745096207e-05,2.4959910660982132e-05,34.53485107421875,0.05960717052221298,617.6759643554688,583.0802612304688,3.152651309967041,0.3614477813243866,0.0,16.0,8.0,64.0,0.28858184814453125,0.0,0.0,0.2713059186935425,0.1318359375,9.999999974752427e-07,271.0,64.0
272,1.2909917831420898,-1.734723475976807e-18,-2.6457433700561523,0.7905675172805786,-1.1102230246251565e-16,0.936082124710083,-0.00048288539983332157,0.5838980674743652,350643.75,221892.21875,64.0,32.5,171.29641723632812,168.27017211914062,368.0,143.5,367.6507873535156,360.0481262207031,4.489096164703369,2.2529234886169434,368.9642028808594,364.7432556152344,0.0,0.021649658679962158,0.003269372507929802,1.0000450611114502,0.9431127905845642,3.9743468960296013e-08,6.64922836790538e-08,0.0568845197558403,2.6041491310024867e-06,221.8008270263672,3899.14208984375,1.0,1.0,271.0,271.0,1.0,1.0,2048.0,1314.28125,520.6425170898438,381.0,193.375,2048.0,1314.28125,2429.0,1507.65625,0.265625,8.0,0.0,0.0,0.0,0.0,1.0,0.390625,0.0,0.48789048194885254,25.0,0.390625,0.375,1.5072000678628683e-05,2.521600981708616e-05,21.50240135192871,0.07003550231456757,379.23211669921875,357.6586608886719,2.9028966426849365,0.4244381785392761,0.0,17.0,8.0,64.0,0.30760282278060913,0.0,0.0,0.3149077296257019,0.1796875,9.999999974752427e-07,272.0,64.0,2.6457433700561523,-8.673617379884035e-18,-0.7745950818061829,0.6123709082603455,-5.551115123125783e-16,3.256899356842041,-0.003138917265459895,0.6256712079048157,527418.4375,340640.5,64.0,32.5,258.41705322265625,257.27813720703125,368.0,143.5,547.8678588867188,519.56787109375,1.442389965057373,0.8316593170166016,549.2508544921875,521.1076049804688,0.0,0.01726667210459709,0.02286004275083542,0.9990798830986023,0.9354750514030457,1.8242936050683056e-08,4.245930540491827e-08,0.06452298164367676,1.8987516341439914e-06,142.49375915527344,2208.418701171875,1.0,1.0,271.0,271.0,1.0,1.0,2048.0,1323.953125,518.7340087890625,381.0,193.375,2048.0,1323.953125,2429.0,1517.328125,0.25,8.0,0.0,0.0,0.0,0.0,1.0,0.09375,0.0,0.2914806008338928,6.0,0.09375,0.625,1.0848045349121094e-05,2.5248154997825623e-05,38.30880355834961,0.059376902878284454,594.6436157226562,556.2742919921875,3.2042994499206543,0.3525373935699463,0.0,18.0,8.0,64.0,0.3418714702129364,0.0,0.0,0.3176935613155365,0.1591796875,9.999999974752427e-07,272.0,64.0
273,2.6457433700561523,-3.469446951953614e-18,-1.7320468425750732,0.7905675768852234,-2.220446049250313e-16,1.3507170677185059,-0.0005460423417389393,0.49800345301628113,361817.34375,258644.96875,64.0,32.5,187.44131469726562,178.41441345214844,192.0,110.5,352.1133117675781,352.0300598144531,4.010507106781006,2.031606912612915,356.6832580566406,356.365478515625,0.0,0.039513081312179565,0.002976094838231802,0.9998929500579834,0.9331185221672058,3.837910966808522e-08,5.696270122257374e-08,0.0668787732720375,2.5927108708856395e-06,235.8572998046875,3526.639404296875,1.0,1.0,272.0,272.0,1.0,1.0,2048.0,1459.546875,656.4498291015625,205.0,148.75,2048.0,1459.546875,2253.0,1608.296875,0.484375,8.0,0.0,0.0,0.0,0.0,1.0,0.234375,0.0,0.42360755801200867,15.0,0.234375,0.375,1.5199999324977398e-05,2.256000880151987e-05,26.416093826293945,0.071162149310112,396.0487976074219,369.5604553222656,2.8389337062835693,1.1463077068328857,0.0,20.0,8.0,64.0,0.37214964628219604,0.0,0.0,0.24971501529216766,0.1650390625,9.999999974752427e-07,273.0,64.0,2.6457433700561523,-1.3877787807814457e-17,-0.5773489475250244,0.6123708486557007,-8.881784197001252e-16,2.52883243560791,-0.0021526284981518984,0.5526971817016602,542815.75,417209.09375,64.0,32.5,268.34478759765625,265.6249694824219,192.0,110.5,541.6466064453125,530.154296875,1.4228390455245972,0.821261465549469,543.2491455078125,531.6437377929688,0.0,0.03322761505842209,0.01893424242734909,0.9996367692947388,0.9297654032707214,2.126790477063878e-08,3.6450618523531375e-08,0.0702325701713562,1.9715582766366424e-06,163.66012573242188,2330.259521484375,1.0,1.0,272.0,272.0,1.0,1.0,2048.0,1573.703125,639.8065795898438,205.0,148.75,2048.0,1573.703125,2253.0,1722.453125,0.53125,8.0,0.0,0.0,0.0,0.0,1.0,0.078125,0.0,0.2683681845664978,5.0,0.078125,0.625,1.3088341802358627e-05,2.2431835532188416e-05,43.162845611572266,0.058522094041109085,615.4034423828125,572.1807861328125,3.3021838665008545,0.35863617062568665,0.0,21.0,8.0,64.0,0.3595784604549408,0.0,0.0,0.25366461277008057,0.1064453125,9.999999974752427e-07,273.0,64.0
274,2.6457433700561523,-8.673617379884035e-18,-1.2909917831420898,0.8660234212875366,-5.551115123125783e-16,1.147327184677124,-0.0006433061207644641,0.49409428238868713,363567.0,215453.359375,64.0,32.5,177.60968017578125,170.477783203125,176.0,98.5,350.8382873535156,350.69189453125,5.28304386138916,2.893031358718872,356.28033447265625,355.7978515625,0.0,0.13853411376476288,0.0032712381798774004,0.9998084902763367,0.9535194039344788,2.5686912152877994e-08,5.895154941981673e-08,0.04647789150476456,2.597588718344923e-06,206.0821075439453,4433.9814453125,1.0,1.0,273.0,273.0,1.0,1.0,2048.0,1251.4375,571.2296142578125,178.0,131.625,2048.0,1251.4375,2184.0,1383.0625,0.25,8.0,0.0,0.0,0.0,0.0,1.0,0.40625,0.0,0.49113228917121887,26.0,0.40625,0.25,9.982992196455598e-06,2.291100099682808e-05,17.993242263793945,0.06998087465763092,388.6412048339844,370.5769348144531,2.898829936981201,0.42559850215911865,0.0,14.0,8.0,64.0,0.228759765625,0.0,0.0,0.24461238086223602,0.2412109375,9.999999974752427e-07,274.0,64.0,1.7320468425750732,-1.734723475976807e-17,-0.9999979734420776,0.7905676960945129,-1.1102230246251565e-15,3.6682605743408203,-0.0030815221834927797,0.5343661308288574,567883.25,332135.78125,64.0,32.5,285.4736633300781,276.4869384765625,176.0,98.5,542.1463012695312,523.9434204101562,1.4653019905090332,0.7931176424026489,543.742431640625,525.3606567382812,0.0,0.06466235220432281,0.01818729005753994,0.9987481832504272,0.9562998414039612,1.677602234906317e-08,4.393076480369018e-08,0.04369818791747093,1.9147314560541417e-06,123.29290008544922,2821.46484375,1.0,1.0,273.0,273.0,1.0,1.0,2048.0,1194.171875,565.1182861328125,178.0,131.625,2048.0,1194.171875,2184.0,1325.796875,0.1875,8.0,0.0,0.0,0.0,0.0,1.0,0.21875,0.0,0.4133986532688141,14.0,0.21875,0.375,1.0399147868156433e-05,2.7231872081756592e-05,27.02850341796875,0.059198204427957535,619.881591796875,592.7926635742188,3.2747106552124023,0.358309268951416,0.0,13.0,8.0,64.0,0.20384803414344788,0.0,0.0,0.24389012157917023,0.2294921875,9.999999974752427e-07,274.0,64.0
275,2.6457433700561523,0.0,-1.2909917831420898,0.6123709678649902,0.0,0.4873269200325012,-0.0003896736598107964,0.4708995223045349,364596.0,250447.703125,64.0,32.5,178.11236572265625,172.67996215820312,160.0,98.5,361.9170837402344,351.5960998535156,5.502017974853516,3.0143823623657227,363.362060546875,356.7962341308594,0.0,-0.0034694415517151356,0.0024399501271545887,0.9999666213989258,0.9401446580886841,3.852769836498737e-08,6.370024152602127e-08,0.059852588921785355,2.6643808723747497e-06,233.24790954589844,3897.039306640625,1.0,1.0,274.0,274.0,1.0,1.0,2048.0,1440.859375,520.52587890625,163.0,129.0,2048.0,1440.859375,2211.0,1569.859375,0.328125,8.0,0.0,0.0,0.0,0.0,1.0,0.265625,0.0,0.4416654407978058,17.0,0.265625,0.625,1.5231998986564577e-05,2.518401015549898e-05,23.593017578125,0.0698179304599762,395.3518981933594,371.6879577636719,2.935497760772705,0.42117995023727417,0.0,18.0,8.0,64.0,0.3190714418888092,0.0,0.0,0.2076198011636734,0.126953125,9.999999974752427e-07,275.0,64.0,1.7320468425750732,-6.938893903907228e-18,-0.5773489475250244,0.35355257987976074,-4.440892098500626e-16,3.22834849357605,-0.0021464335732162,0.5109803676605225,532896.4375,369395.46875,64.0,32.5,260.3304443359375,256.58905029296875,160.0,98.5,541.5423583984375,524.91845703125,1.4086949825286865,0.7840878367424011,542.8712158203125,526.36962890625,0.0,0.013999970629811287,0.015336588956415653,0.999468207359314,0.9363815784454346,2.680937427612662e-08,4.498737737890224e-08,0.06361621618270874,2.139738398909685e-06,153.13796997070312,2407.2158203125,1.0,1.0,274.0,274.0,1.0,1.0,2048.0,1436.515625,550.411865234375,163.0,129.0,2048.0,1436.515625,2211.0,1565.515625,0.375,8.0,0.0,0.0,0.0,0.0,1.0,0.03125,0.0,0.17399263381958008,2.0,0.03125,0.875,1.60951167345047e-05,2.7008354663848877e-05,38.13296890258789,0.059284478425979614,600.3540649414062,562.1604614257812,3.151650905609131,0.35245996713638306,0.0,18.0,8.0,64.0,0.3209567666053772,0.0,0.0,0.20266611874103546,0.0625,9.999999974752427e-07,275.0,64.0
276,2.6457433700561523,-1.0408340855860843e-17,-1.2909917831420898,0.7905675768852234,-6.661338147750939e-16,1.353369951248169,-0.0008087309543043375,0.5902482867240906,370134.40625,245145.890625,64.0,32.5,181.79107666015625,175.9110107421875,192.0,98.5,365.874755859375,362.50799560546875,5.47661018371582,3.0288589000701904,368.01336669921875,367.821533203125,0.0,0.02946554683148861,0.003372396109625697,0.9997344613075256,0.9438574910163879,3.076462462558993e-08,5.1114142252117745e-08,0.05613991618156433,2.535980684115202e-06,221.97445678710938,3953.950439453125,1.0,1.0,275.0,275.0,1.0,1.0,2048.0,1385.328125,475.180419921875,198.0,131.375,2048.0,1385.328125,2216.0,1516.703125,0.1875,8.0,0.0,0.0,0.0,0.0,1.0,0.359375,0.0,0.479817271232605,23.0,0.359375,0.375,1.2288001016713679e-05,2.041600237134844e-05,22.35228729248047,0.07110848277807236,399.4198303222656,376.9953918457031,2.7400002479553223,0.423617422580719,0.0,17.0,8.0,64.0,0.3034452497959137,0.0,0.0,0.32950660586357117,0.1865234375,9.999999974752427e-07,276.0,64.0,2.6457433700561523,-6.938893903907228e-18,-2.6457433700561523,0.7071047425270081,-4.440892098500626e-16,2.3138251304626465,-0.0029513405170291662,0.6378233432769775,527815.625,356906.5625,64.0,32.5,258.4809265136719,257.6021728515625,192.0,98.5,540.9258422851562,528.1124877929688,2.1509931087493896,0.9095781445503235,542.6716918945312,529.6808471679688,0.0,-0.0007494073361158371,0.022540198639035225,0.9992320537567139,0.9407455325126648,2.7702167670895506e-08,4.582856760748655e-08,0.05925216153264046,2.263310534544871e-06,149.95242309570312,2530.750244140625,1.0,1.0,275.0,275.0,1.0,1.0,2048.0,1385.71875,512.1732177734375,198.0,131.375,2048.0,1385.71875,2216.0,1517.09375,0.234375,8.0,0.0,0.0,0.0,0.0,1.0,0.171875,0.0,0.37727177143096924,11.0,0.171875,0.5,1.6383826732635498e-05,2.710428088903427e-05,34.9834098815918,0.059952348470687866,591.4276123046875,556.3828735351562,3.1873738765716553,0.36608749628067017,0.0,17.0,8.0,64.0,0.3032657504081726,0.0,0.0,0.34312716126441956,0.173828125,9.999999974752427e-07,276.0,64.0
277,2.6457433700561523,-1.734723475976807e-18,-1.7320468425750732,0.8660233020782471,-1.1102230246251565e-16,0.6685448884963989,-0.0006814345251768827,0.5113418698310852,396759.5625,238165.890625,64.0,32.5,194.79525756835938,190.43174743652344,448.0,146.5,364.30206298828125,351.1885681152344,5.618785858154297,3.0028512477874756,365.84234619140625,356.6701965332031,0.0,0.014653715305030346,0.002139979973435402,0.9997261762619019,0.9509607553482056,3.619479826966199e-08,4.946621956491981e-08,0.04903672635555267,2.4088983536785236e-06,187.1949920654297,3817.444580078125,1.0,1.0,276.0,276.0,1.0,1.0,2048.0,1241.25,633.9876098632812,449.0,196.125,2048.0,1241.25,2221.0,1437.375,0.265625,8.0,0.0,0.0,0.0,0.0,1.0,0.265625,0.0,0.4416654407978058,17.0,0.265625,0.25,1.535999763291329e-05,2.0991996279917657e-05,20.738492965698242,0.07123817503452301,424.3703308105469,403.5595397949219,2.7409703731536865,0.42585644125938416,0.0,16.0,8.0,64.0,0.29864501953125,0.0,0.0,0.2681500017642975,0.2041015625,9.999999974752427e-07,277.0,64.0,2.6457433700561523,-6.938893903907228e-18,-0.5773489475250244,0.49999865889549255,-4.440892098500626e-16,1.6631455421447754,-0.00264210463501513,0.553486168384552,532078.3125,327733.125,64.0,32.5,266.2010803222656,261.2945251464844,448.0,146.5,540.1878051757812,528.366943359375,2.932619094848633,1.0566285848617554,541.71875,530.1415405273438,0.0,0.004972352180629969,0.019842850044369698,0.9992471933364868,0.9438462853431702,2.6794598539936487e-08,3.6883520238006895e-08,0.05615142732858658,2.209970716648968e-06,136.33413696289062,2427.97265625,1.0,1.0,276.0,276.0,1.0,1.0,2048.0,1256.75,621.5420532226562,449.0,196.125,2048.0,1256.75,2221.0,1452.875,0.265625,8.0,0.0,0.0,0.0,0.0,1.0,0.046875,0.0,0.21137107908725739,3.0,0.046875,0.75,1.5807803720235825e-05,2.1759886294603348e-05,33.068016052246094,0.05921148508787155,589.9623413085938,556.833740234375,3.2039430141448975,0.3569912910461426,0.0,16.0,8.0,64.0,0.29107666015625,0.0,0.0,0.25707024335861206,0.09912109375,9.999999974752427e-07,277.0,64.0
278,0.9999979734420776,1.734723475976807e-18,-1.2909917831420898,0.4999989867210388,1.1102230246251565e-16,0.8180902004241943,-0.000887931149918586,0.6906137466430664,378172.5,313702.25,64.0,32.5,195.88702392578125,185.180419921875,352.0,161.5,363.1437072753906,355.14007568359375,4.710151195526123,2.523347854614258,364.4976501464844,359.9675598144531,0.0,-0.0035249085631221533,0.0033574949484318495,0.9997295141220093,0.9247438907623291,3.5493588512736096e-08,5.5235442886214514e-08,0.07525353878736496,2.4972148366941838e-06,260.99688720703125,3468.234130859375,1.0,1.0,277.0,277.0,1.0,1.0,2048.0,1698.625,496.40887451171875,353.0,215.25,2048.0,1698.625,2401.0,1913.875,0.609375,8.0,0.0,0.0,0.0,0.0,1.0,0.140625,0.0,0.34763431549072266,9.0,0.140625,0.75,1.4784003724344075e-05,2.3006999981589615e-05,31.27601432800293,0.06904462724924088,416.5260314941406,385.1799011230469,2.836116313934326,0.42677274346351624,0.0,24.0,8.0,64.0,0.3773193359375,0.0,0.0,0.4478769302368164,0.1240234375,9.999999974752427e-07,278.0,64.0,0.9999979734420776,0.0,-0.9999979734420776,0.3535526692867279,0.0,2.1688618659973145,-0.0034578090999275446,0.7221264243125916,534352.0625,426882.15625,64.0,32.5,262.5122985839844,259.92425537109375,352.0,161.5,526.6630859375,520.9310302734375,1.5238300561904907,0.8967725038528442,528.1765747070312,522.5164794921875,0.0,0.01406724750995636,0.026551708579063416,0.9990537762641907,0.9212786555290222,2.9636032294888537e-08,4.335493386520284e-08,0.07871904224157333,2.2442206955020083e-06,171.7515411376953,2181.82958984375,1.0,1.0,277.0,277.0,1.0,1.0,2048.0,1640.078125,508.80859375,353.0,215.25,2048.0,1640.078125,2401.0,1855.328125,0.484375,8.0,0.0,0.0,0.0,0.0,1.0,0.0625,0.0,0.24206146597862244,4.0,0.0625,0.875,1.811189576983452e-05,2.6496127247810364e-05,48.04888916015625,0.05981474369764328,611.1444091796875,563.0343017578125,3.098376750946045,0.3556198477745056,0.0,23.0,8.0,64.0,0.37013310194015503,0.0,0.0,0.4376370906829834,0.1240234375,9.999999974752427e-07,278.0,64.0
279,2.6457433700561523,0.0,-2.6457433700561523,0.6123706102371216,0.0,1.2655235528945923,-0.0005185962072573602,0.4431527554988861,383406.15625,239704.328125,64.0,32.5,195.39022827148438,191.94140625,304.0,125.5,382.4149169921875,361.03607177734375,4.434729099273682,2.3510801792144775,383.80743408203125,365.5623779296875,0.0,0.00772949680685997,0.002570981392636895,0.999853789806366,0.9488013386726379,3.0176835252859746e-08,5.638713673761231e-08,0.05119353532791138,5.040037194703473e-06,195.68765258789062,3822.50732421875,1.0,1.0,278.0,278.0,1.0,1.0,2048.0,1258.03125,521.6002807617188,316.0,169.375,2048.0,1258.03125,2292.0,1427.40625,0.21875,8.0,0.0,0.0,0.0,0.0,1.0,0.390625,0.0,0.48789048194885254,25.0,0.390625,0.625,1.2415999663062394e-05,2.3200002033263445e-05,20.991840362548828,0.07129782438278198,411.4413757324219,390.3761291503906,2.9273455142974854,0.42161428928375244,0.0,16.0,8.0,64.0,0.3035125732421875,0.0,0.0,0.1696271300315857,0.1435546875,9.999999974752427e-07,279.0,64.0,1.7320468425750732,-8.673617379884035e-18,-2.6457433700561523,0.6123709082603455,-5.551115123125783e-16,3.212649345397949,-0.001764992019161582,0.485090434551239,551062.3125,346114.40625,64.0,32.5,276.4205017089844,271.0166015625,304.0,125.5,528.7844848632812,514.8248291015625,1.625939965248108,0.8352614045143127,530.3768920898438,516.3546752929688,0.0,0.015149490907788277,0.015783747658133507,0.9998796582221985,0.9460784196853638,2.505735530178299e-08,4.197192282617834e-08,0.05391925200819969,2.229852270829724e-06,133.43345642089844,2474.6904296875,1.0,1.0,278.0,278.0,1.0,1.0,2048.0,1278.015625,504.28851318359375,316.0,169.375,2048.0,1278.015625,2292.0,1447.390625,0.203125,8.0,0.0,0.0,0.0,0.0,1.0,0.3125,0.0,0.4635123908519745,20.0,0.3125,0.625,1.535983756184578e-05,2.5728251785039902e-05,32.99454116821289,0.057271335273981094,612.9871826171875,579.9339599609375,3.377836227416992,0.3562934994697571,0.0,16.0,8.0,64.0,0.29375457763671875,0.0,0.0,0.1709837019443512,0.12890625,9.999999974752427e-07,279.0,64.0
280,2.6457433700561523,0.0,-1.7320468425750732,0.7071051001548767,0.0,1.6463172435760498,-0.0008981734863482416,0.5007445216178894,353576.46875,195557.890625,64.0,32.5,184.33106994628906,179.10545349121094,208.0,119.5,354.88568115234375,354.6064147949219,4.18410587310791,2.119161605834961,359.1763916015625,359.0396423339844,0.0,0.01019056886434555,0.0034742411226034164,0.9995811581611633,0.9563149809837341,3.990857067037723e-08,6.860878443148977e-08,0.043679315596818924,5.596667051577242e-06,187.121826171875,4283.99169921875,1.0,1.0,279.0,279.0,1.0,1.0,2048.0,1101.859375,572.92578125,214.0,159.75,2048.0,1101.859375,2262.0,1261.609375,0.21875,8.0,0.0,0.0,0.0,0.0,1.0,0.328125,0.0,0.4695306122303009,21.0,0.328125,0.5,1.5040001017041504e-05,2.5856003048829734e-05,16.39293098449707,0.06811727583408356,376.8614196777344,360.3982238769531,2.851893901824951,0.4341365098953247,0.0,13.0,8.0,64.0,0.24242225289344788,0.0,0.0,0.24944853782653809,0.32421875,9.999999974752427e-07,280.0,64.0,2.6457433700561523,-1.734723475976807e-18,-0.9999979734420776,0.6123709678649902,-1.1102230246251565e-16,4.126555442810059,-0.0033422724809497595,0.535491943359375,532355.375,295558.4375,64.0,32.5,261.1668395996094,260.1536865234375,208.0,119.5,539.1563720703125,515.300537109375,1.5752530097961426,0.8771983981132507,540.6143798828125,516.923583984375,0.0,0.003597299102693796,0.02060112915933132,0.998824417591095,0.9487262964248657,2.6976874067941026e-08,4.548190801756391e-08,0.05127125605940819,2.3556262931379024e-06,126.73887634277344,2471.928466796875,1.0,1.0,279.0,279.0,1.0,1.0,2048.0,1136.921875,582.5371704101562,214.0,159.75,2048.0,1136.921875,2262.0,1296.671875,0.1875,8.0,0.0,0.0,0.0,0.0,1.0,0.125,0.0,0.33071890473365784,8.0,0.125,0.625,1.5487894415855408e-05,2.611195668578148e-05,29.37244987487793,0.06327290087938309,574.117431640625,544.6803588867188,3.100118637084961,0.3605656325817108,0.0,14.0,8.0,64.0,0.2769688069820404,0.0,0.0,0.2448163777589798,0.1796875,9.999999974752427e-07,280.0,64.0
281,2.6457433700561523,-1.734723475976807e-18,-2.6457433700561523,0.7905673980712891,-1.1102230246251565e-16,1.213335633277893,-0.00028911419212818146,0.5174979567527771,363239.625,274735.71875,64.0,32.5,184.76669311523438,180.33982849121094,192.0,107.5,349.937744140625,348.2038269042969,4.995748996734619,2.5904669761657715,353.5203857421875,353.0474548339844,0.0,0.012775484472513199,0.003061755793169141,1.0001771450042725,0.9371210336685181,3.4029085327347275e-08,5.760634280704835e-08,0.06287617981433868,2.696622004805249e-06,248.08563232421875,3945.621826171875,1.0,1.0,280.0,280.0,1.0,1.0,2048.0,1530.984375,505.99835205078125,207.0,143.375,2048.0,1530.984375,2197.0,1674.359375,0.34375,8.0,0.0,0.0,0.0,0.0,1.0,0.296875,0.0,0.45688098669052124,19.0,0.296875,0.375,1.344000338576734e-05,2.2751992219127715e-05,24.766197204589844,0.06715020537376404,394.95635986328125,370.1219177246094,2.716970682144165,0.422311007976532,0.0,19.0,8.0,64.0,0.3119410574436188,0.0,0.0,0.25675761699676514,0.1845703125,9.999999974752427e-07,281.0,64.0,2.6457433700561523,-1.3877787807814457e-17,-0.5773489475250244,0.6123708486557007,-8.881784197001252e-16,1.7861125469207764,-0.0024921786971390247,0.5660455822944641,537674.25,397023.34375,64.0,32.5,268.4330749511719,263.67279052734375,192.0,107.5,549.3605346679688,540.7259521484375,2.1896800994873047,1.0197643041610718,551.3055419921875,542.5015869140625,0.0,-0.0020842887461185455,0.018478261306881905,0.9992393851280212,0.9386124014854431,1.952557937556776e-08,3.7885243386881484e-08,0.06138557940721512,1.979030230359058e-06,160.17562866210938,2609.33642578125,1.0,1.0,280.0,280.0,1.0,1.0,2048.0,1509.375,490.27789306640625,207.0,143.375,2048.0,1509.375,2255.0,1652.75,0.328125,8.0,0.0,0.0,0.0,0.0,1.0,0.078125,0.0,0.2683681845664978,5.0,0.078125,0.625,1.177564263343811e-05,2.2848136723041534e-05,36.961700439453125,0.059206172823905945,603.0880126953125,566.0658569335938,3.065350294113159,0.3588545024394989,0.0,18.0,8.0,64.0,0.2830946147441864,0.0,0.0,0.27647891640663147,0.1494140625,9.999999974752427e-07,281.0,64.0
282,1.7320468425750732,-1.734723475976807e-18,-2.6457433700561523,0.7905675768852234,-1.1102230246251565e-16,1.118338942527771,-0.0008339670021086931,0.6027971506118774,357148.5,244080.859375,64.0,32.5,178.93760681152344,174.16038513183594,192.0,109.0,360.24700927734375,360.2124328613281,4.223785877227783,2.2125942707061768,364.91131591796875,364.60345458984375,0.0,0.005566207226365805,0.003530044574290514,0.9997291564941406,0.9422814249992371,3.3744122163170687e-08,5.679290282500915e-08,0.05771578103303909,2.7257924557488877e-06,231.19789123535156,4005.80029296875,1.0,1.0,281.0,281.0,1.0,1.0,2048.0,1394.28125,522.4729614257812,205.0,144.0,2048.0,1394.28125,2253.0,1538.28125,0.21875,8.0,0.0,0.0,0.0,0.0,1.0,0.46875,0.0,0.4990224838256836,30.0,0.46875,0.375,1.3024007785134017e-05,2.1920001017861068e-05,22.209510803222656,0.06668742746114731,385.9637145996094,363.6864318847656,2.5776727199554443,0.43002554774284363,0.0,17.0,8.0,64.0,0.29352882504463196,0.0,0.0,0.361819326877594,0.201171875,9.999999974752427e-07,282.0,64.0,2.6457433700561523,1.734723475976807e-18,-1.2909917831420898,0.49999871850013733,1.1102230246251565e-16,2.13944935798645,-0.00259573757648468,0.6178126335144043,557513.4375,366398.6875,64.0,32.5,280.4593200683594,274.8069763183594,192.0,109.0,537.285888671875,521.4176635742188,1.7003079652786255,0.9004825949668884,538.7044067382812,522.9984130859375,0.0,-0.000638788565993309,0.022605760022997856,0.9995612502098083,0.9465468525886536,2.3507007895773313e-08,4.42766570074582e-08,0.05345100536942482,2.0873806079180213e-06,137.6984100341797,2576.161376953125,1.0,1.0,281.0,281.0,1.0,1.0,2048.0,1332.625,522.47412109375,205.0,144.0,2048.0,1332.625,2253.0,1476.625,0.234375,8.0,0.0,0.0,0.0,0.0,1.0,0.09375,0.0,0.2914806008338928,6.0,0.09375,0.75,1.4559831470251083e-05,2.7424190193414688e-05,33.04552459716797,0.06109662726521492,619.382568359375,586.274658203125,3.283874034881592,0.365829199552536,0.0,16.0,8.0,64.0,0.27947998046875,0.0,0.0,0.33104968070983887,0.0830078125,9.999999974752427e-07,282.0,64.0
283,2.6457433700561523,-5.204170427930421e-18,-2.6457433700561523,0.7905672788619995,-3.3306690738754696e-16,1.7742669582366943,-0.0008221562020480633,0.4821240305900574,396232.3125,249075.859375,64.0,32.5,197.7445526123047,192.92837524414062,352.0,137.5,380.05865478515625,379.7496643066406,4.685511112213135,2.6096348762512207,384.91107177734375,384.52423095703125,0.0,0.016316188499331474,0.0026030000299215317,0.999624490737915,0.9495625495910645,2.968758749943845e-08,5.334723240935091e-08,0.05043500289320946,2.388398570474237e-06,194.4881134033203,3856.212890625,1.0,1.0,282.0,282.0,1.0,1.0,2048.0,1290.578125,599.4190673828125,355.0,182.25,2048.0,1290.578125,2403.0,1472.828125,0.265625,8.0,0.0,0.0,0.0,0.0,1.0,0.34375,0.0,0.4749588668346405,22.0,0.34375,0.375,1.2607997632585466e-05,2.265599323436618e-05,21.34954071044922,0.06966093927621841,424.6891784667969,403.2689208984375,2.683518648147583,0.4291530251502991,0.0,16.0,8.0,64.0,0.28133392333984375,0.0,0.0,0.24824276566505432,0.166015625,9.999999974752427e-07,283.0,64.0,2.6457433700561523,-6.938893903907228e-18,-0.9999979734420776,0.6123709678649902,-4.440892098500626e-16,6.401296138763428,-0.0028975068125873804,0.5228973031044006,552326.4375,334175.28125,64.0,32.5,271.52294921875,269.44659423828125,352.0,137.5,548.9609375,543.5973510742188,1.4172379970550537,0.8529515266418457,550.5511474609375,545.2062377929688,0.0,0.014756450429558754,0.02070581167936325,0.9991750717163086,0.9427836537361145,2.3541383953329387e-08,3.9306065957589453e-08,0.0572141595184803,2.1494508928299183e-06,128.6603240966797,2248.749755859375,1.0,1.0,282.0,282.0,1.0,1.0,2048.0,1240.59375,614.0492553710938,355.0,182.25,2048.0,1240.59375,2403.0,1422.84375,0.21875,8.0,0.0,0.0,0.0,0.0,1.0,0.109375,0.0,0.3121091425418854,7.0,0.109375,0.625,1.452770084142685e-05,2.4256296455860138e-05,35.248443603515625,0.05917289853096008,617.11328125,581.8043212890625,3.2889907360076904,0.35535573959350586,0.0,17.0,8.0,64.0,0.3465791642665863,0.0,0.0,0.24559935927391052,0.130859375,9.999999974752427e-07,283.0,64.0
284,2.6457433700561523,1.734723475976807e-18,-2.6457433700561523,0.6123707890510559,1.1102230246251565e-16,1.0842846632003784,-0.0004648735048249364,0.4771963059902191,346138.59375,218321.328125,64.0,32.5,171.65811157226562,169.30474853515625,160.0,89.5,374.4965515136719,374.033203125,4.353353023529053,2.241536855697632,378.9329528808594,378.47235107421875,0.0,-0.00265794200822711,0.0023093849886208773,0.9999353885650635,0.9402180910110474,4.287128163582565e-08,5.787201118323537e-08,0.059778954833745956,2.877893621189287e-06,220.28543090820312,3684.999755859375,1.0,1.0,283.0,283.0,1.0,1.0,2048.0,1292.28125,658.7322387695312,175.0,118.375,2048.0,1292.28125,2223.0,1410.65625,0.359375,8.0,0.0,0.0,0.0,0.0,1.0,0.203125,0.0,0.4023247957229614,13.0,0.203125,0.625,1.6095989849418402e-05,2.1728003048337996e-05,22.3720645904541,0.07189884781837463,375.4492492675781,353.004150390625,2.7196550369262695,0.4183007776737213,0.0,17.0,8.0,64.0,0.35218003392219543,0.0,0.0,0.2260625660419464,0.1357421875,9.999999974752427e-07,284.0,64.0,2.6457433700561523,-1.734723475976807e-18,-0.7745950818061829,0.49999871850013733,-1.1102230246251565e-16,3.87326979637146,-0.0024614036083221436,0.5189857482910156,534254.125,331970.78125,64.0,32.5,262.7584533691406,261.1483459472656,160.0,89.5,537.8472900390625,528.6109619140625,1.738515019416809,0.9051104187965393,539.794189453125,530.2296142578125,0.0,-0.0033060323912650347,0.017697159200906754,0.9995285868644714,0.9440609812736511,2.5127864233809305e-08,4.3391665371927957e-08,0.055936817079782486,2.118589236488333e-06,137.59678649902344,2459.86083984375,1.0,1.0,283.0,283.0,1.0,1.0,2048.0,1273.15625,673.0663452148438,175.0,118.375,2048.0,1273.15625,2223.0,1391.53125,0.34375,8.0,0.0,0.0,0.0,0.0,1.0,0.0625,0.0,0.24206146597862244,4.0,0.0625,0.75,1.4880206435918808e-05,2.569565549492836e-05,33.067630767822266,0.05700548738241196,592.1795043945312,559.0535888671875,3.3279380798339844,0.3630377948284149,0.0,16.0,8.0,64.0,0.3210296630859375,0.0,0.0,0.24075564742088318,0.1103515625,9.999999974752427e-07,284.0,64.0
285,2.6457433700561523,0.0,-2.6457433700561523,0.7071048021316528,0.0,0.8135786056518555,-0.0005788475973531604,0.5883389711380005,376568.0,251900.1875,64.0,32.5,184.91732788085938,181.96571350097656,304.0,125.5,362.1661376953125,342.3647155761719,4.215913772583008,2.075307607650757,363.5203857421875,346.78076171875,0.0,0.04107866808772087,0.0036730216816067696,0.9999749660491943,0.9508845806121826,3.477343568647484e-08,1.2599419108028087e-07,0.04911261424422264,2.6364104996901006e-06,219.52471923828125,4469.8232421875,1.0,1.0,284.0,284.0,1.0,1.0,2048.0,1382.546875,477.0554504394531,313.0,164.75,2048.0,1382.546875,2361.0,1547.296875,0.1875,8.0,0.0,0.0,0.0,0.0,1.0,0.328125,0.0,0.4695306122303009,21.0,0.328125,0.5,1.4015997294336557e-05,5.078400135971606e-05,19.725107192993164,0.0705285519361496,403.06622314453125,383.2694396972656,2.7358551025390625,0.4272138178348541,0.0,15.0,8.0,64.0,0.19463704526424408,0.0,0.0,0.3273988664150238,0.1943359375,9.999999974752427e-07,285.0,64.0,2.6457433700561523,-6.938893903907228e-18,-0.9999979734420776,0.7071051597595215,-4.440892098500626e-16,2.2688827514648438,-0.0035255977418273687,0.6260336637496948,534125.5625,360722.09375,64.0,32.5,262.2892761230469,259.5712890625,304.0,125.5,670.5975952148438,631.6314086914062,1.7920830249786377,1.0363216400146484,672.250732421875,633.4266357421875,0.0,-0.014892250299453735,0.022505616769194603,0.9985764622688293,0.9410811066627502,1.4270067794086572e-08,4.050263413546418e-08,0.058916766196489334,2.064998170681065e-06,149.20030212402344,2532.39111328125,1.0,1.0,284.0,284.0,1.0,1.0,2048.0,1390.625,491.66058349609375,313.0,164.75,2048.0,1390.625,2210.0,1555.375,0.1875,8.0,0.0,0.0,0.0,0.0,1.0,0.171875,0.0,0.37727177143096924,11.0,0.171875,0.5,8.512288331985474e-06,2.4160370230674744e-05,35.084716796875,0.05993359535932541,596.5135498046875,561.3676147460938,3.839470624923706,1.0754578113555908,0.0,17.0,8.0,64.0,0.28567326068878174,0.0,0.0,0.3228473365306854,0.17578125,9.999999974752427e-07,285.0,64.0
286,2.6457433700561523,-1.5612511283791264e-17,-0.7745950818061829,0.7071050405502319,-9.992007221626409e-16,0.6760196089744568,-0.0005826425040140748,0.5314401388168335,373205.8125,280568.625,64.0,32.5,187.09156799316406,180.90988159179688,224.0,107.5,362.4413146972656,362.2699890136719,4.390408992767334,2.41898512840271,367.1050109863281,366.8126220703125,0.0,0.022368326783180237,0.0025725094601511955,0.9998482465744019,0.9351659417152405,3.2444027908695716e-08,6.016318110368957e-08,0.06483140587806702,2.5379367798450403e-06,243.93301391601562,3762.57470703125,1.0,1.0,285.0,285.0,1.0,1.0,2048.0,1548.828125,531.2591552734375,235.0,143.375,2048.0,1548.828125,2283.0,1692.203125,0.40625,8.0,0.0,0.0,0.0,0.0,1.0,0.25,0.0,0.4330126941204071,16.0,0.25,0.5,1.3184006093069911e-05,2.4448003387078643e-05,26.27419662475586,0.07079476118087769,406.361572265625,380.0155029296875,2.5931904315948486,0.41802316904067993,0.0,20.0,8.0,64.0,0.33937376737594604,0.0,0.0,0.26401829719543457,0.1689453125,9.999999974752427e-07,286.0,64.0,2.6457433700561523,-8.673617379884035e-18,-0.7745950818061829,0.7071049213409424,-5.551115123125783e-16,2.004544734954834,-0.0024065361358225346,0.5793076157569885,552983.5,404700.28125,64.0,32.5,270.1434020996094,265.06427001953125,224.0,107.5,536.6888427734375,522.6865234375,1.5065490007400513,0.8714481592178345,538.3994750976562,524.2451171875,0.0,0.01706601120531559,0.018305696547031403,0.9992932081222534,0.9369971752166748,1.8801312506866452e-08,3.899387124306486e-08,0.06300084292888641,1.9025217170565156e-06,156.87887573242188,2490.107421875,1.0,1.0,285.0,285.0,1.0,1.0,2048.0,1522.75,482.61346435546875,235.0,143.375,2048.0,1522.75,2283.0,1666.125,0.328125,8.0,0.0,0.0,0.0,0.0,1.0,0.109375,0.0,0.3121091425418854,7.0,0.109375,0.5,1.1679716408252716e-05,2.4223700165748596e-05,39.077392578125,0.05987350642681122,621.2181396484375,582.0796508789062,3.300781488418579,0.3593500852584839,0.0,19.0,8.0,64.0,0.31532689929008484,0.0,0.0,0.2722204923629761,0.1796875,9.999999974752427e-07,286.0,64.0
287,1.2909917831420898,5.204170427930421e-18,-2.6457433700561523,0.7071051001548767,3.3306690738754696e-16,0.9409952163696289,-0.0007104838150553405,0.5617052912712097,362336.40625,249902.421875,64.0,32.5,181.99143981933594,177.39889526367188,240.0,110.5,360.9114990234375,360.8363342285156,5.337347984313965,2.821857213973999,366.6214904785156,365.994140625,0.0,0.029887082055211067,0.002996262861415744,0.9997933506965637,0.9463881254196167,3.4192485287576346e-08,6.658103046675024e-08,0.05360892787575722,2.8213096356921596e-06,231.75753784179688,4323.11474609375,1.0,1.0,286.0,286.0,1.0,1.0,2048.0,1413.21875,476.63134765625,250.0,149.625,2048.0,1413.21875,2298.0,1562.84375,0.1875,8.0,0.0,0.0,0.0,0.0,1.0,0.4375,0.0,0.49607837200164795,28.0,0.4375,0.5,1.3344004401005805e-05,2.598400169517845e-05,20.85195541381836,0.06953448057174683,390.2613220214844,369.33868408203125,2.7714343070983887,0.4239668548107147,0.0,16.0,8.0,64.0,0.2373809814453125,0.0,0.0,0.3373778760433197,0.1865234375,9.999999974752427e-07,287.0,64.0,1.7320468425750732,-1.5612511283791264e-17,-0.9999979734420776,0.7071052193641663,-9.992007221626409e-16,3.0342230796813965,-0.002393091795966029,0.5964964628219604,528841.75,378017.09375,64.0,32.5,258.3496398925781,257.9874267578125,240.0,110.5,530.154296875,518.4610595703125,1.7675069570541382,0.9249563217163086,531.69775390625,520.0962524414062,0.0,0.011578729376196861,0.019180946052074432,0.9994388818740845,0.9339948296546936,2.546002342285192e-08,4.180600754466468e-08,0.06600286811590195,2.210439561167732e-06,157.09886169433594,2380.182373046875,1.0,1.0,286.0,286.0,1.0,1.0,2048.0,1465.484375,538.4682006835938,250.0,149.625,2048.0,1465.484375,2298.0,1615.109375,0.34375,8.0,0.0,0.0,0.0,0.0,1.0,0.171875,0.0,0.37727177143096924,11.0,0.171875,0.5,1.5200115740299225e-05,2.4958979338407516e-05,39.345096588134766,0.0598677434027195,597.0189208984375,557.6126098632812,3.1694350242614746,0.36035701632499695,0.0,19.0,8.0,64.0,0.3363037109375,0.0,0.0,0.3187936246395111,0.150390625,9.999999974752427e-07,287.0,64.0
288,2.6457433700561523,-1.734723475976807e-18,-1.7320468425750732,0.7905673980712891,-1.1102230246251565e-16,0.8483573198318481,-0.0006610692944377661,0.5733990669250488,358551.9375,300876.09375,64.0,32.5,190.10166931152344,176.65696716308594,304.0,130.0,398.1195983886719,373.4090270996094,4.422057151794434,2.2215261459350586,399.61431884765625,377.9325866699219,0.0,0.04115153104066849,0.0031361680012196302,0.9998197555541992,0.9183562994003296,3.487022937065376e-08,5.1100126796654877e-08,0.08164101839065552,2.5939580154954456e-06,275.4065246582031,3373.38427734375,1.0,1.0,287.0,287.0,1.0,1.0,2048.0,1713.875,560.19921875,315.0,171.0,2048.0,1713.875,2363.0,1884.875,0.5625,8.0,0.0,0.0,0.0,0.0,1.0,0.203125,0.0,0.4023247957229614,13.0,0.203125,0.375,1.3887998647987843e-05,2.0351988496258855e-05,32.44632339477539,0.06939006596803665,398.27667236328125,365.7598876953125,2.7198288440704346,0.4219125509262085,0.0,25.0,8.0,64.0,0.4112890660762787,0.0,0.0,0.297070175409317,0.162109375,9.999999974752427e-07,288.0,64.0,2.6457433700561523,-6.938893903907228e-18,-0.5773489475250244,0.49999865889549255,-4.440892098500626e-16,4.00497579574585,-0.0030347993597388268,0.6204038858413696,540355.25,451037.1875,64.0,32.5,268.7096862792969,264.69781494140625,304.0,130.0,534.1080322265625,526.4926147460938,1.4844369888305664,0.839392900466919,535.613037109375,527.9985961914062,0.0,0.01625559851527214,0.018965627998113632,0.9989274144172668,0.9164125323295593,2.3977246854656187e-08,4.258620833752502e-08,0.08358531445264816,2.0649595171562396e-06,174.622802734375,2089.156494140625,1.0,1.0,287.0,287.0,1.0,1.0,2048.0,1707.859375,542.1505126953125,315.0,171.0,2048.0,1707.859375,2363.0,1878.859375,0.609375,8.0,0.0,0.0,0.0,0.0,1.0,0.046875,0.0,0.21137107908725739,3.0,0.046875,0.75,1.5008263289928436e-05,2.6656314730644226e-05,52.25899887084961,0.06020601466298103,625.937744140625,573.6171875,3.22880482673645,0.3631367087364197,0.0,25.0,8.0,64.0,0.41316893696784973,0.0,0.0,0.3015713095664978,0.09716796875,9.999999974752427e-07,288.0,64.0
289,2.6457433700561523,5.204170427930421e-18,-2.6457433700561523,0.7905672788619995,3.3306690738754696e-16,3.5707523822784424,-0.0006753784255124629,0.5505737066268921,353518.28125,218683.6875,64.0,32.5,173.42372131347656,169.8254852294922,176.0,107.5,343.5423889160156,343.35028076171875,3.995914936065674,2.009822130203247,347.9428405761719,347.5755310058594,0.0,0.019992180168628693,0.0033374750055372715,0.9998905658721924,0.9472987055778503,4.4921364406036446e-08,6.763445270507873e-08,0.052698515355587006,2.690130486371345e-06,215.8213653564453,4095.397705078125,1.0,1.0,288.0,288.0,1.0,1.0,2048.0,1282.78125,530.3526000976562,192.0,142.0,2048.0,1282.78125,2240.0,1424.78125,0.234375,8.0,0.0,0.0,0.0,0.0,1.0,0.375,0.0,0.4841229319572449,24.0,0.375,0.375,1.708799391053617e-05,2.572800440248102e-05,19.973073959350586,0.07332981377840042,380.3979187011719,360.3504333496094,2.728740930557251,0.41901588439941406,0.0,15.0,8.0,64.0,0.2584472596645355,0.0,0.0,0.30564019083976746,0.205078125,9.999999974752427e-07,289.0,64.0,2.6457433700561523,-1.214306433183765e-17,-1.2909917831420898,0.8660231232643127,-7.771561172376096e-16,5.659820556640625,-0.0033090985380113125,0.5990839004516602,558108.6875,373902.46875,64.0,32.5,289.8558654785156,279.655029296875,176.0,107.5,550.4588012695312,534.337158203125,2.6558210849761963,1.0316851139068604,552.68310546875,536.16748046875,0.0,-0.001798730343580246,0.02064729668200016,0.9989455342292786,0.9404355883598328,2.1059166854797695e-08,4.0989473149011246e-08,0.05956241115927696,1.948941417140304e-06,138.4267120361328,2324.0615234375,1.0,1.0,288.0,288.0,1.0,1.0,2048.0,1350.8125,574.085693359375,192.0,142.0,2048.0,1350.8125,2240.0,1492.8125,0.28125,8.0,0.0,0.0,0.0,0.0,1.0,0.1875,0.0,0.3903123736381531,12.0,0.1875,0.25,1.3152137398719788e-05,2.5599263608455658e-05,37.13837814331055,0.06029273569583893,624.5326538085938,587.332763671875,3.2551229000091553,0.3537481427192688,0.0,18.0,8.0,64.0,0.3525119423866272,0.0,0.0,0.31404799222946167,0.2392578125,9.999999974752427e-07,289.0,64.0
290,2.6457433700561523,-3.469446951953614e-18,-1.7320468425750732,0.8660233616828918,-2.220446049250313e-16,0.9903292655944824,-0.0006701265228912234,0.5255529284477234,360987.625,274011.0625,64.0,32.5,176.34959411621094,171.06898498535156,224.0,116.5,357.5057067871094,349.0351867675781,4.34804105758667,2.2575225830078125,358.8855285644531,353.51116943359375,0.0,0.03804492950439453,0.0030869338661432266,0.9997820854187012,0.9357836246490479,3.525956060457247e-08,6.351606884891225e-08,0.06421367079019547,2.596076910776901e-06,259.6702880859375,4043.84765625,1.0,1.0,289.0,289.0,1.0,1.0,2048.0,1594.421875,384.4574890136719,240.0,157.5,2048.0,1594.421875,2257.0,1751.921875,0.296875,8.0,0.0,0.0,0.0,0.0,1.0,0.328125,0.0,0.4695306122303009,21.0,0.328125,0.25,1.3855998986400664e-05,2.4959997972473502e-05,25.167205810546875,0.06693011522293091,392.9714050292969,367.7362060546875,2.70516037940979,0.4406285881996155,0.0,19.0,8.0,64.0,0.28004857897758484,0.0,0.0,0.2637094557285309,0.203125,9.999999974752427e-07,290.0,64.0,2.6457433700561523,-1.734723475976807e-18,-0.7745950818061829,0.49999871850013733,-1.1102230246251565e-16,1.857825756072998,-0.002622638363391161,0.5404067039489746,555324.4375,418078.21875,64.0,32.5,273.620361328125,267.60162353515625,224.0,116.5,541.4971923828125,515.677490234375,1.7906759977340698,0.9623880982398987,542.8598022460938,517.338623046875,0.0,-0.003922910429537296,0.018709516152739525,0.9990928769111633,0.930956244468689,2.728400083640281e-08,4.171825551679831e-08,0.06904155015945435,2.1182577256695367e-06,158.70013427734375,2298.617919921875,1.0,1.0,289.0,289.0,1.0,1.0,2048.0,1555.859375,466.7610778808594,240.0,157.5,2048.0,1555.859375,2288.0,1713.359375,0.328125,8.0,0.0,0.0,0.0,0.0,1.0,0.0625,0.0,0.24206146597862244,4.0,0.0625,0.75,1.711910590529442e-05,2.617575228214264e-05,43.25947570800781,0.06003561615943909,627.441162109375,584.1203002929688,3.229160785675049,0.3676784634590149,0.0,21.0,8.0,64.0,0.3629615306854248,0.0,0.0,0.24917694926261902,0.15625,9.999999974752427e-07,290.0,64.0
291,1.7320468425750732,-3.469446951953614e-18,-1.7320468425750732,0.7071052193641663,-2.220446049250313e-16,0.910240888595581,-0.0007064082310535014,0.5485926270484924,364630.75,239258.515625,64.0,32.5,189.9229736328125,181.2359161376953,240.0,133.0,346.84393310546875,344.00836181640625,4.374664783477783,2.142233371734619,348.7966003417969,348.5847473144531,0.0,0.03038126789033413,0.003045791992917657,0.9997903108596802,0.9409170150756836,3.4039988605627514e-08,6.321710088741384e-08,0.05908014997839928,2.7213166049477877e-06,217.03526306152344,3673.573486328125,1.0,1.0,290.0,290.0,1.0,1.0,2048.0,1338.9375,703.658447265625,252.0,178.875,2048.0,1338.9375,2300.0,1517.8125,0.34375,8.0,0.0,0.0,0.0,0.0,1.0,0.21875,0.0,0.4133986532688141,14.0,0.21875,0.5,1.344000338576734e-05,2.4959997972473502e-05,23.255943298339844,0.0706624761223793,394.829833984375,371.5021057128906,2.988107919692993,0.4344770312309265,0.0,18.0,8.0,64.0,0.3416612446308136,0.0,0.0,0.27940070629119873,0.1572265625,9.999999974752427e-07,291.0,64.0,2.6457433700561523,-6.938893903907228e-18,-0.9999979734420776,0.6123709678649902,-4.440892098500626e-16,2.8883697986602783,-0.002929836278781295,0.5862432718276978,539183.8125,360116.6875,64.0,32.5,271.9070129394531,266.1180419921875,240.0,133.0,544.569580078125,526.799072265625,1.5631250143051147,0.8439265489578247,545.4351806640625,528.3250122070312,0.0,0.030028939247131348,0.020435545593500137,0.9991958737373352,0.9341504573822021,2.2684080391854877e-08,4.4210139549250016e-08,0.0658472329378128,2.244928964501014e-06,143.42233276367188,2178.107177734375,1.0,1.0,290.0,290.0,1.0,1.0,2048.0,1362.515625,697.8903198242188,252.0,178.875,2048.0,1362.515625,2300.0,1541.390625,0.359375,8.0,0.0,0.0,0.0,0.0,1.0,0.109375,0.0,0.3121091425418854,7.0,0.109375,0.625,1.3791956007480621e-05,2.687983214855194e-05,39.975242614746094,0.059976864606142044,608.0015258789062,567.9649047851562,3.2583518028259277,0.36662742495536804,0.0,19.0,8.0,64.0,0.3666156828403473,0.0,0.0,0.27430349588394165,0.142578125,9.999999974752427e-07,291.0,64.0
292,2.6457433700561523,-1.3877787807814457e-17,-0.5773489475250244,0.6123708486557007,-8.881784197001252e-16,0.9444591999053955,-0.0009687297861091793,0.5412542223930359,357544.9375,283397.40625,64.0,32.5,178.6189727783203,174.45697021484375,368.0,145.0,354.6055603027344,342.8122253417969,5.602242946624756,2.9600131511688232,356.19403076171875,348.2011413574219,0.0,-0.00914314016699791,0.0031167929992079735,0.9994973540306091,0.92757248878479,2.99778868395606e-08,6.068888325216903e-08,0.07242480665445328,2.624753960844828e-06,264.63055419921875,3653.866455078125,1.0,1.0,291.0,291.0,1.0,1.0,2048.0,1624.265625,516.2015380859375,379.0,192.375,2048.0,1624.265625,2272.0,1816.640625,0.515625,8.0,0.0,0.0,0.0,0.0,1.0,0.078125,0.0,0.2683681845664978,5.0,0.078125,0.625,1.177600643131882e-05,2.383999526500702e-05,28.380605697631836,0.06953147798776627,392.8230895996094,364.37188720703125,2.7666943073272705,0.4285055100917816,0.0,22.0,8.0,64.0,0.3552412688732147,0.0,0.0,0.2868533432483673,0.130859375,9.999999974752427e-07,292.0,64.0,2.6457433700561523,0.0,-0.3779633343219757,0.35355231165885925,0.0,2.8009538650512695,-0.0031422132160514593,0.5905970335006714,561061.3125,430156.4375,64.0,32.5,277.8332214355469,274.469970703125,368.0,145.0,537.0883178710938,526.6325073242188,1.4555100202560425,0.9002079367637634,538.7825927734375,528.2539672851562,0.0,-0.003920199349522591,0.020189054310321808,0.9987475872039795,0.9284892678260803,2.1491301183118594e-08,4.1522163485296915e-08,0.07150868326425552,1.996631453948794e-06,158.0717010498047,2210.5244140625,1.0,1.0,291.0,291.0,1.0,1.0,2048.0,1570.3125,530.729248046875,379.0,192.375,2048.0,1570.3125,2427.0,1762.6875,0.5,8.0,0.0,0.0,0.0,0.0,1.0,0.015625,0.0,0.12401959300041199,1.0,0.015625,0.875,1.3663899153470993e-05,2.6399269700050354e-05,45.40418243408203,0.06013990193605423,635.7874755859375,590.3218383789062,3.1766388416290283,0.354506254196167,0.0,22.0,8.0,64.0,0.3744007349014282,0.0,0.0,0.29312431812286377,0.09375,9.999999974752427e-07,292.0,64.0
293,2.6457433700561523,-1.734723475976807e-18,-0.9999979734420776,0.7071049809455872,-1.1102230246251565e-16,1.3881516456604004,-0.0008361063082702458,0.528645396232605,329049.9375,262638.875,64.0,32.5,164.81671142578125,161.8155517578125,192.0,113.5,345.4277648925781,327.7853698730469,4.261577129364014,2.2965006828308105,346.8205871582031,332.177734375,0.0,0.0025709373876452446,0.00300519447773695,0.9996276497840881,0.9285021424293518,3.4234780343922466e-08,6.298493815393158e-08,0.07149489223957062,2.8409340302459896e-06,287.9243469238281,4027.201904296875,1.0,1.0,292.0,292.0,1.0,1.0,2048.0,1627.390625,430.8499755859375,197.0,146.0,2048.0,1627.390625,2245.0,1773.390625,0.40625,8.0,0.0,0.0,0.0,0.0,1.0,0.265625,0.0,0.4416654407978058,17.0,0.265625,0.5,1.2384000001475215e-05,2.2784006432630122e-05,25.792448043823242,0.06992568075656891,361.73736572265625,335.8739318847656,2.7294199466705322,0.4226285517215729,0.0,20.0,8.0,64.0,0.30765992403030396,0.0,0.0,0.2633664309978485,0.1640625,9.999999974752427e-07,293.0,64.0,1.2909917831420898,-1.734723475976807e-18,-0.7745950818061829,0.3535526692867279,-1.1102230246251565e-16,4.215576171875,-0.00321024376899004,0.5634250640869141,541134.375,409748.5625,64.0,32.5,264.7686462402344,264.0350646972656,192.0,113.5,541.9603271484375,535.656494140625,1.412086009979248,0.8514975905418396,543.56787109375,537.2078857421875,0.0,0.004169921390712261,0.0198118444532156,0.9987555742263794,0.9305204153060913,1.8868687945428064e-08,4.749026061290351e-08,0.06947744637727737,2.0860491076746257e-06,164.61331176757812,2369.305908203125,1.0,1.0,292.0,292.0,1.0,1.0,2048.0,1552.890625,483.3484191894531,197.0,146.0,2048.0,1552.890625,2244.0,1698.890625,0.359375,8.0,0.0,0.0,0.0,0.0,1.0,0.046875,0.0,0.21137107908725739,3.0,0.046875,0.875,1.1391937732696533e-05,2.867216244339943e-05,41.88672637939453,0.06015830487012863,603.7482299804688,561.800048828125,3.2872326374053955,0.3581009805202484,0.0,20.0,8.0,64.0,0.336761474609375,0.0,0.0,0.2620534300804138,0.09716796875,9.999999974752427e-07,293.0,64.0
294,2.6457433700561523,-5.204170427930421e-18,-1.2909917831420898,0.7071049213409424,-3.3306690738754696e-16,1.219470500946045,-0.00039684073999524117,0.4729906916618347,357968.25,247881.296875,64.0,32.5,174.9293670654297,169.3849334716797,208.0,119.5,398.5954284667969,397.4777526855469,4.139594078063965,2.1592886447906494,403.1560363769531,401.7447204589844,0.0,-0.00237145833671093,0.002686958760023117,1.0000057220458984,0.9421855807304382,3.5067774462049783e-08,5.71853107089737e-08,0.05781163275241852,2.6978441383107565e-06,239.92767333984375,4150.16259765625,1.0,1.0,293.0,293.0,1.0,1.0,2048.0,1453.78125,560.3265991210938,220.0,158.875,2048.0,1453.78125,2268.0,1612.65625,0.296875,8.0,0.0,0.0,0.0,0.0,1.0,0.140625,0.0,0.34763431549072266,9.0,0.140625,0.5,1.3598997611552477e-05,2.2175998310558498e-05,22.347612380981445,0.07126767933368683,387.7918701171875,365.37188720703125,2.908021926879883,0.4205983579158783,0.0,17.0,8.0,64.0,0.25934913754463196,0.0,0.0,0.23189088702201843,0.134765625,9.999999974752427e-07,294.0,64.0,1.2909917831420898,-1.734723475976807e-18,-0.7745950818061829,0.3535526692867279,-1.1102230246251565e-16,4.374574661254883,-0.001823599450290203,0.5401480793952942,537197.125,370678.65625,64.0,32.5,269.8104553222656,264.4765930175781,208.0,119.5,544.2337036132812,526.0390014648438,1.3761500120162964,0.8222113251686096,545.8486328125,527.5692138671875,0.0,0.0034764204174280167,0.017482323572039604,0.9997361898422241,0.9417015910148621,2.9499412690370264e-08,4.904248029902192e-08,0.05829612910747528,2.175308509322349e-06,149.4379425048828,2563.427978515625,1.0,1.0,293.0,293.0,1.0,1.0,2048.0,1403.203125,547.5621948242188,220.0,158.875,2048.0,1403.203125,2268.0,1562.078125,0.25,8.0,0.0,0.0,0.0,0.0,1.0,0.046875,0.0,0.21137107908725739,3.0,0.046875,0.875,1.7727725207805634e-05,2.9472168534994125e-05,34.973480224609375,0.05968461185693741,600.9518432617188,565.9172973632812,3.242863655090332,0.3578326404094696,0.0,17.0,8.0,64.0,0.2825927734375,0.0,0.0,0.24760395288467407,0.059326171875,9.999999974752427e-07,294.0,64.0
295,2.6457433700561523,-1.734723475976807e-18,-0.7745950818061829,0.49999871850013733,-1.1102230246251565e-16,1.1152682304382324,-0.0007896992028690875,0.5360444784164429,364386.4375,272859.6875,64.0,32.5,180.61105346679688,176.64393615722656,400.0,149.5,363.7449951171875,363.6396484375,4.619016170501709,2.42350435256958,368.6556701660156,368.40380859375,0.0,-0.0015618214383721352,0.003095472464337945,0.9996694326400757,0.9315390586853027,2.5371475587121495e-08,5.7324211155673765e-08,0.06845840066671371,2.4719386146898614e-06,247.21896362304688,3611.229248046875,1.0,1.0,294.0,294.0,1.0,1.0,2048.0,1539.546875,553.1433715820312,412.0,196.0,2048.0,1539.546875,2305.0,1735.546875,0.390625,8.0,0.0,0.0,0.0,0.0,1.0,0.0625,0.0,0.24206146597862244,4.0,0.0625,0.75,1.011199492495507e-05,2.2847001673653722e-05,27.217838287353516,0.06677757203578949,398.5576171875,371.27197265625,2.7295427322387695,0.4236951172351837,0.0,21.0,8.0,64.0,0.354707270860672,0.0,0.0,0.2652224898338318,0.099609375,9.999999974752427e-07,295.0,64.0,1.7320468425750732,-6.938893903907228e-18,-0.5773489475250244,0.35355257987976074,-4.440892098500626e-16,2.074554920196533,-0.0022717139218002558,0.5582199692726135,541295.1875,402247.96875,64.0,32.5,266.3852233886719,264.31646728515625,400.0,149.5,539.8731079101562,528.2024536132812,1.9215229749679565,0.973570704460144,541.23974609375,529.8950805664062,0.0,-0.0017491308972239494,0.019391262903809547,0.9995408058166504,0.932540237903595,2.3654148861851354e-08,3.9302243237671064e-08,0.06745762377977371,2.078374336633715e-06,159.31167602539062,2361.655517578125,1.0,1.0,294.0,294.0,1.0,1.0,2048.0,1522.109375,583.4953002929688,412.0,196.0,2048.0,1522.109375,2305.0,1718.109375,0.4375,8.0,0.0,0.0,0.0,0.0,1.0,0.03125,0.0,0.17399263381958008,2.0,0.03125,0.875,1.4463905245065689e-05,2.4032313376665115e-05,41.1884651184082,0.06013952195644379,611.474365234375,570.2244262695312,3.209138870239258,0.3588189482688904,0.0,20.0,8.0,64.0,0.329254150390625,0.0,0.0,0.2478661984205246,0.05322265625,9.999999974752427e-07,295.0,64.0
296,0.5773489475250244,6.938893903907228e-18,-1.7320468425750732,0.35355257987976074,4.440892098500626e-16,0.6818723678588867,-0.0006902047898620367,0.5478816032409668,353309.4375,325726.1875,64.0,32.5,174.01524353027344,172.0206756591797,208.0,118.0,368.5650634765625,358.81201171875,4.516327857971191,2.2233355045318604,369.9028625488281,363.4572448730469,0.0,0.0072815315797924995,0.002139452612027526,0.999747633934021,0.9095070958137512,4.021066857262667e-08,5.6682473825730995e-08,0.0904901847243309,2.619892029542825e-06,305.46319580078125,3375.64990234375,1.0,1.0,295.0,295.0,1.0,1.0,2048.0,1891.546875,328.2204284667969,212.0,154.75,2048.0,1891.546875,2260.0,2046.296875,0.734375,8.0,0.0,0.0,0.0,0.0,1.0,0.09375,0.0,0.2914806008338928,6.0,0.09375,0.875,1.5936006093397737e-05,2.2463995264843106e-05,35.79243469238281,0.06999421864748001,396.3128967285156,360.44940185546875,2.8221538066864014,0.42063966393470764,0.0,27.0,8.0,64.0,0.4081895649433136,0.0,0.0,0.3059404194355011,0.053466796875,9.999999974752427e-07,296.0,64.0,0.9999979734420776,0.0,-0.9999979734420776,0.3535526692867279,0.0,2.079925298690796,-0.0024794621858745813,0.5860031843185425,576599.75,526564.6875,64.0,32.5,282.2264404296875,280.1728515625,208.0,118.0,679.6709594726562,575.807861328125,1.494549036026001,0.8919651508331299,681.315673828125,577.4910278320312,0.0,-0.0006107650697231293,0.017250562086701393,0.9991217255592346,0.914921760559082,2.2561698287404397e-08,3.662022862727099e-08,0.08507627248764038,1.9072002714892733e-06,181.4265899658203,2132.516845703125,1.0,1.0,295.0,295.0,1.0,1.0,2048.0,1877.65625,312.8699035644531,212.0,154.75,2048.0,1877.65625,2260.0,2032.40625,0.703125,8.0,0.0,0.0,0.0,0.0,1.0,0.0625,0.0,0.24206146597862244,4.0,0.0625,0.875,1.4944002032279968e-05,2.425583079457283e-05,56.290916442871094,0.06033721938729286,662.361572265625,606.009033203125,3.093959331512451,0.3547684848308563,0.0,27.0,8.0,64.0,0.41220882534980774,0.0,0.0,0.3015308976173401,0.052001953125,9.999999974752427e-07,296.0,64.0
297,2.6457433700561523,-2.0816681711721685e-17,-2.6457433700561523,0.7905673384666443,-1.3322676295501878e-15,0.8482756614685059,-0.000806625874247402,0.5155056118965149,362634.15625,245599.1875,64.0,32.5,183.7684783935547,179.1962127685547,208.0,100.0,345.98760986328125,334.53271484375,4.011882781982422,2.1348400115966797,347.31268310546875,338.66497802734375,0.0,-0.006037921644747257,0.0036383832339197397,0.9996904730796814,0.9456927180290222,3.357806832582355e-08,6.445840483593201e-08,0.05430470034480095,2.491830628059688e-06,225.8143310546875,4158.283203125,1.0,1.0,296.0,296.0,1.0,1.0,2048.0,1378.53125,520.18212890625,217.0,134.25,2048.0,1378.53125,2265.0,1512.78125,0.28125,8.0,0.0,0.0,0.0,0.0,1.0,0.46875,0.0,0.4990224838256836,30.0,0.46875,0.375,1.3119002687744796e-05,2.5183995603583753e-05,21.144943237304688,0.07198421657085419,390.7015075683594,369.48358154296875,3.017618417739868,0.43068692088127136,0.0,16.0,8.0,64.0,0.2618255615234375,0.0,0.0,0.24770061671733856,0.2099609375,9.999999974752427e-07,297.0,64.0,2.6457433700561523,6.938893903907228e-18,-1.7320468425750732,0.7905673384666443,4.440892098500626e-16,3.0800881385803223,-0.0033851121552288532,0.5625187754631042,546355.0,376434.4375,64.0,32.5,276.5413513183594,270.0078125,208.0,100.0,556.6528930664062,539.8560180664062,1.362326979637146,0.8209697008132935,558.093994140625,541.350830078125,0.0,0.017716998234391212,0.02066313661634922,0.9989150762557983,0.9425549507141113,2.0019445656771495e-08,3.8938434698820856e-08,0.05744289234280586,2.073923269563238e-06,146.94320678710938,2558.07470703125,1.0,1.0,296.0,296.0,1.0,1.0,2048.0,1401.953125,569.0867309570312,217.0,134.25,2048.0,1401.953125,2265.0,1536.203125,0.328125,8.0,0.0,0.0,0.0,0.0,1.0,0.25,0.0,0.4330126941204071,16.0,0.25,0.375,1.2224074453115463e-05,2.377619966864586e-05,35.01524353027344,0.05996505916118622,610.6100463867188,575.5335083007812,3.205022096633911,0.3638856112957001,0.0,17.0,8.0,64.0,0.29448387026786804,0.0,0.0,0.23886314034461975,0.1630859375,9.999999974752427e-07,297.0,64.0
298,1.7320468425750732,-1.214306433183765e-17,-0.7745950818061829,0.707105278968811,-7.771561172376096e-16,0.9086889028549194,-0.0006704916595481336,0.5601608157157898,388661.0625,287719.375,64.0,32.5,199.86734008789062,191.60983276367188,240.0,128.5,368.40936279296875,368.2218017578125,4.394761085510254,2.2837836742401123,373.2595520019531,372.758056640625,0.0,0.021316545084118843,0.003295917296782136,0.9998660087585449,0.9419194459915161,3.338633192129237e-08,5.6937341952334464e-08,0.058078035712242126,2.4485457288392354e-06,229.8240509033203,3957.15966796875,1.0,1.0,297.0,297.0,1.0,1.0,2048.0,1507.546875,495.890625,247.0,171.625,2048.0,1507.546875,2295.0,1679.171875,0.34375,8.0,0.0,0.0,0.0,0.0,1.0,0.296875,0.0,0.45688098669052124,19.0,0.296875,0.5,1.4015997294336557e-05,2.3903005057945848e-05,24.31512451171875,0.06675709038972855,419.81243896484375,395.42950439453125,2.6370794773101807,0.4264652729034424,0.0,19.0,8.0,64.0,0.3099622130393982,0.0,0.0,0.32743510603904724,0.1640625,9.999999974752427e-07,298.0,64.0,2.6457433700561523,-6.938893903907228e-18,-0.5773489475250244,0.49999865889549255,-4.440892098500626e-16,6.586584091186523,-0.0025000672321766615,0.6128522157669067,561117.25,408420.09375,64.0,32.5,274.11688232421875,270.9070739746094,240.0,128.5,546.2491455078125,538.1723022460938,1.5409810543060303,0.8133414387702942,547.7900390625,539.685546875,0.0,-0.010462643578648567,0.02538435161113739,0.9998564720153809,0.9396215081214905,1.7217372416666876e-08,4.612304849160864e-08,0.06037638336420059,2.071496737698908e-06,154.06671142578125,2551.77099609375,1.0,1.0,297.0,297.0,1.0,1.0,2048.0,1503.140625,465.3489990234375,247.0,171.625,2048.0,1503.140625,2295.0,1674.765625,0.265625,8.0,0.0,0.0,0.0,0.0,1.0,0.046875,0.0,0.21137107908725739,3.0,0.046875,0.75,1.0750722140073776e-05,2.879975363612175e-05,37.64016342163086,0.059533607214689255,624.4113159179688,586.7102661132812,3.1449618339538574,0.354574978351593,0.0,18.0,8.0,64.0,0.2735392153263092,0.0,0.0,0.34438684582710266,0.1357421875,9.999999974752427e-07,298.0,64.0
299,1.2909917831420898,1.3877787807814457e-17,-2.6457433700561523,0.8660234212875366,8.881784197001252e-16,1.0442124605178833,-0.0005452331388369203,0.5356574058532715,357070.34375,248753.046875,64.0,32.5,181.04434204101562,176.08120727539062,160.0,109.0,371.9686279296875,345.71966552734375,4.2147932052612305,2.257908344268799,373.463623046875,350.0433349609375,0.0,0.11906640976667404,0.0029751372057944536,0.9999416470527649,0.9449091553688049,4.146302146068592e-08,5.584147899639902e-08,0.05508791655302048,2.816818096107454e-06,234.79176330566406,4262.12841796875,1.0,1.0,298.0,298.0,1.0,1.0,2048.0,1412.75,474.15625,165.0,142.0,2048.0,1412.75,2213.0,1554.75,0.265625,8.0,0.0,0.0,0.0,0.0,1.0,0.484375,0.0,0.4997557997703552,31.0,0.484375,0.25,1.5967001672834158e-05,2.1504005417227745e-05,21.14671516418457,0.06709970533847809,385.0901794433594,363.875244140625,2.7168374061584473,0.41841235756874084,0.0,16.0,8.0,64.0,0.2413330078125,0.0,0.0,0.27903449535369873,0.2109375,9.999999974752427e-07,299.0,64.0,2.6457433700561523,-1.5612511283791264e-17,-0.7745950818061829,0.8660231232643127,-9.992007221626409e-16,5.102172374725342,-0.003528962144628167,0.5846620798110962,538744.25,374877.125,64.0,32.5,263.67120361328125,262.8931884765625,160.0,109.0,573.2423706054688,548.524169921875,1.1949039697647095,0.8064008951187134,574.8255004882812,550.057861328125,0.0,0.015680763870477676,0.02014981023967266,0.9985678791999817,0.941838800907135,2.9119876288064006e-08,4.5509501944707154e-08,0.05815894156694412,2.1780913357360987e-06,151.3610076904297,2602.54052734375,1.0,1.0,298.0,298.0,1.0,1.0,2048.0,1426.8125,474.6026306152344,165.0,142.0,2048.0,1426.8125,2213.0,1568.8125,0.28125,8.0,0.0,0.0,0.0,0.0,1.0,0.15625,0.0,0.36309218406677246,10.0,0.15625,0.25,1.756800338625908e-05,2.7455855160951614e-05,35.02706527709961,0.06018838658928871,603.2993774414062,568.2107543945312,3.1900289058685303,0.35697051882743835,0.0,17.0,8.0,64.0,0.2794979214668274,0.0,0.0,0.2785378098487854,0.1904296875,9.999999974752427e-07,299.0,64.0
300,2.6457433700561523,3.469446951953614e-18,-1.2909917831420898,0.6123709678649902,2.220446049250313e-16,0.6201136112213135,-0.00064587447559461,0.5509437322616577,355006.84375,243610.609375,64.0,32.5,173.58877563476562,166.4059600830078,208.0,110.5,347.3011779785156,317.3284912109375,4.235593795776367,2.2662723064422607,348.77752685546875,321.71917724609375,0.0,0.01617952063679695,0.003223803825676441,0.9998051524162292,0.9325150847434998,2.3602437337899573e-08,5.735553543217975e-08,0.06748219579458237,2.6663931294024223e-06,236.79017639160156,3508.92822265625,1.0,1.0,299.0,299.0,1.0,1.0,2048.0,1434.640625,682.3259887695312,219.0,147.875,2048.0,1434.640625,2267.0,1582.515625,0.515625,8.0,0.0,0.0,0.0,0.0,1.0,0.171875,0.0,0.37727177143096924,11.0,0.171875,0.625,9.152005077339709e-06,2.2239997633732855e-05,26.094860076904297,0.07181905955076218,387.75677490234375,361.58905029296875,2.628045082092285,0.41877859830856323,0.0,20.0,8.0,64.0,0.38222044706344604,0.0,0.0,0.2502233684062958,0.11279296875,9.999999974752427e-07,300.0,64.0,2.6457433700561523,-6.938893903907228e-18,-0.5773489475250244,0.49999865889549255,-4.440892098500626e-16,5.218564987182617,-0.0026458248030394316,0.5515547394752502,569150.5625,395293.125,64.0,32.5,280.9549865722656,276.2113037109375,208.0,110.5,540.084228515625,528.819580078125,1.9645940065383911,0.9432644248008728,542.0803833007812,530.54296875,0.0,0.01574285887181759,0.018727248534560204,0.9992952346801758,0.9342988729476929,2.6032617839177874e-08,4.042279755367417e-08,0.06569898873567581,2.07099765248131e-06,142.41055297851562,2167.62158203125,1.0,1.0,299.0,299.0,1.0,1.0,2048.0,1425.0625,694.7166137695312,219.0,147.875,2048.0,1425.0625,2267.0,1572.9375,0.46875,8.0,0.0,0.0,0.0,0.0,1.0,0.046875,0.0,0.21137107908725739,3.0,0.046875,0.75,1.667207106947899e-05,2.5887973606586456e-05,42.018531799316406,0.057075828313827515,640.4300537109375,598.3530883789062,3.2707934379577637,0.3606613874435425,0.0,20.0,8.0,64.0,0.3859619200229645,0.0,0.0,0.23146167397499084,0.0810546875,9.999999974752427e-07,300.0,64.0
